ISO-10303-21;
HEADER;
FILE_DESCRIPTION(('Open CASCADE Model'),'2;1');
FILE_NAME('Open CASCADE Shape Model','2025-12-20T10:23:08',('Author'),(
    'Open CASCADE'),'Open CASCADE STEP processor 7.5','Open CASCADE 7.5'
  ,'Unknown');
FILE_SCHEMA(('AUTOMOTIVE_DESIGN { 1 0 10303 214 1 1 1 1 }'));
ENDSEC;
DATA;
#1 = APPLICATION_PROTOCOL_DEFINITION('international standard',
  'automotive_design',2000,#2);
#2 = APPLICATION_CONTEXT(
  'core data for automotive mechanical design processes');
#3 = SHAPE_DEFINITION_REPRESENTATION(#4,#10);
#4 = PRODUCT_DEFINITION_SHAPE('','',#5);
#5 = PRODUCT_DEFINITION('design','',#6,#9);
#6 = PRODUCT_DEFINITION_FORMATION('','',#7);
#7 = PRODUCT('Open CASCADE STEP translator 7.5 1',
  'Open CASCADE STEP translator 7.5 1','',(#8));
#8 = PRODUCT_CONTEXT('',#2,'mechanical');
#9 = PRODUCT_DEFINITION_CONTEXT('part definition',#2,'design');
#10 = ADVANCED_BREP_SHAPE_REPRESENTATION('',(#11,#15),#2429);
#11 = AXIS2_PLACEMENT_3D('',#12,#13,#14);
#12 = CARTESIAN_POINT('',(0.,0.,0.));
#13 = DIRECTION('',(0.,0.,1.));
#14 = DIRECTION('',(1.,0.,-0.));
#15 = MANIFOLD_SOLID_BREP('',#16);
#16 = CLOSED_SHELL('',(#17,#125,#192,#337,#380,#601,#672,#739,#782,#825,
    #849,#892,#935,#959,#1026,#1119,#1162,#1226,#1634,#1641,#1665,#1689,
    #1696,#1763,#1806,#1849,#1873,#1940,#1983,#2090,#2133,#2176,#2200,
    #2224,#2291,#2334,#2377,#2401,#2408,#2415,#2422));
#17 = ADVANCED_FACE('',(#18),#31,.F.);
#18 = FACE_BOUND('',#19,.F.);
#19 = EDGE_LOOP('',(#20,#52,#77,#102));
#20 = ORIENTED_EDGE('',*,*,#21,.F.);
#21 = EDGE_CURVE('',#22,#24,#26,.T.);
#22 = VERTEX_POINT('',#23);
#23 = CARTESIAN_POINT('',(15.5,26.5,1.499999982002E-07));
#24 = VERTEX_POINT('',#25);
#25 = CARTESIAN_POINT('',(15.5,26.5,16.952386241878));
#26 = SURFACE_CURVE('',#27,(#30,#41),.PCURVE_S1.);
#27 = B_SPLINE_CURVE_WITH_KNOTS('',1,(#28,#29),.UNSPECIFIED.,.F.,.F.,(2,
    2),(7.00000015,23.952386241878),.PIECEWISE_BEZIER_KNOTS.);
#28 = CARTESIAN_POINT('',(15.5,26.5,1.499999982002E-07));
#29 = CARTESIAN_POINT('',(15.5,26.5,16.952386241878));
#30 = PCURVE('',#31,#36);
#31 = B_SPLINE_SURFACE_WITH_KNOTS('',1,1,(
    (#32,#33)
    ,(#34,#35
    )),.UNSPECIFIED.,.F.,.F.,.F.,(2,2),(2,2),(7.00000015,23.952386241878
    ),(-17.3600930577,0.),.PIECEWISE_BEZIER_KNOTS.);
#32 = CARTESIAN_POINT('',(15.5,43.860093057701,1.499999982002E-07));
#33 = CARTESIAN_POINT('',(15.5,26.5,1.499999982002E-07));
#34 = CARTESIAN_POINT('',(15.5,43.860093057701,16.952386241878));
#35 = CARTESIAN_POINT('',(15.5,26.5,16.952386241878));
#36 = DEFINITIONAL_REPRESENTATION('',(#37),#40);
#37 = B_SPLINE_CURVE_WITH_KNOTS('',1,(#38,#39),.UNSPECIFIED.,.F.,.F.,(2,
    2),(7.00000015,23.952386241878),.PIECEWISE_BEZIER_KNOTS.);
#38 = CARTESIAN_POINT('',(7.00000015,0.));
#39 = CARTESIAN_POINT('',(23.952386241878,0.));
#40 = ( GEOMETRIC_REPRESENTATION_CONTEXT(2) 
PARAMETRIC_REPRESENTATION_CONTEXT() REPRESENTATION_CONTEXT('2D SPACE',''
  ) );
#41 = PCURVE('',#42,#47);
#42 = B_SPLINE_SURFACE_WITH_KNOTS('',1,1,(
    (#43,#44)
    ,(#45,#46
    )),.UNSPECIFIED.,.F.,.F.,.F.,(2,2),(2,2),(7.00000015,23.952386241878
    ),(0.,6.),.PIECEWISE_BEZIER_KNOTS.);
#43 = CARTESIAN_POINT('',(15.5,26.5,1.499999982002E-07));
#44 = CARTESIAN_POINT('',(21.5,26.5,1.499999982002E-07));
#45 = CARTESIAN_POINT('',(15.5,26.5,16.952386241878));
#46 = CARTESIAN_POINT('',(21.5,26.5,16.952386241878));
#47 = DEFINITIONAL_REPRESENTATION('',(#48),#51);
#48 = B_SPLINE_CURVE_WITH_KNOTS('',1,(#49,#50),.UNSPECIFIED.,.F.,.F.,(2,
    2),(7.00000015,23.952386241878),.PIECEWISE_BEZIER_KNOTS.);
#49 = CARTESIAN_POINT('',(7.00000015,0.));
#50 = CARTESIAN_POINT('',(23.952386241878,0.));
#51 = ( GEOMETRIC_REPRESENTATION_CONTEXT(2) 
PARAMETRIC_REPRESENTATION_CONTEXT() REPRESENTATION_CONTEXT('2D SPACE',''
  ) );
#52 = ORIENTED_EDGE('',*,*,#53,.F.);
#53 = EDGE_CURVE('',#54,#22,#56,.T.);
#54 = VERTEX_POINT('',#55);
#55 = CARTESIAN_POINT('',(15.5,43.860093057701,1.499999982002E-07));
#56 = SURFACE_CURVE('',#57,(#60,#66),.PCURVE_S1.);
#57 = B_SPLINE_CURVE_WITH_KNOTS('',1,(#58,#59),.UNSPECIFIED.,.F.,.F.,(2,
    2),(-42.6100930577,-25.25),.PIECEWISE_BEZIER_KNOTS.);
#58 = CARTESIAN_POINT('',(15.5,43.860093057701,1.499999982002E-07));
#59 = CARTESIAN_POINT('',(15.5,26.5,1.499999982002E-07));
#60 = PCURVE('',#31,#61);
#61 = DEFINITIONAL_REPRESENTATION('',(#62),#65);
#62 = B_SPLINE_CURVE_WITH_KNOTS('',1,(#63,#64),.UNSPECIFIED.,.F.,.F.,(2,
    2),(-42.6100930577,-25.25),.PIECEWISE_BEZIER_KNOTS.);
#63 = CARTESIAN_POINT('',(7.00000015,-17.3600930577));
#64 = CARTESIAN_POINT('',(7.00000015,0.));
#65 = ( GEOMETRIC_REPRESENTATION_CONTEXT(2) 
PARAMETRIC_REPRESENTATION_CONTEXT() REPRESENTATION_CONTEXT('2D SPACE',''
  ) );
#66 = PCURVE('',#67,#72);
#67 = B_SPLINE_SURFACE_WITH_KNOTS('',1,1,(
    (#68,#69)
    ,(#70,#71
    )),.UNSPECIFIED.,.F.,.F.,.F.,(2,2),(2,2),(50.,68.731880889686),(50.,
    78.328941568503),.PIECEWISE_BEZIER_KNOTS.);
#68 = CARTESIAN_POINT('',(15.5,26.,1.499999982002E-07));
#69 = CARTESIAN_POINT('',(15.5,54.328941568503,1.499999982002E-07));
#70 = CARTESIAN_POINT('',(34.231880889686,26.,1.499999982002E-07));
#71 = CARTESIAN_POINT('',(34.231880889686,54.328941568503,
    1.499999982002E-07));
#72 = DEFINITIONAL_REPRESENTATION('',(#73),#76);
#73 = B_SPLINE_CURVE_WITH_KNOTS('',1,(#74,#75),.UNSPECIFIED.,.F.,.F.,(2,
    2),(-42.6100930577,-25.25),.PIECEWISE_BEZIER_KNOTS.);
#74 = CARTESIAN_POINT('',(50.,67.860093057701));
#75 = CARTESIAN_POINT('',(50.,50.5));
#76 = ( GEOMETRIC_REPRESENTATION_CONTEXT(2) 
PARAMETRIC_REPRESENTATION_CONTEXT() REPRESENTATION_CONTEXT('2D SPACE',''
  ) );
#77 = ORIENTED_EDGE('',*,*,#78,.T.);
#78 = EDGE_CURVE('',#54,#79,#81,.T.);
#79 = VERTEX_POINT('',#80);
#80 = CARTESIAN_POINT('',(15.5,43.860093057701,16.952386241878));
#81 = SURFACE_CURVE('',#82,(#85,#91),.PCURVE_S1.);
#82 = B_SPLINE_CURVE_WITH_KNOTS('',1,(#83,#84),.UNSPECIFIED.,.F.,.F.,(2,
    2),(7.00000015,23.952386241878),.PIECEWISE_BEZIER_KNOTS.);
#83 = CARTESIAN_POINT('',(15.5,43.860093057701,1.499999982002E-07));
#84 = CARTESIAN_POINT('',(15.5,43.860093057701,16.952386241878));
#85 = PCURVE('',#31,#86);
#86 = DEFINITIONAL_REPRESENTATION('',(#87),#90);
#87 = B_SPLINE_CURVE_WITH_KNOTS('',1,(#88,#89),.UNSPECIFIED.,.F.,.F.,(2,
    2),(7.00000015,23.952386241878),.PIECEWISE_BEZIER_KNOTS.);
#88 = CARTESIAN_POINT('',(7.00000015,-17.3600930577));
#89 = CARTESIAN_POINT('',(23.952386241878,-17.3600930577));
#90 = ( GEOMETRIC_REPRESENTATION_CONTEXT(2) 
PARAMETRIC_REPRESENTATION_CONTEXT() REPRESENTATION_CONTEXT('2D SPACE',''
  ) );
#91 = PCURVE('',#92,#97);
#92 = B_SPLINE_SURFACE_WITH_KNOTS('',1,1,(
    (#93,#94)
    ,(#95,#96
    )),.UNSPECIFIED.,.F.,.F.,.F.,(2,2),(2,2),(7.00000015,23.952386241878
    ),(0.,6.),.PIECEWISE_BEZIER_KNOTS.);
#93 = CARTESIAN_POINT('',(15.5,43.860093057701,1.499999982002E-07));
#94 = CARTESIAN_POINT('',(21.5,43.860093057701,1.499999982002E-07));
#95 = CARTESIAN_POINT('',(15.5,43.860093057701,16.952386241878));
#96 = CARTESIAN_POINT('',(21.5,43.860093057701,16.952386241878));
#97 = DEFINITIONAL_REPRESENTATION('',(#98),#101);
#98 = B_SPLINE_CURVE_WITH_KNOTS('',1,(#99,#100),.UNSPECIFIED.,.F.,.F.,(2
    ,2),(7.00000015,23.952386241878),.PIECEWISE_BEZIER_KNOTS.);
#99 = CARTESIAN_POINT('',(7.00000015,0.));
#100 = CARTESIAN_POINT('',(23.952386241878,0.));
#101 = ( GEOMETRIC_REPRESENTATION_CONTEXT(2) 
PARAMETRIC_REPRESENTATION_CONTEXT() REPRESENTATION_CONTEXT('2D SPACE',''
  ) );
#102 = ORIENTED_EDGE('',*,*,#103,.F.);
#103 = EDGE_CURVE('',#24,#79,#104,.T.);
#104 = SURFACE_CURVE('',#105,(#108,#114),.PCURVE_S1.);
#105 = B_SPLINE_CURVE_WITH_KNOTS('',1,(#106,#107),.UNSPECIFIED.,.F.,.F.,
  (2,2),(0.,17.360093057701),.PIECEWISE_BEZIER_KNOTS.);
#106 = CARTESIAN_POINT('',(15.5,26.5,16.952386241878));
#107 = CARTESIAN_POINT('',(15.5,43.860093057701,16.952386241878));
#108 = PCURVE('',#31,#109);
#109 = DEFINITIONAL_REPRESENTATION('',(#110),#113);
#110 = B_SPLINE_CURVE_WITH_KNOTS('',1,(#111,#112),.UNSPECIFIED.,.F.,.F.,
  (2,2),(0.,17.360093057701),.PIECEWISE_BEZIER_KNOTS.);
#111 = CARTESIAN_POINT('',(23.952386241878,0.));
#112 = CARTESIAN_POINT('',(23.952386241878,-17.3600930577));
#113 = ( GEOMETRIC_REPRESENTATION_CONTEXT(2) 
PARAMETRIC_REPRESENTATION_CONTEXT() REPRESENTATION_CONTEXT('2D SPACE',''
  ) );
#114 = PCURVE('',#115,#120);
#115 = B_SPLINE_SURFACE_WITH_KNOTS('',1,1,(
    (#116,#117)
    ,(#118,#119
    )),.UNSPECIFIED.,.F.,.F.,.F.,(2,2),(2,2),(0.,6.),(0.,17.360093057701
    ),.PIECEWISE_BEZIER_KNOTS.);
#116 = CARTESIAN_POINT('',(15.5,26.5,16.952386241878));
#117 = CARTESIAN_POINT('',(15.5,43.860093057701,16.952386241878));
#118 = CARTESIAN_POINT('',(21.5,26.5,16.952386241878));
#119 = CARTESIAN_POINT('',(21.5,43.860093057701,16.952386241878));
#120 = DEFINITIONAL_REPRESENTATION('',(#121),#124);
#121 = B_SPLINE_CURVE_WITH_KNOTS('',1,(#122,#123),.UNSPECIFIED.,.F.,.F.,
  (2,2),(0.,17.360093057701),.PIECEWISE_BEZIER_KNOTS.);
#122 = CARTESIAN_POINT('',(0.,0.));
#123 = CARTESIAN_POINT('',(0.,17.360093057701));
#124 = ( GEOMETRIC_REPRESENTATION_CONTEXT(2) 
PARAMETRIC_REPRESENTATION_CONTEXT() REPRESENTATION_CONTEXT('2D SPACE',''
  ) );
#125 = ADVANCED_FACE('',(#126),#42,.F.);
#126 = FACE_BOUND('',#127,.F.);
#127 = EDGE_LOOP('',(#128,#148,#149,#169));
#128 = ORIENTED_EDGE('',*,*,#129,.F.);
#129 = EDGE_CURVE('',#22,#130,#132,.T.);
#130 = VERTEX_POINT('',#131);
#131 = CARTESIAN_POINT('',(21.5,26.5,1.499999982002E-07));
#132 = SURFACE_CURVE('',#133,(#136,#142),.PCURVE_S1.);
#133 = B_SPLINE_CURVE_WITH_KNOTS('',1,(#134,#135),.UNSPECIFIED.,.F.,.F.,
  (2,2),(25.,31.),.PIECEWISE_BEZIER_KNOTS.);
#134 = CARTESIAN_POINT('',(15.5,26.5,1.499999982002E-07));
#135 = CARTESIAN_POINT('',(21.5,26.5,1.499999982002E-07));
#136 = PCURVE('',#42,#137);
#137 = DEFINITIONAL_REPRESENTATION('',(#138),#141);
#138 = B_SPLINE_CURVE_WITH_KNOTS('',1,(#139,#140),.UNSPECIFIED.,.F.,.F.,
  (2,2),(25.,31.),.PIECEWISE_BEZIER_KNOTS.);
#139 = CARTESIAN_POINT('',(7.00000015,0.));
#140 = CARTESIAN_POINT('',(7.00000015,6.));
#141 = ( GEOMETRIC_REPRESENTATION_CONTEXT(2) 
PARAMETRIC_REPRESENTATION_CONTEXT() REPRESENTATION_CONTEXT('2D SPACE',''
  ) );
#142 = PCURVE('',#67,#143);
#143 = DEFINITIONAL_REPRESENTATION('',(#144),#147);
#144 = B_SPLINE_CURVE_WITH_KNOTS('',1,(#145,#146),.UNSPECIFIED.,.F.,.F.,
  (2,2),(25.,31.),.PIECEWISE_BEZIER_KNOTS.);
#145 = CARTESIAN_POINT('',(50.,50.5));
#146 = CARTESIAN_POINT('',(56.,50.5));
#147 = ( GEOMETRIC_REPRESENTATION_CONTEXT(2) 
PARAMETRIC_REPRESENTATION_CONTEXT() REPRESENTATION_CONTEXT('2D SPACE',''
  ) );
#148 = ORIENTED_EDGE('',*,*,#21,.T.);
#149 = ORIENTED_EDGE('',*,*,#150,.T.);
#150 = EDGE_CURVE('',#24,#151,#153,.T.);
#151 = VERTEX_POINT('',#152);
#152 = CARTESIAN_POINT('',(21.5,26.5,16.952386241878));
#153 = SURFACE_CURVE('',#154,(#157,#163),.PCURVE_S1.);
#154 = B_SPLINE_CURVE_WITH_KNOTS('',1,(#155,#156),.UNSPECIFIED.,.F.,.F.,
  (2,2),(0.,6.),.PIECEWISE_BEZIER_KNOTS.);
#155 = CARTESIAN_POINT('',(15.5,26.5,16.952386241878));
#156 = CARTESIAN_POINT('',(21.5,26.5,16.952386241878));
#157 = PCURVE('',#42,#158);
#158 = DEFINITIONAL_REPRESENTATION('',(#159),#162);
#159 = B_SPLINE_CURVE_WITH_KNOTS('',1,(#160,#161),.UNSPECIFIED.,.F.,.F.,
  (2,2),(0.,6.),.PIECEWISE_BEZIER_KNOTS.);
#160 = CARTESIAN_POINT('',(23.952386241878,0.));
#161 = CARTESIAN_POINT('',(23.952386241878,6.));
#162 = ( GEOMETRIC_REPRESENTATION_CONTEXT(2) 
PARAMETRIC_REPRESENTATION_CONTEXT() REPRESENTATION_CONTEXT('2D SPACE',''
  ) );
#163 = PCURVE('',#115,#164);
#164 = DEFINITIONAL_REPRESENTATION('',(#165),#168);
#165 = B_SPLINE_CURVE_WITH_KNOTS('',1,(#166,#167),.UNSPECIFIED.,.F.,.F.,
  (2,2),(0.,6.),.PIECEWISE_BEZIER_KNOTS.);
#166 = CARTESIAN_POINT('',(0.,0.));
#167 = CARTESIAN_POINT('',(6.,0.));
#168 = ( GEOMETRIC_REPRESENTATION_CONTEXT(2) 
PARAMETRIC_REPRESENTATION_CONTEXT() REPRESENTATION_CONTEXT('2D SPACE',''
  ) );
#169 = ORIENTED_EDGE('',*,*,#170,.T.);
#170 = EDGE_CURVE('',#151,#130,#171,.T.);
#171 = SURFACE_CURVE('',#172,(#175,#181),.PCURVE_S1.);
#172 = B_SPLINE_CURVE_WITH_KNOTS('',1,(#173,#174),.UNSPECIFIED.,.F.,.F.,
  (2,2),(-25.95238624187,-9.00000015),.PIECEWISE_BEZIER_KNOTS.);
#173 = CARTESIAN_POINT('',(21.5,26.5,16.952386241878));
#174 = CARTESIAN_POINT('',(21.5,26.5,1.499999982002E-07));
#175 = PCURVE('',#42,#176);
#176 = DEFINITIONAL_REPRESENTATION('',(#177),#180);
#177 = B_SPLINE_CURVE_WITH_KNOTS('',1,(#178,#179),.UNSPECIFIED.,.F.,.F.,
  (2,2),(-25.95238624187,-9.00000015),.PIECEWISE_BEZIER_KNOTS.);
#178 = CARTESIAN_POINT('',(23.952386241878,6.));
#179 = CARTESIAN_POINT('',(7.00000015,6.));
#180 = ( GEOMETRIC_REPRESENTATION_CONTEXT(2) 
PARAMETRIC_REPRESENTATION_CONTEXT() REPRESENTATION_CONTEXT('2D SPACE',''
  ) );
#181 = PCURVE('',#182,#187);
#182 = B_SPLINE_SURFACE_WITH_KNOTS('',1,1,(
    (#183,#184)
    ,(#185,#186
    )),.UNSPECIFIED.,.F.,.F.,.F.,(2,2),(2,2),(11.00000015,
    37.414579986989),(-28.3289415685,0.),.PIECEWISE_BEZIER_KNOTS.);
#183 = CARTESIAN_POINT('',(21.5,54.328941568503,1.499999982002E-07));
#184 = CARTESIAN_POINT('',(21.5,26.,1.499999982002E-07));
#185 = CARTESIAN_POINT('',(21.5,54.328941568503,26.414579986989));
#186 = CARTESIAN_POINT('',(21.5,26.,26.414579986989));
#187 = DEFINITIONAL_REPRESENTATION('',(#188),#191);
#188 = B_SPLINE_CURVE_WITH_KNOTS('',1,(#189,#190),.UNSPECIFIED.,.F.,.F.,
  (2,2),(-25.95238624187,-9.00000015),.PIECEWISE_BEZIER_KNOTS.);
#189 = CARTESIAN_POINT('',(27.952386241878,-0.5));
#190 = CARTESIAN_POINT('',(11.00000015,-0.5));
#191 = ( GEOMETRIC_REPRESENTATION_CONTEXT(2) 
PARAMETRIC_REPRESENTATION_CONTEXT() REPRESENTATION_CONTEXT('2D SPACE',''
  ) );
#192 = ADVANCED_FACE('',(#193,#235),#115,.T.);
#193 = FACE_BOUND('',#194,.T.);
#194 = EDGE_LOOP('',(#195,#215,#216,#217));
#195 = ORIENTED_EDGE('',*,*,#196,.F.);
#196 = EDGE_CURVE('',#79,#197,#199,.T.);
#197 = VERTEX_POINT('',#198);
#198 = CARTESIAN_POINT('',(21.5,43.860093057701,16.952386241878));
#199 = SURFACE_CURVE('',#200,(#203,#209),.PCURVE_S1.);
#200 = B_SPLINE_CURVE_WITH_KNOTS('',1,(#201,#202),.UNSPECIFIED.,.F.,.F.,
  (2,2),(0.,6.),.PIECEWISE_BEZIER_KNOTS.);
#201 = CARTESIAN_POINT('',(15.5,43.860093057701,16.952386241878));
#202 = CARTESIAN_POINT('',(21.5,43.860093057701,16.952386241878));
#203 = PCURVE('',#115,#204);
#204 = DEFINITIONAL_REPRESENTATION('',(#205),#208);
#205 = B_SPLINE_CURVE_WITH_KNOTS('',1,(#206,#207),.UNSPECIFIED.,.F.,.F.,
  (2,2),(0.,6.),.PIECEWISE_BEZIER_KNOTS.);
#206 = CARTESIAN_POINT('',(0.,17.360093057701));
#207 = CARTESIAN_POINT('',(6.,17.360093057701));
#208 = ( GEOMETRIC_REPRESENTATION_CONTEXT(2) 
PARAMETRIC_REPRESENTATION_CONTEXT() REPRESENTATION_CONTEXT('2D SPACE',''
  ) );
#209 = PCURVE('',#92,#210);
#210 = DEFINITIONAL_REPRESENTATION('',(#211),#214);
#211 = B_SPLINE_CURVE_WITH_KNOTS('',1,(#212,#213),.UNSPECIFIED.,.F.,.F.,
  (2,2),(0.,6.),.PIECEWISE_BEZIER_KNOTS.);
#212 = CARTESIAN_POINT('',(23.952386241878,0.));
#213 = CARTESIAN_POINT('',(23.952386241878,6.));
#214 = ( GEOMETRIC_REPRESENTATION_CONTEXT(2) 
PARAMETRIC_REPRESENTATION_CONTEXT() REPRESENTATION_CONTEXT('2D SPACE',''
  ) );
#215 = ORIENTED_EDGE('',*,*,#103,.F.);
#216 = ORIENTED_EDGE('',*,*,#150,.T.);
#217 = ORIENTED_EDGE('',*,*,#218,.T.);
#218 = EDGE_CURVE('',#151,#197,#219,.T.);
#219 = SURFACE_CURVE('',#220,(#223,#229),.PCURVE_S1.);
#220 = B_SPLINE_CURVE_WITH_KNOTS('',1,(#221,#222),.UNSPECIFIED.,.F.,.F.,
  (2,2),(0.25,17.610093057701),.PIECEWISE_BEZIER_KNOTS.);
#221 = CARTESIAN_POINT('',(21.5,26.5,16.952386241878));
#222 = CARTESIAN_POINT('',(21.5,43.860093057701,16.952386241878));
#223 = PCURVE('',#115,#224);
#224 = DEFINITIONAL_REPRESENTATION('',(#225),#228);
#225 = B_SPLINE_CURVE_WITH_KNOTS('',1,(#226,#227),.UNSPECIFIED.,.F.,.F.,
  (2,2),(0.25,17.610093057701),.PIECEWISE_BEZIER_KNOTS.);
#226 = CARTESIAN_POINT('',(6.,0.));
#227 = CARTESIAN_POINT('',(6.,17.360093057701));
#228 = ( GEOMETRIC_REPRESENTATION_CONTEXT(2) 
PARAMETRIC_REPRESENTATION_CONTEXT() REPRESENTATION_CONTEXT('2D SPACE',''
  ) );
#229 = PCURVE('',#182,#230);
#230 = DEFINITIONAL_REPRESENTATION('',(#231),#234);
#231 = B_SPLINE_CURVE_WITH_KNOTS('',1,(#232,#233),.UNSPECIFIED.,.F.,.F.,
  (2,2),(0.25,17.610093057701),.PIECEWISE_BEZIER_KNOTS.);
#232 = CARTESIAN_POINT('',(27.952386241878,-0.5));
#233 = CARTESIAN_POINT('',(27.952386241878,-17.8600930577));
#234 = ( GEOMETRIC_REPRESENTATION_CONTEXT(2) 
PARAMETRIC_REPRESENTATION_CONTEXT() REPRESENTATION_CONTEXT('2D SPACE',''
  ) );
#235 = FACE_BOUND('',#236,.T.);
#236 = EDGE_LOOP('',(#237,#264,#289,#314));
#237 = ORIENTED_EDGE('',*,*,#238,.F.);
#238 = EDGE_CURVE('',#239,#241,#243,.T.);
#239 = VERTEX_POINT('',#240);
#240 = CARTESIAN_POINT('',(19.,33.5,16.952386241878));
#241 = VERTEX_POINT('',#242);
#242 = CARTESIAN_POINT('',(16.5,32.5,16.952386241878));
#243 = SURFACE_CURVE('',#244,(#247,#253),.PCURVE_S1.);
#244 = B_SPLINE_CURVE_WITH_KNOTS('',1,(#245,#246),.UNSPECIFIED.,.F.,.F.,
  (2,2),(-2.924701576289,-0.232119172721),.PIECEWISE_BEZIER_KNOTS.);
#245 = CARTESIAN_POINT('',(19.,33.5,16.952386241878));
#246 = CARTESIAN_POINT('',(16.5,32.5,16.952386241878));
#247 = PCURVE('',#115,#248);
#248 = DEFINITIONAL_REPRESENTATION('',(#249),#252);
#249 = B_SPLINE_CURVE_WITH_KNOTS('',1,(#250,#251),.UNSPECIFIED.,.F.,.F.,
  (2,2),(-2.924701576289,-0.232119172721),.PIECEWISE_BEZIER_KNOTS.);
#250 = CARTESIAN_POINT('',(3.5,7.));
#251 = CARTESIAN_POINT('',(1.,6.));
#252 = ( GEOMETRIC_REPRESENTATION_CONTEXT(2) 
PARAMETRIC_REPRESENTATION_CONTEXT() REPRESENTATION_CONTEXT('2D SPACE',''
  ) );
#253 = PCURVE('',#254,#259);
#254 = B_SPLINE_SURFACE_WITH_KNOTS('',1,1,(
    (#255,#256)
    ,(#257,#258
    )),.UNSPECIFIED.,.F.,.F.,.F.,(2,2),(2,2),(0.,2.692582403567),(
    -10.58574094183,-4.761375812172E-02),.PIECEWISE_BEZIER_KNOTS.);
#255 = CARTESIAN_POINT('',(19.,33.5,6.414259058161));
#256 = CARTESIAN_POINT('',(19.,33.5,16.952386241878));
#257 = CARTESIAN_POINT('',(16.5,32.5,6.414259058161));
#258 = CARTESIAN_POINT('',(16.5,32.5,16.952386241878));
#259 = DEFINITIONAL_REPRESENTATION('',(#260),#263);
#260 = B_SPLINE_CURVE_WITH_KNOTS('',1,(#261,#262),.UNSPECIFIED.,.F.,.F.,
  (2,2),(-2.924701576289,-0.232119172721),.PIECEWISE_BEZIER_KNOTS.);
#261 = CARTESIAN_POINT('',(0.,-4.761375812172E-02));
#262 = CARTESIAN_POINT('',(2.692582403567,-4.761375812172E-02));
#263 = ( GEOMETRIC_REPRESENTATION_CONTEXT(2) 
PARAMETRIC_REPRESENTATION_CONTEXT() REPRESENTATION_CONTEXT('2D SPACE',''
  ) );
#264 = ORIENTED_EDGE('',*,*,#265,.F.);
#265 = EDGE_CURVE('',#266,#239,#268,.T.);
#266 = VERTEX_POINT('',#267);
#267 = CARTESIAN_POINT('',(19.5,31.5,16.952386241878));
#268 = SURFACE_CURVE('',#269,(#272,#278),.PCURVE_S1.);
#269 = B_SPLINE_CURVE_WITH_KNOTS('',1,(#270,#271),.UNSPECIFIED.,.F.,.F.,
  (2,2),(1.940285000291,4.001837813099),.PIECEWISE_BEZIER_KNOTS.);
#270 = CARTESIAN_POINT('',(19.5,31.5,16.952386241878));
#271 = CARTESIAN_POINT('',(19.,33.5,16.952386241878));
#272 = PCURVE('',#115,#273);
#273 = DEFINITIONAL_REPRESENTATION('',(#274),#277);
#274 = B_SPLINE_CURVE_WITH_KNOTS('',1,(#275,#276),.UNSPECIFIED.,.F.,.F.,
  (2,2),(1.940285000291,4.001837813099),.PIECEWISE_BEZIER_KNOTS.);
#275 = CARTESIAN_POINT('',(4.,5.));
#276 = CARTESIAN_POINT('',(3.5,7.));
#277 = ( GEOMETRIC_REPRESENTATION_CONTEXT(2) 
PARAMETRIC_REPRESENTATION_CONTEXT() REPRESENTATION_CONTEXT('2D SPACE',''
  ) );
#278 = PCURVE('',#279,#284);
#279 = B_SPLINE_SURFACE_WITH_KNOTS('',1,1,(
    (#280,#281)
    ,(#282,#283
    )),.UNSPECIFIED.,.F.,.F.,.F.,(2,2),(2,2),(0.,2.061552812809),(
    -10.58574094183,-4.761375812172E-02),.PIECEWISE_BEZIER_KNOTS.);
#280 = CARTESIAN_POINT('',(19.5,31.5,6.414259058161));
#281 = CARTESIAN_POINT('',(19.5,31.5,16.952386241878));
#282 = CARTESIAN_POINT('',(19.,33.5,6.414259058161));
#283 = CARTESIAN_POINT('',(19.,33.5,16.952386241878));
#284 = DEFINITIONAL_REPRESENTATION('',(#285),#288);
#285 = B_SPLINE_CURVE_WITH_KNOTS('',1,(#286,#287),.UNSPECIFIED.,.F.,.F.,
  (2,2),(1.940285000291,4.001837813099),.PIECEWISE_BEZIER_KNOTS.);
#286 = CARTESIAN_POINT('',(0.,-4.761375812172E-02));
#287 = CARTESIAN_POINT('',(2.061552812809,-4.761375812172E-02));
#288 = ( GEOMETRIC_REPRESENTATION_CONTEXT(2) 
PARAMETRIC_REPRESENTATION_CONTEXT() REPRESENTATION_CONTEXT('2D SPACE',''
  ) );
#289 = ORIENTED_EDGE('',*,*,#290,.F.);
#290 = EDGE_CURVE('',#291,#266,#293,.T.);
#291 = VERTEX_POINT('',#292);
#292 = CARTESIAN_POINT('',(17.5,30.5,16.952386241878));
#293 = SURFACE_CURVE('',#294,(#297,#303),.PCURVE_S1.);
#294 = B_SPLINE_CURVE_WITH_KNOTS('',1,(#295,#296),.UNSPECIFIED.,.F.,.F.,
  (2,2),(1.788854382,4.0249223595),.PIECEWISE_BEZIER_KNOTS.);
#295 = CARTESIAN_POINT('',(17.5,30.5,16.952386241878));
#296 = CARTESIAN_POINT('',(19.5,31.5,16.952386241878));
#297 = PCURVE('',#115,#298);
#298 = DEFINITIONAL_REPRESENTATION('',(#299),#302);
#299 = B_SPLINE_CURVE_WITH_KNOTS('',1,(#300,#301),.UNSPECIFIED.,.F.,.F.,
  (2,2),(1.788854382,4.0249223595),.PIECEWISE_BEZIER_KNOTS.);
#300 = CARTESIAN_POINT('',(2.,4.));
#301 = CARTESIAN_POINT('',(4.,5.));
#302 = ( GEOMETRIC_REPRESENTATION_CONTEXT(2) 
PARAMETRIC_REPRESENTATION_CONTEXT() REPRESENTATION_CONTEXT('2D SPACE',''
  ) );
#303 = PCURVE('',#304,#309);
#304 = B_SPLINE_SURFACE_WITH_KNOTS('',1,1,(
    (#305,#306)
    ,(#307,#308
    )),.UNSPECIFIED.,.F.,.F.,.F.,(2,2),(2,2),(0.,2.2360679775),(
    -10.58574094183,-4.761375812172E-02),.PIECEWISE_BEZIER_KNOTS.);
#305 = CARTESIAN_POINT('',(17.5,30.5,6.414259058161));
#306 = CARTESIAN_POINT('',(17.5,30.5,16.952386241878));
#307 = CARTESIAN_POINT('',(19.5,31.5,6.414259058161));
#308 = CARTESIAN_POINT('',(19.5,31.5,16.952386241878));
#309 = DEFINITIONAL_REPRESENTATION('',(#310),#313);
#310 = B_SPLINE_CURVE_WITH_KNOTS('',1,(#311,#312),.UNSPECIFIED.,.F.,.F.,
  (2,2),(1.788854382,4.0249223595),.PIECEWISE_BEZIER_KNOTS.);
#311 = CARTESIAN_POINT('',(0.,-4.761375812172E-02));
#312 = CARTESIAN_POINT('',(2.2360679775,-4.761375812172E-02));
#313 = ( GEOMETRIC_REPRESENTATION_CONTEXT(2) 
PARAMETRIC_REPRESENTATION_CONTEXT() REPRESENTATION_CONTEXT('2D SPACE',''
  ) );
#314 = ORIENTED_EDGE('',*,*,#315,.F.);
#315 = EDGE_CURVE('',#241,#291,#316,.T.);
#316 = SURFACE_CURVE('',#317,(#320,#326),.PCURVE_S1.);
#317 = B_SPLINE_CURVE_WITH_KNOTS('',1,(#318,#319),.UNSPECIFIED.,.F.,.F.,
  (2,2),(-2.45967477525,-0.22360679775),.PIECEWISE_BEZIER_KNOTS.);
#318 = CARTESIAN_POINT('',(16.5,32.5,16.952386241878));
#319 = CARTESIAN_POINT('',(17.5,30.5,16.952386241878));
#320 = PCURVE('',#115,#321);
#321 = DEFINITIONAL_REPRESENTATION('',(#322),#325);
#322 = B_SPLINE_CURVE_WITH_KNOTS('',1,(#323,#324),.UNSPECIFIED.,.F.,.F.,
  (2,2),(-2.45967477525,-0.22360679775),.PIECEWISE_BEZIER_KNOTS.);
#323 = CARTESIAN_POINT('',(1.,6.));
#324 = CARTESIAN_POINT('',(2.,4.));
#325 = ( GEOMETRIC_REPRESENTATION_CONTEXT(2) 
PARAMETRIC_REPRESENTATION_CONTEXT() REPRESENTATION_CONTEXT('2D SPACE',''
  ) );
#326 = PCURVE('',#327,#332);
#327 = B_SPLINE_SURFACE_WITH_KNOTS('',1,1,(
    (#328,#329)
    ,(#330,#331
    )),.UNSPECIFIED.,.F.,.F.,.F.,(2,2),(2,2),(0.,2.2360679775),(
    -10.58574094183,-4.761375812172E-02),.PIECEWISE_BEZIER_KNOTS.);
#328 = CARTESIAN_POINT('',(16.5,32.5,6.414259058161));
#329 = CARTESIAN_POINT('',(16.5,32.5,16.952386241878));
#330 = CARTESIAN_POINT('',(17.5,30.5,6.414259058161));
#331 = CARTESIAN_POINT('',(17.5,30.5,16.952386241878));
#332 = DEFINITIONAL_REPRESENTATION('',(#333),#336);
#333 = B_SPLINE_CURVE_WITH_KNOTS('',1,(#334,#335),.UNSPECIFIED.,.F.,.F.,
  (2,2),(-2.45967477525,-0.22360679775),.PIECEWISE_BEZIER_KNOTS.);
#334 = CARTESIAN_POINT('',(0.,-4.761375812172E-02));
#335 = CARTESIAN_POINT('',(2.2360679775,-4.761375812172E-02));
#336 = ( GEOMETRIC_REPRESENTATION_CONTEXT(2) 
PARAMETRIC_REPRESENTATION_CONTEXT() REPRESENTATION_CONTEXT('2D SPACE',''
  ) );
#337 = ADVANCED_FACE('',(#338),#92,.T.);
#338 = FACE_BOUND('',#339,.T.);
#339 = EDGE_LOOP('',(#340,#360,#361,#362));
#340 = ORIENTED_EDGE('',*,*,#341,.F.);
#341 = EDGE_CURVE('',#54,#342,#344,.T.);
#342 = VERTEX_POINT('',#343);
#343 = CARTESIAN_POINT('',(21.5,43.860093057701,1.499999982002E-07));
#344 = SURFACE_CURVE('',#345,(#348,#354),.PCURVE_S1.);
#345 = B_SPLINE_CURVE_WITH_KNOTS('',1,(#346,#347),.UNSPECIFIED.,.F.,.F.,
  (2,2),(25.,31.),.PIECEWISE_BEZIER_KNOTS.);
#346 = CARTESIAN_POINT('',(15.5,43.860093057701,1.499999982002E-07));
#347 = CARTESIAN_POINT('',(21.5,43.860093057701,1.499999982002E-07));
#348 = PCURVE('',#92,#349);
#349 = DEFINITIONAL_REPRESENTATION('',(#350),#353);
#350 = B_SPLINE_CURVE_WITH_KNOTS('',1,(#351,#352),.UNSPECIFIED.,.F.,.F.,
  (2,2),(25.,31.),.PIECEWISE_BEZIER_KNOTS.);
#351 = CARTESIAN_POINT('',(7.00000015,0.));
#352 = CARTESIAN_POINT('',(7.00000015,6.));
#353 = ( GEOMETRIC_REPRESENTATION_CONTEXT(2) 
PARAMETRIC_REPRESENTATION_CONTEXT() REPRESENTATION_CONTEXT('2D SPACE',''
  ) );
#354 = PCURVE('',#67,#355);
#355 = DEFINITIONAL_REPRESENTATION('',(#356),#359);
#356 = B_SPLINE_CURVE_WITH_KNOTS('',1,(#357,#358),.UNSPECIFIED.,.F.,.F.,
  (2,2),(25.,31.),.PIECEWISE_BEZIER_KNOTS.);
#357 = CARTESIAN_POINT('',(50.,67.860093057701));
#358 = CARTESIAN_POINT('',(56.,67.860093057701));
#359 = ( GEOMETRIC_REPRESENTATION_CONTEXT(2) 
PARAMETRIC_REPRESENTATION_CONTEXT() REPRESENTATION_CONTEXT('2D SPACE',''
  ) );
#360 = ORIENTED_EDGE('',*,*,#78,.T.);
#361 = ORIENTED_EDGE('',*,*,#196,.T.);
#362 = ORIENTED_EDGE('',*,*,#363,.T.);
#363 = EDGE_CURVE('',#197,#342,#364,.T.);
#364 = SURFACE_CURVE('',#365,(#368,#374),.PCURVE_S1.);
#365 = B_SPLINE_CURVE_WITH_KNOTS('',1,(#366,#367),.UNSPECIFIED.,.F.,.F.,
  (2,2),(-25.95238624187,-9.00000015),.PIECEWISE_BEZIER_KNOTS.);
#366 = CARTESIAN_POINT('',(21.5,43.860093057701,16.952386241878));
#367 = CARTESIAN_POINT('',(21.5,43.860093057701,1.499999982002E-07));
#368 = PCURVE('',#92,#369);
#369 = DEFINITIONAL_REPRESENTATION('',(#370),#373);
#370 = B_SPLINE_CURVE_WITH_KNOTS('',1,(#371,#372),.UNSPECIFIED.,.F.,.F.,
  (2,2),(-25.95238624187,-9.00000015),.PIECEWISE_BEZIER_KNOTS.);
#371 = CARTESIAN_POINT('',(23.952386241878,6.));
#372 = CARTESIAN_POINT('',(7.00000015,6.));
#373 = ( GEOMETRIC_REPRESENTATION_CONTEXT(2) 
PARAMETRIC_REPRESENTATION_CONTEXT() REPRESENTATION_CONTEXT('2D SPACE',''
  ) );
#374 = PCURVE('',#182,#375);
#375 = DEFINITIONAL_REPRESENTATION('',(#376),#379);
#376 = B_SPLINE_CURVE_WITH_KNOTS('',1,(#377,#378),.UNSPECIFIED.,.F.,.F.,
  (2,2),(-25.95238624187,-9.00000015),.PIECEWISE_BEZIER_KNOTS.);
#377 = CARTESIAN_POINT('',(27.952386241878,-17.8600930577));
#378 = CARTESIAN_POINT('',(11.00000015,-17.8600930577));
#379 = ( GEOMETRIC_REPRESENTATION_CONTEXT(2) 
PARAMETRIC_REPRESENTATION_CONTEXT() REPRESENTATION_CONTEXT('2D SPACE',''
  ) );
#380 = ADVANCED_FACE('',(#381,#499),#67,.F.);
#381 = FACE_BOUND('',#382,.F.);
#382 = EDGE_LOOP('',(#383,#384,#385,#386,#406,#431,#456,#481));
#383 = ORIENTED_EDGE('',*,*,#341,.F.);
#384 = ORIENTED_EDGE('',*,*,#53,.T.);
#385 = ORIENTED_EDGE('',*,*,#129,.T.);
#386 = ORIENTED_EDGE('',*,*,#387,.T.);
#387 = EDGE_CURVE('',#130,#388,#390,.T.);
#388 = VERTEX_POINT('',#389);
#389 = CARTESIAN_POINT('',(21.5,26.,1.499999982002E-07));
#390 = SURFACE_CURVE('',#391,(#394,#400),.PCURVE_S1.);
#391 = B_SPLINE_CURVE_WITH_KNOTS('',1,(#392,#393),.UNSPECIFIED.,.F.,.F.,
  (2,2),(-25.5,-25.),.PIECEWISE_BEZIER_KNOTS.);
#392 = CARTESIAN_POINT('',(21.5,26.5,1.499999982002E-07));
#393 = CARTESIAN_POINT('',(21.5,26.,1.499999982002E-07));
#394 = PCURVE('',#67,#395);
#395 = DEFINITIONAL_REPRESENTATION('',(#396),#399);
#396 = B_SPLINE_CURVE_WITH_KNOTS('',1,(#397,#398),.UNSPECIFIED.,.F.,.F.,
  (2,2),(-25.5,-25.),.PIECEWISE_BEZIER_KNOTS.);
#397 = CARTESIAN_POINT('',(56.,50.5));
#398 = CARTESIAN_POINT('',(56.,50.));
#399 = ( GEOMETRIC_REPRESENTATION_CONTEXT(2) 
PARAMETRIC_REPRESENTATION_CONTEXT() REPRESENTATION_CONTEXT('2D SPACE',''
  ) );
#400 = PCURVE('',#182,#401);
#401 = DEFINITIONAL_REPRESENTATION('',(#402),#405);
#402 = B_SPLINE_CURVE_WITH_KNOTS('',1,(#403,#404),.UNSPECIFIED.,.F.,.F.,
  (2,2),(-25.5,-25.),.PIECEWISE_BEZIER_KNOTS.);
#403 = CARTESIAN_POINT('',(11.00000015,-0.5));
#404 = CARTESIAN_POINT('',(11.00000015,0.));
#405 = ( GEOMETRIC_REPRESENTATION_CONTEXT(2) 
PARAMETRIC_REPRESENTATION_CONTEXT() REPRESENTATION_CONTEXT('2D SPACE',''
  ) );
#406 = ORIENTED_EDGE('',*,*,#407,.T.);
#407 = EDGE_CURVE('',#388,#408,#410,.T.);
#408 = VERTEX_POINT('',#409);
#409 = CARTESIAN_POINT('',(34.231880889686,26.,1.499999982002E-07));
#410 = SURFACE_CURVE('',#411,(#414,#420),.PCURVE_S1.);
#411 = B_SPLINE_CURVE_WITH_KNOTS('',1,(#412,#413),.UNSPECIFIED.,.F.,.F.,
  (2,2),(28.,40.731880889686),.PIECEWISE_BEZIER_KNOTS.);
#412 = CARTESIAN_POINT('',(21.5,26.,1.499999982002E-07));
#413 = CARTESIAN_POINT('',(34.231880889686,26.,1.499999982002E-07));
#414 = PCURVE('',#67,#415);
#415 = DEFINITIONAL_REPRESENTATION('',(#416),#419);
#416 = B_SPLINE_CURVE_WITH_KNOTS('',1,(#417,#418),.UNSPECIFIED.,.F.,.F.,
  (2,2),(28.,40.731880889686),.PIECEWISE_BEZIER_KNOTS.);
#417 = CARTESIAN_POINT('',(56.,50.));
#418 = CARTESIAN_POINT('',(68.731880889686,50.));
#419 = ( GEOMETRIC_REPRESENTATION_CONTEXT(2) 
PARAMETRIC_REPRESENTATION_CONTEXT() REPRESENTATION_CONTEXT('2D SPACE',''
  ) );
#420 = PCURVE('',#421,#426);
#421 = B_SPLINE_SURFACE_WITH_KNOTS('',1,1,(
    (#422,#423)
    ,(#424,#425
    )),.UNSPECIFIED.,.F.,.F.,.F.,(2,2),(2,2),(11.00000015,
    37.414579986989),(0.,12.731880889686),.PIECEWISE_BEZIER_KNOTS.);
#422 = CARTESIAN_POINT('',(21.5,26.,1.499999982002E-07));
#423 = CARTESIAN_POINT('',(34.231880889686,26.,1.499999982002E-07));
#424 = CARTESIAN_POINT('',(21.5,26.,26.414579986989));
#425 = CARTESIAN_POINT('',(34.231880889686,26.,26.414579986989));
#426 = DEFINITIONAL_REPRESENTATION('',(#427),#430);
#427 = B_SPLINE_CURVE_WITH_KNOTS('',1,(#428,#429),.UNSPECIFIED.,.F.,.F.,
  (2,2),(28.,40.731880889686),.PIECEWISE_BEZIER_KNOTS.);
#428 = CARTESIAN_POINT('',(11.00000015,0.));
#429 = CARTESIAN_POINT('',(11.00000015,12.731880889686));
#430 = ( GEOMETRIC_REPRESENTATION_CONTEXT(2) 
PARAMETRIC_REPRESENTATION_CONTEXT() REPRESENTATION_CONTEXT('2D SPACE',''
  ) );
#431 = ORIENTED_EDGE('',*,*,#432,.F.);
#432 = EDGE_CURVE('',#433,#408,#435,.T.);
#433 = VERTEX_POINT('',#434);
#434 = CARTESIAN_POINT('',(34.231880889686,54.328941568503,
    1.499999982002E-07));
#435 = SURFACE_CURVE('',#436,(#439,#445),.PCURVE_S1.);
#436 = B_SPLINE_CURVE_WITH_KNOTS('',1,(#437,#438),.UNSPECIFIED.,.F.,.F.,
  (2,2),(-53.3289415685,-25.),.PIECEWISE_BEZIER_KNOTS.);
#437 = CARTESIAN_POINT('',(34.231880889686,54.328941568503,
    1.499999982002E-07));
#438 = CARTESIAN_POINT('',(34.231880889686,26.,1.499999982002E-07));
#439 = PCURVE('',#67,#440);
#440 = DEFINITIONAL_REPRESENTATION('',(#441),#444);
#441 = B_SPLINE_CURVE_WITH_KNOTS('',1,(#442,#443),.UNSPECIFIED.,.F.,.F.,
  (2,2),(-53.3289415685,-25.),.PIECEWISE_BEZIER_KNOTS.);
#442 = CARTESIAN_POINT('',(68.731880889686,78.328941568503));
#443 = CARTESIAN_POINT('',(68.731880889686,50.));
#444 = ( GEOMETRIC_REPRESENTATION_CONTEXT(2) 
PARAMETRIC_REPRESENTATION_CONTEXT() REPRESENTATION_CONTEXT('2D SPACE',''
  ) );
#445 = PCURVE('',#446,#451);
#446 = B_SPLINE_SURFACE_WITH_KNOTS('',1,1,(
    (#447,#448)
    ,(#449,#450
    )),.UNSPECIFIED.,.F.,.F.,.F.,(2,2),(2,2),(11.00000015,
    37.414579986989),(-28.3289415685,0.),.PIECEWISE_BEZIER_KNOTS.);
#447 = CARTESIAN_POINT('',(34.231880889686,54.328941568503,
    1.499999982002E-07));
#448 = CARTESIAN_POINT('',(34.231880889686,26.,1.499999982002E-07));
#449 = CARTESIAN_POINT('',(34.231880889686,54.328941568503,
    26.414579986989));
#450 = CARTESIAN_POINT('',(34.231880889686,26.,26.414579986989));
#451 = DEFINITIONAL_REPRESENTATION('',(#452),#455);
#452 = B_SPLINE_CURVE_WITH_KNOTS('',1,(#453,#454),.UNSPECIFIED.,.F.,.F.,
  (2,2),(-53.3289415685,-25.),.PIECEWISE_BEZIER_KNOTS.);
#453 = CARTESIAN_POINT('',(11.00000015,-28.3289415685));
#454 = CARTESIAN_POINT('',(11.00000015,0.));
#455 = ( GEOMETRIC_REPRESENTATION_CONTEXT(2) 
PARAMETRIC_REPRESENTATION_CONTEXT() REPRESENTATION_CONTEXT('2D SPACE',''
  ) );
#456 = ORIENTED_EDGE('',*,*,#457,.F.);
#457 = EDGE_CURVE('',#458,#433,#460,.T.);
#458 = VERTEX_POINT('',#459);
#459 = CARTESIAN_POINT('',(21.5,54.328941568503,1.499999982002E-07));
#460 = SURFACE_CURVE('',#461,(#464,#470),.PCURVE_S1.);
#461 = B_SPLINE_CURVE_WITH_KNOTS('',1,(#462,#463),.UNSPECIFIED.,.F.,.F.,
  (2,2),(28.,40.731880889686),.PIECEWISE_BEZIER_KNOTS.);
#462 = CARTESIAN_POINT('',(21.5,54.328941568503,1.499999982002E-07));
#463 = CARTESIAN_POINT('',(34.231880889686,54.328941568503,
    1.499999982002E-07));
#464 = PCURVE('',#67,#465);
#465 = DEFINITIONAL_REPRESENTATION('',(#466),#469);
#466 = B_SPLINE_CURVE_WITH_KNOTS('',1,(#467,#468),.UNSPECIFIED.,.F.,.F.,
  (2,2),(28.,40.731880889686),.PIECEWISE_BEZIER_KNOTS.);
#467 = CARTESIAN_POINT('',(56.,78.328941568503));
#468 = CARTESIAN_POINT('',(68.731880889686,78.328941568503));
#469 = ( GEOMETRIC_REPRESENTATION_CONTEXT(2) 
PARAMETRIC_REPRESENTATION_CONTEXT() REPRESENTATION_CONTEXT('2D SPACE',''
  ) );
#470 = PCURVE('',#471,#476);
#471 = B_SPLINE_SURFACE_WITH_KNOTS('',1,1,(
    (#472,#473)
    ,(#474,#475
    )),.UNSPECIFIED.,.F.,.F.,.F.,(2,2),(2,2),(11.00000015,
    37.414579986989),(0.,12.731880889686),.PIECEWISE_BEZIER_KNOTS.);
#472 = CARTESIAN_POINT('',(21.5,54.328941568503,1.499999982002E-07));
#473 = CARTESIAN_POINT('',(34.231880889686,54.328941568503,
    1.499999982002E-07));
#474 = CARTESIAN_POINT('',(21.5,54.328941568503,26.414579986989));
#475 = CARTESIAN_POINT('',(34.231880889686,54.328941568503,
    26.414579986989));
#476 = DEFINITIONAL_REPRESENTATION('',(#477),#480);
#477 = B_SPLINE_CURVE_WITH_KNOTS('',1,(#478,#479),.UNSPECIFIED.,.F.,.F.,
  (2,2),(28.,40.731880889686),.PIECEWISE_BEZIER_KNOTS.);
#478 = CARTESIAN_POINT('',(11.00000015,0.));
#479 = CARTESIAN_POINT('',(11.00000015,12.731880889686));
#480 = ( GEOMETRIC_REPRESENTATION_CONTEXT(2) 
PARAMETRIC_REPRESENTATION_CONTEXT() REPRESENTATION_CONTEXT('2D SPACE',''
  ) );
#481 = ORIENTED_EDGE('',*,*,#482,.T.);
#482 = EDGE_CURVE('',#458,#342,#483,.T.);
#483 = SURFACE_CURVE('',#484,(#487,#493),.PCURVE_S1.);
#484 = B_SPLINE_CURVE_WITH_KNOTS('',1,(#485,#486),.UNSPECIFIED.,.F.,.F.,
  (2,2),(-53.3289415685,-42.8600930577),.PIECEWISE_BEZIER_KNOTS.);
#485 = CARTESIAN_POINT('',(21.5,54.328941568503,1.499999982002E-07));
#486 = CARTESIAN_POINT('',(21.5,43.860093057701,1.499999982002E-07));
#487 = PCURVE('',#67,#488);
#488 = DEFINITIONAL_REPRESENTATION('',(#489),#492);
#489 = B_SPLINE_CURVE_WITH_KNOTS('',1,(#490,#491),.UNSPECIFIED.,.F.,.F.,
  (2,2),(-53.3289415685,-42.8600930577),.PIECEWISE_BEZIER_KNOTS.);
#490 = CARTESIAN_POINT('',(56.,78.328941568503));
#491 = CARTESIAN_POINT('',(56.,67.860093057701));
#492 = ( GEOMETRIC_REPRESENTATION_CONTEXT(2) 
PARAMETRIC_REPRESENTATION_CONTEXT() REPRESENTATION_CONTEXT('2D SPACE',''
  ) );
#493 = PCURVE('',#182,#494);
#494 = DEFINITIONAL_REPRESENTATION('',(#495),#498);
#495 = B_SPLINE_CURVE_WITH_KNOTS('',1,(#496,#497),.UNSPECIFIED.,.F.,.F.,
  (2,2),(-53.3289415685,-42.8600930577),.PIECEWISE_BEZIER_KNOTS.);
#496 = CARTESIAN_POINT('',(11.00000015,-28.3289415685));
#497 = CARTESIAN_POINT('',(11.00000015,-17.8600930577));
#498 = ( GEOMETRIC_REPRESENTATION_CONTEXT(2) 
PARAMETRIC_REPRESENTATION_CONTEXT() REPRESENTATION_CONTEXT('2D SPACE',''
  ) );
#499 = FACE_BOUND('',#500,.F.);
#500 = EDGE_LOOP('',(#501,#528,#553,#578));
#501 = ORIENTED_EDGE('',*,*,#502,.F.);
#502 = EDGE_CURVE('',#503,#505,#507,.T.);
#503 = VERTEX_POINT('',#504);
#504 = CARTESIAN_POINT('',(34.,47.833333383333,1.499999982002E-07));
#505 = VERTEX_POINT('',#506);
#506 = CARTESIAN_POINT('',(27.423833051926,47.833333383333,
    1.499999982002E-07));
#507 = SURFACE_CURVE('',#508,(#511,#517),.PCURVE_S1.);
#508 = B_SPLINE_CURVE_WITH_KNOTS('',1,(#509,#510),.UNSPECIFIED.,.F.,.F.,
  (2,2),(-34.25,-27.67383305192),.PIECEWISE_BEZIER_KNOTS.);
#509 = CARTESIAN_POINT('',(34.,47.833333383333,1.499999984222E-07));
#510 = CARTESIAN_POINT('',(27.423833051926,47.833333383333,
    1.499999984222E-07));
#511 = PCURVE('',#67,#512);
#512 = DEFINITIONAL_REPRESENTATION('',(#513),#516);
#513 = B_SPLINE_CURVE_WITH_KNOTS('',1,(#514,#515),.UNSPECIFIED.,.F.,.F.,
  (2,2),(-34.25,-27.67383305192),.PIECEWISE_BEZIER_KNOTS.);
#514 = CARTESIAN_POINT('',(68.5,71.833333383333));
#515 = CARTESIAN_POINT('',(61.923833051926,71.833333383333));
#516 = ( GEOMETRIC_REPRESENTATION_CONTEXT(2) 
PARAMETRIC_REPRESENTATION_CONTEXT() REPRESENTATION_CONTEXT('2D SPACE',''
  ) );
#517 = PCURVE('',#518,#523);
#518 = B_SPLINE_SURFACE_WITH_KNOTS('',1,1,(
    (#519,#520)
    ,(#521,#522
    )),.UNSPECIFIED.,.F.,.F.,.F.,(2,2),(2,2),(2.635231541588,
    3.162277660168),(-6.576166948074,0.),.PIECEWISE_BEZIER_KNOTS.);
#519 = CARTESIAN_POINT('',(27.423833051926,47.833333383333,
    1.499999982002E-07));
#520 = CARTESIAN_POINT('',(34.,47.833333383333,1.499999982002E-07));
#521 = CARTESIAN_POINT('',(27.423833051926,48.,0.5));
#522 = CARTESIAN_POINT('',(34.,48.,0.5));
#523 = DEFINITIONAL_REPRESENTATION('',(#524),#527);
#524 = B_SPLINE_CURVE_WITH_KNOTS('',1,(#525,#526),.UNSPECIFIED.,.F.,.F.,
  (2,2),(-34.25,-27.67383305192),.PIECEWISE_BEZIER_KNOTS.);
#525 = CARTESIAN_POINT('',(2.635231541588,0.));
#526 = CARTESIAN_POINT('',(2.635231541588,-6.576166948074));
#527 = ( GEOMETRIC_REPRESENTATION_CONTEXT(2) 
PARAMETRIC_REPRESENTATION_CONTEXT() REPRESENTATION_CONTEXT('2D SPACE',''
  ) );
#528 = ORIENTED_EDGE('',*,*,#529,.F.);
#529 = EDGE_CURVE('',#530,#503,#532,.T.);
#530 = VERTEX_POINT('',#531);
#531 = CARTESIAN_POINT('',(34.,39.642857185714,1.499999982002E-07));
#532 = SURFACE_CURVE('',#533,(#536,#542),.PCURVE_S1.);
#533 = B_SPLINE_CURVE_WITH_KNOTS('',1,(#534,#535),.UNSPECIFIED.,.F.,.F.,
  (2,2),(29.77276959704,37.963245794659),.PIECEWISE_BEZIER_KNOTS.);
#534 = CARTESIAN_POINT('',(34.,39.642857185714,1.499999982002E-07));
#535 = CARTESIAN_POINT('',(34.,47.833333383333,1.499999982002E-07));
#536 = PCURVE('',#67,#537);
#537 = DEFINITIONAL_REPRESENTATION('',(#538),#541);
#538 = B_SPLINE_CURVE_WITH_KNOTS('',1,(#539,#540),.UNSPECIFIED.,.F.,.F.,
  (2,2),(29.77276959704,37.963245794659),.PIECEWISE_BEZIER_KNOTS.);
#539 = CARTESIAN_POINT('',(68.5,63.642857185714));
#540 = CARTESIAN_POINT('',(68.5,71.833333383333));
#541 = ( GEOMETRIC_REPRESENTATION_CONTEXT(2) 
PARAMETRIC_REPRESENTATION_CONTEXT() REPRESENTATION_CONTEXT('2D SPACE',''
  ) );
#542 = PCURVE('',#543,#548);
#543 = B_SPLINE_SURFACE_WITH_KNOTS('',1,1,(
    (#544,#545)
    ,(#546,#547
    )),.UNSPECIFIED.,.F.,.F.,.F.,(2,2),(2,2),(-0.239501131308,
    4.260498718692),(-4.259824822651,4.097317991634),
  .PIECEWISE_BEZIER_KNOTS.);
#544 = CARTESIAN_POINT('',(34.,48.,1.499999982002E-07));
#545 = CARTESIAN_POINT('',(34.,39.642857185714,1.499999982002E-07));
#546 = CARTESIAN_POINT('',(34.,48.,4.5));
#547 = CARTESIAN_POINT('',(34.,39.642857185714,4.5));
#548 = DEFINITIONAL_REPRESENTATION('',(#549),#552);
#549 = B_SPLINE_CURVE_WITH_KNOTS('',1,(#550,#551),.UNSPECIFIED.,.F.,.F.,
  (2,2),(29.77276959704,37.963245794659),.PIECEWISE_BEZIER_KNOTS.);
#550 = CARTESIAN_POINT('',(-0.239501131308,4.097317991634));
#551 = CARTESIAN_POINT('',(-0.239501131308,-4.093158205985));
#552 = ( GEOMETRIC_REPRESENTATION_CONTEXT(2) 
PARAMETRIC_REPRESENTATION_CONTEXT() REPRESENTATION_CONTEXT('2D SPACE',''
  ) );
#553 = ORIENTED_EDGE('',*,*,#554,.F.);
#554 = EDGE_CURVE('',#555,#530,#557,.T.);
#555 = VERTEX_POINT('',#556);
#556 = CARTESIAN_POINT('',(27.423833051926,39.642857185714,
    1.499999982002E-07));
#557 = SURFACE_CURVE('',#558,(#561,#567),.PCURVE_S1.);
#558 = B_SPLINE_CURVE_WITH_KNOTS('',1,(#559,#560),.UNSPECIFIED.,.F.,.F.,
  (2,2),(27.673833051926,34.25),.PIECEWISE_BEZIER_KNOTS.);
#559 = CARTESIAN_POINT('',(27.423833051926,39.642857185714,
    1.499999982002E-07));
#560 = CARTESIAN_POINT('',(34.,39.642857185714,1.499999982002E-07));
#561 = PCURVE('',#67,#562);
#562 = DEFINITIONAL_REPRESENTATION('',(#563),#566);
#563 = B_SPLINE_CURVE_WITH_KNOTS('',1,(#564,#565),.UNSPECIFIED.,.F.,.F.,
  (2,2),(27.673833051926,34.25),.PIECEWISE_BEZIER_KNOTS.);
#564 = CARTESIAN_POINT('',(61.923833051926,63.642857185714));
#565 = CARTESIAN_POINT('',(68.5,63.642857185714));
#566 = ( GEOMETRIC_REPRESENTATION_CONTEXT(2) 
PARAMETRIC_REPRESENTATION_CONTEXT() REPRESENTATION_CONTEXT('2D SPACE',''
  ) );
#567 = PCURVE('',#568,#573);
#568 = B_SPLINE_SURFACE_WITH_KNOTS('',1,1,(
    (#569,#570)
    ,(#571,#572
    )),.UNSPECIFIED.,.F.,.F.,.F.,(2,2),(2,2),(0.,3.120046939404),(
    -6.576166948074,0.),.PIECEWISE_BEZIER_KNOTS.);
#569 = CARTESIAN_POINT('',(27.423833051926,40.5,3.));
#570 = CARTESIAN_POINT('',(34.,40.5,3.));
#571 = CARTESIAN_POINT('',(27.423833051926,39.642857185714,
    1.499999964238E-07));
#572 = CARTESIAN_POINT('',(34.,39.642857185714,1.499999964238E-07));
#573 = DEFINITIONAL_REPRESENTATION('',(#574),#577);
#574 = B_SPLINE_CURVE_WITH_KNOTS('',1,(#575,#576),.UNSPECIFIED.,.F.,.F.,
  (2,2),(27.673833051926,34.25),.PIECEWISE_BEZIER_KNOTS.);
#575 = CARTESIAN_POINT('',(3.120046939404,-6.576166948074));
#576 = CARTESIAN_POINT('',(3.120046939404,0.));
#577 = ( GEOMETRIC_REPRESENTATION_CONTEXT(2) 
PARAMETRIC_REPRESENTATION_CONTEXT() REPRESENTATION_CONTEXT('2D SPACE',''
  ) );
#578 = ORIENTED_EDGE('',*,*,#579,.T.);
#579 = EDGE_CURVE('',#555,#505,#580,.T.);
#580 = SURFACE_CURVE('',#581,(#584,#590),.PCURVE_S1.);
#581 = B_SPLINE_CURVE_WITH_KNOTS('',1,(#582,#583),.UNSPECIFIED.,.F.,.F.,
  (2,2),(29.77276959704,37.963245794659),.PIECEWISE_BEZIER_KNOTS.);
#582 = CARTESIAN_POINT('',(27.423833051926,39.642857185714,
    1.499999982002E-07));
#583 = CARTESIAN_POINT('',(27.423833051926,47.833333383333,
    1.499999982002E-07));
#584 = PCURVE('',#67,#585);
#585 = DEFINITIONAL_REPRESENTATION('',(#586),#589);
#586 = B_SPLINE_CURVE_WITH_KNOTS('',1,(#587,#588),.UNSPECIFIED.,.F.,.F.,
  (2,2),(29.77276959704,37.963245794659),.PIECEWISE_BEZIER_KNOTS.);
#587 = CARTESIAN_POINT('',(61.923833051926,63.642857185714));
#588 = CARTESIAN_POINT('',(61.923833051926,71.833333383333));
#589 = ( GEOMETRIC_REPRESENTATION_CONTEXT(2) 
PARAMETRIC_REPRESENTATION_CONTEXT() REPRESENTATION_CONTEXT('2D SPACE',''
  ) );
#590 = PCURVE('',#591,#596);
#591 = B_SPLINE_SURFACE_WITH_KNOTS('',1,1,(
    (#592,#593)
    ,(#594,#595
    )),.UNSPECIFIED.,.F.,.F.,.F.,(2,2),(2,2),(-0.239501131308,
    4.260498718692),(-4.259824822651,4.097317991634),
  .PIECEWISE_BEZIER_KNOTS.);
#592 = CARTESIAN_POINT('',(27.423833051926,48.,1.499999982002E-07));
#593 = CARTESIAN_POINT('',(27.423833051926,39.642857185714,
    1.499999982002E-07));
#594 = CARTESIAN_POINT('',(27.423833051926,48.,4.5));
#595 = CARTESIAN_POINT('',(27.423833051926,39.642857185714,4.5));
#596 = DEFINITIONAL_REPRESENTATION('',(#597),#600);
#597 = B_SPLINE_CURVE_WITH_KNOTS('',1,(#598,#599),.UNSPECIFIED.,.F.,.F.,
  (2,2),(29.77276959704,37.963245794659),.PIECEWISE_BEZIER_KNOTS.);
#598 = CARTESIAN_POINT('',(-0.239501131308,4.097317991634));
#599 = CARTESIAN_POINT('',(-0.239501131308,-4.093158205985));
#600 = ( GEOMETRIC_REPRESENTATION_CONTEXT(2) 
PARAMETRIC_REPRESENTATION_CONTEXT() REPRESENTATION_CONTEXT('2D SPACE',''
  ) );
#601 = ADVANCED_FACE('',(#602),#182,.F.);
#602 = FACE_BOUND('',#603,.F.);
#603 = EDGE_LOOP('',(#604,#624,#625,#626,#627,#628,#629,#649));
#604 = ORIENTED_EDGE('',*,*,#605,.F.);
#605 = EDGE_CURVE('',#388,#606,#608,.T.);
#606 = VERTEX_POINT('',#607);
#607 = CARTESIAN_POINT('',(21.5,26.,26.414579986989));
#608 = SURFACE_CURVE('',#609,(#612,#618),.PCURVE_S1.);
#609 = B_SPLINE_CURVE_WITH_KNOTS('',1,(#610,#611),.UNSPECIFIED.,.F.,.F.,
  (2,2),(11.00000015,37.414579986989),.PIECEWISE_BEZIER_KNOTS.);
#610 = CARTESIAN_POINT('',(21.5,26.,1.499999982002E-07));
#611 = CARTESIAN_POINT('',(21.5,26.,26.414579986989));
#612 = PCURVE('',#182,#613);
#613 = DEFINITIONAL_REPRESENTATION('',(#614),#617);
#614 = B_SPLINE_CURVE_WITH_KNOTS('',1,(#615,#616),.UNSPECIFIED.,.F.,.F.,
  (2,2),(11.00000015,37.414579986989),.PIECEWISE_BEZIER_KNOTS.);
#615 = CARTESIAN_POINT('',(11.00000015,0.));
#616 = CARTESIAN_POINT('',(37.414579986989,0.));
#617 = ( GEOMETRIC_REPRESENTATION_CONTEXT(2) 
PARAMETRIC_REPRESENTATION_CONTEXT() REPRESENTATION_CONTEXT('2D SPACE',''
  ) );
#618 = PCURVE('',#421,#619);
#619 = DEFINITIONAL_REPRESENTATION('',(#620),#623);
#620 = B_SPLINE_CURVE_WITH_KNOTS('',1,(#621,#622),.UNSPECIFIED.,.F.,.F.,
  (2,2),(11.00000015,37.414579986989),.PIECEWISE_BEZIER_KNOTS.);
#621 = CARTESIAN_POINT('',(11.00000015,0.));
#622 = CARTESIAN_POINT('',(37.414579986989,0.));
#623 = ( GEOMETRIC_REPRESENTATION_CONTEXT(2) 
PARAMETRIC_REPRESENTATION_CONTEXT() REPRESENTATION_CONTEXT('2D SPACE',''
  ) );
#624 = ORIENTED_EDGE('',*,*,#387,.F.);
#625 = ORIENTED_EDGE('',*,*,#170,.F.);
#626 = ORIENTED_EDGE('',*,*,#218,.T.);
#627 = ORIENTED_EDGE('',*,*,#363,.T.);
#628 = ORIENTED_EDGE('',*,*,#482,.F.);
#629 = ORIENTED_EDGE('',*,*,#630,.T.);
#630 = EDGE_CURVE('',#458,#631,#633,.T.);
#631 = VERTEX_POINT('',#632);
#632 = CARTESIAN_POINT('',(21.5,54.328941568503,26.414579986989));
#633 = SURFACE_CURVE('',#634,(#637,#643),.PCURVE_S1.);
#634 = B_SPLINE_CURVE_WITH_KNOTS('',1,(#635,#636),.UNSPECIFIED.,.F.,.F.,
  (2,2),(11.00000015,37.414579986989),.PIECEWISE_BEZIER_KNOTS.);
#635 = CARTESIAN_POINT('',(21.5,54.328941568503,1.499999982002E-07));
#636 = CARTESIAN_POINT('',(21.5,54.328941568503,26.414579986989));
#637 = PCURVE('',#182,#638);
#638 = DEFINITIONAL_REPRESENTATION('',(#639),#642);
#639 = B_SPLINE_CURVE_WITH_KNOTS('',1,(#640,#641),.UNSPECIFIED.,.F.,.F.,
  (2,2),(11.00000015,37.414579986989),.PIECEWISE_BEZIER_KNOTS.);
#640 = CARTESIAN_POINT('',(11.00000015,-28.3289415685));
#641 = CARTESIAN_POINT('',(37.414579986989,-28.3289415685));
#642 = ( GEOMETRIC_REPRESENTATION_CONTEXT(2) 
PARAMETRIC_REPRESENTATION_CONTEXT() REPRESENTATION_CONTEXT('2D SPACE',''
  ) );
#643 = PCURVE('',#471,#644);
#644 = DEFINITIONAL_REPRESENTATION('',(#645),#648);
#645 = B_SPLINE_CURVE_WITH_KNOTS('',1,(#646,#647),.UNSPECIFIED.,.F.,.F.,
  (2,2),(11.00000015,37.414579986989),.PIECEWISE_BEZIER_KNOTS.);
#646 = CARTESIAN_POINT('',(11.00000015,0.));
#647 = CARTESIAN_POINT('',(37.414579986989,0.));
#648 = ( GEOMETRIC_REPRESENTATION_CONTEXT(2) 
PARAMETRIC_REPRESENTATION_CONTEXT() REPRESENTATION_CONTEXT('2D SPACE',''
  ) );
#649 = ORIENTED_EDGE('',*,*,#650,.F.);
#650 = EDGE_CURVE('',#606,#631,#651,.T.);
#651 = SURFACE_CURVE('',#652,(#655,#661),.PCURVE_S1.);
#652 = B_SPLINE_CURVE_WITH_KNOTS('',1,(#653,#654),.UNSPECIFIED.,.F.,.F.,
  (2,2),(0.,28.328941568503),.PIECEWISE_BEZIER_KNOTS.);
#653 = CARTESIAN_POINT('',(21.5,26.,26.414579986989));
#654 = CARTESIAN_POINT('',(21.5,54.328941568503,26.414579986989));
#655 = PCURVE('',#182,#656);
#656 = DEFINITIONAL_REPRESENTATION('',(#657),#660);
#657 = B_SPLINE_CURVE_WITH_KNOTS('',1,(#658,#659),.UNSPECIFIED.,.F.,.F.,
  (2,2),(0.,28.328941568503),.PIECEWISE_BEZIER_KNOTS.);
#658 = CARTESIAN_POINT('',(37.414579986989,0.));
#659 = CARTESIAN_POINT('',(37.414579986989,-28.3289415685));
#660 = ( GEOMETRIC_REPRESENTATION_CONTEXT(2) 
PARAMETRIC_REPRESENTATION_CONTEXT() REPRESENTATION_CONTEXT('2D SPACE',''
  ) );
#661 = PCURVE('',#662,#667);
#662 = B_SPLINE_SURFACE_WITH_KNOTS('',1,1,(
    (#663,#664)
    ,(#665,#666
    )),.UNSPECIFIED.,.F.,.F.,.F.,(2,2),(2,2),(0.,12.731880889686),(0.,
    28.328941568503),.PIECEWISE_BEZIER_KNOTS.);
#663 = CARTESIAN_POINT('',(21.5,26.,26.414579986989));
#664 = CARTESIAN_POINT('',(21.5,54.328941568503,26.414579986989));
#665 = CARTESIAN_POINT('',(34.231880889686,26.,26.414579986989));
#666 = CARTESIAN_POINT('',(34.231880889686,54.328941568503,
    26.414579986989));
#667 = DEFINITIONAL_REPRESENTATION('',(#668),#671);
#668 = B_SPLINE_CURVE_WITH_KNOTS('',1,(#669,#670),.UNSPECIFIED.,.F.,.F.,
  (2,2),(0.,28.328941568503),.PIECEWISE_BEZIER_KNOTS.);
#669 = CARTESIAN_POINT('',(0.,0.));
#670 = CARTESIAN_POINT('',(0.,28.328941568503));
#671 = ( GEOMETRIC_REPRESENTATION_CONTEXT(2) 
PARAMETRIC_REPRESENTATION_CONTEXT() REPRESENTATION_CONTEXT('2D SPACE',''
  ) );
#672 = ADVANCED_FACE('',(#673),#254,.F.);
#673 = FACE_BOUND('',#674,.F.);
#674 = EDGE_LOOP('',(#675,#676,#696,#721));
#675 = ORIENTED_EDGE('',*,*,#238,.F.);
#676 = ORIENTED_EDGE('',*,*,#677,.T.);
#677 = EDGE_CURVE('',#239,#678,#680,.T.);
#678 = VERTEX_POINT('',#679);
#679 = CARTESIAN_POINT('',(19.,33.5,6.414259058161));
#680 = SURFACE_CURVE('',#681,(#684,#690),.PCURVE_S1.);
#681 = B_SPLINE_CURVE_WITH_KNOTS('',1,(#682,#683),.UNSPECIFIED.,.F.,.F.,
  (2,2),(4.761375812172E-02,10.585740941839),.PIECEWISE_BEZIER_KNOTS.);
#682 = CARTESIAN_POINT('',(19.,33.5,16.952386241878));
#683 = CARTESIAN_POINT('',(19.,33.5,6.414259058161));
#684 = PCURVE('',#254,#685);
#685 = DEFINITIONAL_REPRESENTATION('',(#686),#689);
#686 = B_SPLINE_CURVE_WITH_KNOTS('',1,(#687,#688),.UNSPECIFIED.,.F.,.F.,
  (2,2),(4.761375812172E-02,10.585740941839),.PIECEWISE_BEZIER_KNOTS.);
#687 = CARTESIAN_POINT('',(0.,-4.761375812172E-02));
#688 = CARTESIAN_POINT('',(0.,-10.58574094183));
#689 = ( GEOMETRIC_REPRESENTATION_CONTEXT(2) 
PARAMETRIC_REPRESENTATION_CONTEXT() REPRESENTATION_CONTEXT('2D SPACE',''
  ) );
#690 = PCURVE('',#279,#691);
#691 = DEFINITIONAL_REPRESENTATION('',(#692),#695);
#692 = B_SPLINE_CURVE_WITH_KNOTS('',1,(#693,#694),.UNSPECIFIED.,.F.,.F.,
  (2,2),(4.761375812172E-02,10.585740941839),.PIECEWISE_BEZIER_KNOTS.);
#693 = CARTESIAN_POINT('',(2.061552812809,-4.761375812172E-02));
#694 = CARTESIAN_POINT('',(2.061552812809,-10.58574094183));
#695 = ( GEOMETRIC_REPRESENTATION_CONTEXT(2) 
PARAMETRIC_REPRESENTATION_CONTEXT() REPRESENTATION_CONTEXT('2D SPACE',''
  ) );
#696 = ORIENTED_EDGE('',*,*,#697,.T.);
#697 = EDGE_CURVE('',#678,#698,#700,.T.);
#698 = VERTEX_POINT('',#699);
#699 = CARTESIAN_POINT('',(16.5,32.5,6.414259058161));
#700 = SURFACE_CURVE('',#701,(#704,#710),.PCURVE_S1.);
#701 = B_SPLINE_CURVE_WITH_KNOTS('',1,(#702,#703),.UNSPECIFIED.,.F.,.F.,
  (2,2),(0.,2.692582403567),.PIECEWISE_BEZIER_KNOTS.);
#702 = CARTESIAN_POINT('',(19.,33.5,6.414259058161));
#703 = CARTESIAN_POINT('',(16.5,32.5,6.414259058161));
#704 = PCURVE('',#254,#705);
#705 = DEFINITIONAL_REPRESENTATION('',(#706),#709);
#706 = B_SPLINE_CURVE_WITH_KNOTS('',1,(#707,#708),.UNSPECIFIED.,.F.,.F.,
  (2,2),(0.,2.692582403567),.PIECEWISE_BEZIER_KNOTS.);
#707 = CARTESIAN_POINT('',(0.,-10.58574094183));
#708 = CARTESIAN_POINT('',(2.692582403567,-10.58574094183));
#709 = ( GEOMETRIC_REPRESENTATION_CONTEXT(2) 
PARAMETRIC_REPRESENTATION_CONTEXT() REPRESENTATION_CONTEXT('2D SPACE',''
  ) );
#710 = PCURVE('',#711,#716);
#711 = B_SPLINE_SURFACE_WITH_KNOTS('',1,1,(
    (#712,#713)
    ,(#714,#715
    )),.UNSPECIFIED.,.F.,.F.,.F.,(2,2),(2,2),(-1.540022327207,
    1.459977672793),(-1.414834345124,1.585165654876),
  .PIECEWISE_BEZIER_KNOTS.);
#712 = CARTESIAN_POINT('',(19.5,30.5,6.414259058161));
#713 = CARTESIAN_POINT('',(16.5,30.5,6.414259058161));
#714 = CARTESIAN_POINT('',(19.5,33.5,6.414259058161));
#715 = CARTESIAN_POINT('',(16.5,33.5,6.414259058161));
#716 = DEFINITIONAL_REPRESENTATION('',(#717),#720);
#717 = B_SPLINE_CURVE_WITH_KNOTS('',1,(#718,#719),.UNSPECIFIED.,.F.,.F.,
  (2,2),(0.,2.692582403567),.PIECEWISE_BEZIER_KNOTS.);
#718 = CARTESIAN_POINT('',(1.459977672793,-0.914834345124));
#719 = CARTESIAN_POINT('',(0.459977672793,1.585165654876));
#720 = ( GEOMETRIC_REPRESENTATION_CONTEXT(2) 
PARAMETRIC_REPRESENTATION_CONTEXT() REPRESENTATION_CONTEXT('2D SPACE',''
  ) );
#721 = ORIENTED_EDGE('',*,*,#722,.F.);
#722 = EDGE_CURVE('',#241,#698,#723,.T.);
#723 = SURFACE_CURVE('',#724,(#727,#733),.PCURVE_S1.);
#724 = B_SPLINE_CURVE_WITH_KNOTS('',1,(#725,#726),.UNSPECIFIED.,.F.,.F.,
  (2,2),(4.761375812172E-02,10.585740941839),.PIECEWISE_BEZIER_KNOTS.);
#725 = CARTESIAN_POINT('',(16.5,32.5,16.952386241878));
#726 = CARTESIAN_POINT('',(16.5,32.5,6.414259058161));
#727 = PCURVE('',#254,#728);
#728 = DEFINITIONAL_REPRESENTATION('',(#729),#732);
#729 = B_SPLINE_CURVE_WITH_KNOTS('',1,(#730,#731),.UNSPECIFIED.,.F.,.F.,
  (2,2),(4.761375812172E-02,10.585740941839),.PIECEWISE_BEZIER_KNOTS.);
#730 = CARTESIAN_POINT('',(2.692582403567,-4.761375812172E-02));
#731 = CARTESIAN_POINT('',(2.692582403567,-10.58574094183));
#732 = ( GEOMETRIC_REPRESENTATION_CONTEXT(2) 
PARAMETRIC_REPRESENTATION_CONTEXT() REPRESENTATION_CONTEXT('2D SPACE',''
  ) );
#733 = PCURVE('',#327,#734);
#734 = DEFINITIONAL_REPRESENTATION('',(#735),#738);
#735 = B_SPLINE_CURVE_WITH_KNOTS('',1,(#736,#737),.UNSPECIFIED.,.F.,.F.,
  (2,2),(4.761375812172E-02,10.585740941839),.PIECEWISE_BEZIER_KNOTS.);
#736 = CARTESIAN_POINT('',(0.,-4.761375812172E-02));
#737 = CARTESIAN_POINT('',(0.,-10.58574094183));
#738 = ( GEOMETRIC_REPRESENTATION_CONTEXT(2) 
PARAMETRIC_REPRESENTATION_CONTEXT() REPRESENTATION_CONTEXT('2D SPACE',''
  ) );
#739 = ADVANCED_FACE('',(#740),#327,.F.);
#740 = FACE_BOUND('',#741,.F.);
#741 = EDGE_LOOP('',(#742,#743,#744,#764));
#742 = ORIENTED_EDGE('',*,*,#315,.F.);
#743 = ORIENTED_EDGE('',*,*,#722,.T.);
#744 = ORIENTED_EDGE('',*,*,#745,.T.);
#745 = EDGE_CURVE('',#698,#746,#748,.T.);
#746 = VERTEX_POINT('',#747);
#747 = CARTESIAN_POINT('',(17.5,30.5,6.414259058161));
#748 = SURFACE_CURVE('',#749,(#752,#758),.PCURVE_S1.);
#749 = B_SPLINE_CURVE_WITH_KNOTS('',1,(#750,#751),.UNSPECIFIED.,.F.,.F.,
  (2,2),(0.,2.2360679775),.PIECEWISE_BEZIER_KNOTS.);
#750 = CARTESIAN_POINT('',(16.5,32.5,6.414259058161));
#751 = CARTESIAN_POINT('',(17.5,30.5,6.414259058161));
#752 = PCURVE('',#327,#753);
#753 = DEFINITIONAL_REPRESENTATION('',(#754),#757);
#754 = B_SPLINE_CURVE_WITH_KNOTS('',1,(#755,#756),.UNSPECIFIED.,.F.,.F.,
  (2,2),(0.,2.2360679775),.PIECEWISE_BEZIER_KNOTS.);
#755 = CARTESIAN_POINT('',(0.,-10.58574094183));
#756 = CARTESIAN_POINT('',(2.2360679775,-10.58574094183));
#757 = ( GEOMETRIC_REPRESENTATION_CONTEXT(2) 
PARAMETRIC_REPRESENTATION_CONTEXT() REPRESENTATION_CONTEXT('2D SPACE',''
  ) );
#758 = PCURVE('',#711,#759);
#759 = DEFINITIONAL_REPRESENTATION('',(#760),#763);
#760 = B_SPLINE_CURVE_WITH_KNOTS('',1,(#761,#762),.UNSPECIFIED.,.F.,.F.,
  (2,2),(0.,2.2360679775),.PIECEWISE_BEZIER_KNOTS.);
#761 = CARTESIAN_POINT('',(0.459977672793,1.585165654876));
#762 = CARTESIAN_POINT('',(-1.540022327207,0.585165654876));
#763 = ( GEOMETRIC_REPRESENTATION_CONTEXT(2) 
PARAMETRIC_REPRESENTATION_CONTEXT() REPRESENTATION_CONTEXT('2D SPACE',''
  ) );
#764 = ORIENTED_EDGE('',*,*,#765,.F.);
#765 = EDGE_CURVE('',#291,#746,#766,.T.);
#766 = SURFACE_CURVE('',#767,(#770,#776),.PCURVE_S1.);
#767 = B_SPLINE_CURVE_WITH_KNOTS('',1,(#768,#769),.UNSPECIFIED.,.F.,.F.,
  (2,2),(4.761375812172E-02,10.585740941839),.PIECEWISE_BEZIER_KNOTS.);
#768 = CARTESIAN_POINT('',(17.5,30.5,16.952386241878));
#769 = CARTESIAN_POINT('',(17.5,30.5,6.414259058161));
#770 = PCURVE('',#327,#771);
#771 = DEFINITIONAL_REPRESENTATION('',(#772),#775);
#772 = B_SPLINE_CURVE_WITH_KNOTS('',1,(#773,#774),.UNSPECIFIED.,.F.,.F.,
  (2,2),(4.761375812172E-02,10.585740941839),.PIECEWISE_BEZIER_KNOTS.);
#773 = CARTESIAN_POINT('',(2.2360679775,-4.761375812172E-02));
#774 = CARTESIAN_POINT('',(2.2360679775,-10.58574094183));
#775 = ( GEOMETRIC_REPRESENTATION_CONTEXT(2) 
PARAMETRIC_REPRESENTATION_CONTEXT() REPRESENTATION_CONTEXT('2D SPACE',''
  ) );
#776 = PCURVE('',#304,#777);
#777 = DEFINITIONAL_REPRESENTATION('',(#778),#781);
#778 = B_SPLINE_CURVE_WITH_KNOTS('',1,(#779,#780),.UNSPECIFIED.,.F.,.F.,
  (2,2),(4.761375812172E-02,10.585740941839),.PIECEWISE_BEZIER_KNOTS.);
#779 = CARTESIAN_POINT('',(0.,-4.761375812172E-02));
#780 = CARTESIAN_POINT('',(0.,-10.58574094183));
#781 = ( GEOMETRIC_REPRESENTATION_CONTEXT(2) 
PARAMETRIC_REPRESENTATION_CONTEXT() REPRESENTATION_CONTEXT('2D SPACE',''
  ) );
#782 = ADVANCED_FACE('',(#783),#304,.F.);
#783 = FACE_BOUND('',#784,.F.);
#784 = EDGE_LOOP('',(#785,#786,#787,#807));
#785 = ORIENTED_EDGE('',*,*,#290,.F.);
#786 = ORIENTED_EDGE('',*,*,#765,.T.);
#787 = ORIENTED_EDGE('',*,*,#788,.T.);
#788 = EDGE_CURVE('',#746,#789,#791,.T.);
#789 = VERTEX_POINT('',#790);
#790 = CARTESIAN_POINT('',(19.5,31.5,6.414259058161));
#791 = SURFACE_CURVE('',#792,(#795,#801),.PCURVE_S1.);
#792 = B_SPLINE_CURVE_WITH_KNOTS('',1,(#793,#794),.UNSPECIFIED.,.F.,.F.,
  (2,2),(0.,2.2360679775),.PIECEWISE_BEZIER_KNOTS.);
#793 = CARTESIAN_POINT('',(17.5,30.5,6.414259058161));
#794 = CARTESIAN_POINT('',(19.5,31.5,6.414259058161));
#795 = PCURVE('',#304,#796);
#796 = DEFINITIONAL_REPRESENTATION('',(#797),#800);
#797 = B_SPLINE_CURVE_WITH_KNOTS('',1,(#798,#799),.UNSPECIFIED.,.F.,.F.,
  (2,2),(0.,2.2360679775),.PIECEWISE_BEZIER_KNOTS.);
#798 = CARTESIAN_POINT('',(0.,-10.58574094183));
#799 = CARTESIAN_POINT('',(2.2360679775,-10.58574094183));
#800 = ( GEOMETRIC_REPRESENTATION_CONTEXT(2) 
PARAMETRIC_REPRESENTATION_CONTEXT() REPRESENTATION_CONTEXT('2D SPACE',''
  ) );
#801 = PCURVE('',#711,#802);
#802 = DEFINITIONAL_REPRESENTATION('',(#803),#806);
#803 = B_SPLINE_CURVE_WITH_KNOTS('',1,(#804,#805),.UNSPECIFIED.,.F.,.F.,
  (2,2),(0.,2.2360679775),.PIECEWISE_BEZIER_KNOTS.);
#804 = CARTESIAN_POINT('',(-1.540022327207,0.585165654876));
#805 = CARTESIAN_POINT('',(-0.540022327207,-1.414834345124));
#806 = ( GEOMETRIC_REPRESENTATION_CONTEXT(2) 
PARAMETRIC_REPRESENTATION_CONTEXT() REPRESENTATION_CONTEXT('2D SPACE',''
  ) );
#807 = ORIENTED_EDGE('',*,*,#808,.F.);
#808 = EDGE_CURVE('',#266,#789,#809,.T.);
#809 = SURFACE_CURVE('',#810,(#813,#819),.PCURVE_S1.);
#810 = B_SPLINE_CURVE_WITH_KNOTS('',1,(#811,#812),.UNSPECIFIED.,.F.,.F.,
  (2,2),(4.761375812172E-02,10.585740941839),.PIECEWISE_BEZIER_KNOTS.);
#811 = CARTESIAN_POINT('',(19.5,31.5,16.952386241878));
#812 = CARTESIAN_POINT('',(19.5,31.5,6.414259058161));
#813 = PCURVE('',#304,#814);
#814 = DEFINITIONAL_REPRESENTATION('',(#815),#818);
#815 = B_SPLINE_CURVE_WITH_KNOTS('',1,(#816,#817),.UNSPECIFIED.,.F.,.F.,
  (2,2),(4.761375812172E-02,10.585740941839),.PIECEWISE_BEZIER_KNOTS.);
#816 = CARTESIAN_POINT('',(2.2360679775,-4.761375812172E-02));
#817 = CARTESIAN_POINT('',(2.2360679775,-10.58574094183));
#818 = ( GEOMETRIC_REPRESENTATION_CONTEXT(2) 
PARAMETRIC_REPRESENTATION_CONTEXT() REPRESENTATION_CONTEXT('2D SPACE',''
  ) );
#819 = PCURVE('',#279,#820);
#820 = DEFINITIONAL_REPRESENTATION('',(#821),#824);
#821 = B_SPLINE_CURVE_WITH_KNOTS('',1,(#822,#823),.UNSPECIFIED.,.F.,.F.,
  (2,2),(4.761375812172E-02,10.585740941839),.PIECEWISE_BEZIER_KNOTS.);
#822 = CARTESIAN_POINT('',(0.,-4.761375812172E-02));
#823 = CARTESIAN_POINT('',(0.,-10.58574094183));
#824 = ( GEOMETRIC_REPRESENTATION_CONTEXT(2) 
PARAMETRIC_REPRESENTATION_CONTEXT() REPRESENTATION_CONTEXT('2D SPACE',''
  ) );
#825 = ADVANCED_FACE('',(#826),#279,.F.);
#826 = FACE_BOUND('',#827,.F.);
#827 = EDGE_LOOP('',(#828,#829,#830,#848));
#828 = ORIENTED_EDGE('',*,*,#265,.F.);
#829 = ORIENTED_EDGE('',*,*,#808,.T.);
#830 = ORIENTED_EDGE('',*,*,#831,.T.);
#831 = EDGE_CURVE('',#789,#678,#832,.T.);
#832 = SURFACE_CURVE('',#833,(#836,#842),.PCURVE_S1.);
#833 = B_SPLINE_CURVE_WITH_KNOTS('',1,(#834,#835),.UNSPECIFIED.,.F.,.F.,
  (2,2),(0.,2.061552812809),.PIECEWISE_BEZIER_KNOTS.);
#834 = CARTESIAN_POINT('',(19.5,31.5,6.414259058161));
#835 = CARTESIAN_POINT('',(19.,33.5,6.414259058161));
#836 = PCURVE('',#279,#837);
#837 = DEFINITIONAL_REPRESENTATION('',(#838),#841);
#838 = B_SPLINE_CURVE_WITH_KNOTS('',1,(#839,#840),.UNSPECIFIED.,.F.,.F.,
  (2,2),(0.,2.061552812809),.PIECEWISE_BEZIER_KNOTS.);
#839 = CARTESIAN_POINT('',(0.,-10.58574094183));
#840 = CARTESIAN_POINT('',(2.061552812809,-10.58574094183));
#841 = ( GEOMETRIC_REPRESENTATION_CONTEXT(2) 
PARAMETRIC_REPRESENTATION_CONTEXT() REPRESENTATION_CONTEXT('2D SPACE',''
  ) );
#842 = PCURVE('',#711,#843);
#843 = DEFINITIONAL_REPRESENTATION('',(#844),#847);
#844 = B_SPLINE_CURVE_WITH_KNOTS('',1,(#845,#846),.UNSPECIFIED.,.F.,.F.,
  (2,2),(0.,2.061552812809),.PIECEWISE_BEZIER_KNOTS.);
#845 = CARTESIAN_POINT('',(-0.540022327207,-1.414834345124));
#846 = CARTESIAN_POINT('',(1.459977672793,-0.914834345124));
#847 = ( GEOMETRIC_REPRESENTATION_CONTEXT(2) 
PARAMETRIC_REPRESENTATION_CONTEXT() REPRESENTATION_CONTEXT('2D SPACE',''
  ) );
#848 = ORIENTED_EDGE('',*,*,#677,.F.);
#849 = ADVANCED_FACE('',(#850),#471,.T.);
#850 = FACE_BOUND('',#851,.T.);
#851 = EDGE_LOOP('',(#852,#872,#873,#874));
#852 = ORIENTED_EDGE('',*,*,#853,.F.);
#853 = EDGE_CURVE('',#433,#854,#856,.T.);
#854 = VERTEX_POINT('',#855);
#855 = CARTESIAN_POINT('',(34.231880889686,54.328941568503,
    26.414579986989));
#856 = SURFACE_CURVE('',#857,(#860,#866),.PCURVE_S1.);
#857 = B_SPLINE_CURVE_WITH_KNOTS('',1,(#858,#859),.UNSPECIFIED.,.F.,.F.,
  (2,2),(11.00000015,37.414579986989),.PIECEWISE_BEZIER_KNOTS.);
#858 = CARTESIAN_POINT('',(34.231880889686,54.328941568503,
    1.499999982002E-07));
#859 = CARTESIAN_POINT('',(34.231880889686,54.328941568503,
    26.414579986989));
#860 = PCURVE('',#471,#861);
#861 = DEFINITIONAL_REPRESENTATION('',(#862),#865);
#862 = B_SPLINE_CURVE_WITH_KNOTS('',1,(#863,#864),.UNSPECIFIED.,.F.,.F.,
  (2,2),(11.00000015,37.414579986989),.PIECEWISE_BEZIER_KNOTS.);
#863 = CARTESIAN_POINT('',(11.00000015,12.731880889686));
#864 = CARTESIAN_POINT('',(37.414579986989,12.731880889686));
#865 = ( GEOMETRIC_REPRESENTATION_CONTEXT(2) 
PARAMETRIC_REPRESENTATION_CONTEXT() REPRESENTATION_CONTEXT('2D SPACE',''
  ) );
#866 = PCURVE('',#446,#867);
#867 = DEFINITIONAL_REPRESENTATION('',(#868),#871);
#868 = B_SPLINE_CURVE_WITH_KNOTS('',1,(#869,#870),.UNSPECIFIED.,.F.,.F.,
  (2,2),(11.00000015,37.414579986989),.PIECEWISE_BEZIER_KNOTS.);
#869 = CARTESIAN_POINT('',(11.00000015,-28.3289415685));
#870 = CARTESIAN_POINT('',(37.414579986989,-28.3289415685));
#871 = ( GEOMETRIC_REPRESENTATION_CONTEXT(2) 
PARAMETRIC_REPRESENTATION_CONTEXT() REPRESENTATION_CONTEXT('2D SPACE',''
  ) );
#872 = ORIENTED_EDGE('',*,*,#457,.F.);
#873 = ORIENTED_EDGE('',*,*,#630,.T.);
#874 = ORIENTED_EDGE('',*,*,#875,.T.);
#875 = EDGE_CURVE('',#631,#854,#876,.T.);
#876 = SURFACE_CURVE('',#877,(#880,#886),.PCURVE_S1.);
#877 = B_SPLINE_CURVE_WITH_KNOTS('',1,(#878,#879),.UNSPECIFIED.,.F.,.F.,
  (2,2),(0.,12.731880889686),.PIECEWISE_BEZIER_KNOTS.);
#878 = CARTESIAN_POINT('',(21.5,54.328941568503,26.414579986989));
#879 = CARTESIAN_POINT('',(34.231880889686,54.328941568503,
    26.414579986989));
#880 = PCURVE('',#471,#881);
#881 = DEFINITIONAL_REPRESENTATION('',(#882),#885);
#882 = B_SPLINE_CURVE_WITH_KNOTS('',1,(#883,#884),.UNSPECIFIED.,.F.,.F.,
  (2,2),(0.,12.731880889686),.PIECEWISE_BEZIER_KNOTS.);
#883 = CARTESIAN_POINT('',(37.414579986989,0.));
#884 = CARTESIAN_POINT('',(37.414579986989,12.731880889686));
#885 = ( GEOMETRIC_REPRESENTATION_CONTEXT(2) 
PARAMETRIC_REPRESENTATION_CONTEXT() REPRESENTATION_CONTEXT('2D SPACE',''
  ) );
#886 = PCURVE('',#662,#887);
#887 = DEFINITIONAL_REPRESENTATION('',(#888),#891);
#888 = B_SPLINE_CURVE_WITH_KNOTS('',1,(#889,#890),.UNSPECIFIED.,.F.,.F.,
  (2,2),(0.,12.731880889686),.PIECEWISE_BEZIER_KNOTS.);
#889 = CARTESIAN_POINT('',(0.,28.328941568503));
#890 = CARTESIAN_POINT('',(12.731880889686,28.328941568503));
#891 = ( GEOMETRIC_REPRESENTATION_CONTEXT(2) 
PARAMETRIC_REPRESENTATION_CONTEXT() REPRESENTATION_CONTEXT('2D SPACE',''
  ) );
#892 = ADVANCED_FACE('',(#893),#446,.T.);
#893 = FACE_BOUND('',#894,.T.);
#894 = EDGE_LOOP('',(#895,#915,#916,#917));
#895 = ORIENTED_EDGE('',*,*,#896,.F.);
#896 = EDGE_CURVE('',#408,#897,#899,.T.);
#897 = VERTEX_POINT('',#898);
#898 = CARTESIAN_POINT('',(34.231880889686,26.,26.414579986989));
#899 = SURFACE_CURVE('',#900,(#903,#909),.PCURVE_S1.);
#900 = B_SPLINE_CURVE_WITH_KNOTS('',1,(#901,#902),.UNSPECIFIED.,.F.,.F.,
  (2,2),(11.00000015,37.414579986989),.PIECEWISE_BEZIER_KNOTS.);
#901 = CARTESIAN_POINT('',(34.231880889686,26.,1.499999982002E-07));
#902 = CARTESIAN_POINT('',(34.231880889686,26.,26.414579986989));
#903 = PCURVE('',#446,#904);
#904 = DEFINITIONAL_REPRESENTATION('',(#905),#908);
#905 = B_SPLINE_CURVE_WITH_KNOTS('',1,(#906,#907),.UNSPECIFIED.,.F.,.F.,
  (2,2),(11.00000015,37.414579986989),.PIECEWISE_BEZIER_KNOTS.);
#906 = CARTESIAN_POINT('',(11.00000015,0.));
#907 = CARTESIAN_POINT('',(37.414579986989,0.));
#908 = ( GEOMETRIC_REPRESENTATION_CONTEXT(2) 
PARAMETRIC_REPRESENTATION_CONTEXT() REPRESENTATION_CONTEXT('2D SPACE',''
  ) );
#909 = PCURVE('',#421,#910);
#910 = DEFINITIONAL_REPRESENTATION('',(#911),#914);
#911 = B_SPLINE_CURVE_WITH_KNOTS('',1,(#912,#913),.UNSPECIFIED.,.F.,.F.,
  (2,2),(11.00000015,37.414579986989),.PIECEWISE_BEZIER_KNOTS.);
#912 = CARTESIAN_POINT('',(11.00000015,12.731880889686));
#913 = CARTESIAN_POINT('',(37.414579986989,12.731880889686));
#914 = ( GEOMETRIC_REPRESENTATION_CONTEXT(2) 
PARAMETRIC_REPRESENTATION_CONTEXT() REPRESENTATION_CONTEXT('2D SPACE',''
  ) );
#915 = ORIENTED_EDGE('',*,*,#432,.F.);
#916 = ORIENTED_EDGE('',*,*,#853,.T.);
#917 = ORIENTED_EDGE('',*,*,#918,.F.);
#918 = EDGE_CURVE('',#897,#854,#919,.T.);
#919 = SURFACE_CURVE('',#920,(#923,#929),.PCURVE_S1.);
#920 = B_SPLINE_CURVE_WITH_KNOTS('',1,(#921,#922),.UNSPECIFIED.,.F.,.F.,
  (2,2),(0.,28.328941568503),.PIECEWISE_BEZIER_KNOTS.);
#921 = CARTESIAN_POINT('',(34.231880889686,26.,26.414579986989));
#922 = CARTESIAN_POINT('',(34.231880889686,54.328941568503,
    26.414579986989));
#923 = PCURVE('',#446,#924);
#924 = DEFINITIONAL_REPRESENTATION('',(#925),#928);
#925 = B_SPLINE_CURVE_WITH_KNOTS('',1,(#926,#927),.UNSPECIFIED.,.F.,.F.,
  (2,2),(0.,28.328941568503),.PIECEWISE_BEZIER_KNOTS.);
#926 = CARTESIAN_POINT('',(37.414579986989,0.));
#927 = CARTESIAN_POINT('',(37.414579986989,-28.3289415685));
#928 = ( GEOMETRIC_REPRESENTATION_CONTEXT(2) 
PARAMETRIC_REPRESENTATION_CONTEXT() REPRESENTATION_CONTEXT('2D SPACE',''
  ) );
#929 = PCURVE('',#662,#930);
#930 = DEFINITIONAL_REPRESENTATION('',(#931),#934);
#931 = B_SPLINE_CURVE_WITH_KNOTS('',1,(#932,#933),.UNSPECIFIED.,.F.,.F.,
  (2,2),(0.,28.328941568503),.PIECEWISE_BEZIER_KNOTS.);
#932 = CARTESIAN_POINT('',(12.731880889686,0.));
#933 = CARTESIAN_POINT('',(12.731880889686,28.328941568503));
#934 = ( GEOMETRIC_REPRESENTATION_CONTEXT(2) 
PARAMETRIC_REPRESENTATION_CONTEXT() REPRESENTATION_CONTEXT('2D SPACE',''
  ) );
#935 = ADVANCED_FACE('',(#936),#421,.F.);
#936 = FACE_BOUND('',#937,.F.);
#937 = EDGE_LOOP('',(#938,#939,#940,#941));
#938 = ORIENTED_EDGE('',*,*,#896,.F.);
#939 = ORIENTED_EDGE('',*,*,#407,.F.);
#940 = ORIENTED_EDGE('',*,*,#605,.T.);
#941 = ORIENTED_EDGE('',*,*,#942,.T.);
#942 = EDGE_CURVE('',#606,#897,#943,.T.);
#943 = SURFACE_CURVE('',#944,(#947,#953),.PCURVE_S1.);
#944 = B_SPLINE_CURVE_WITH_KNOTS('',1,(#945,#946),.UNSPECIFIED.,.F.,.F.,
  (2,2),(0.,12.731880889686),.PIECEWISE_BEZIER_KNOTS.);
#945 = CARTESIAN_POINT('',(21.5,26.,26.414579986989));
#946 = CARTESIAN_POINT('',(34.231880889686,26.,26.414579986989));
#947 = PCURVE('',#421,#948);
#948 = DEFINITIONAL_REPRESENTATION('',(#949),#952);
#949 = B_SPLINE_CURVE_WITH_KNOTS('',1,(#950,#951),.UNSPECIFIED.,.F.,.F.,
  (2,2),(0.,12.731880889686),.PIECEWISE_BEZIER_KNOTS.);
#950 = CARTESIAN_POINT('',(37.414579986989,0.));
#951 = CARTESIAN_POINT('',(37.414579986989,12.731880889686));
#952 = ( GEOMETRIC_REPRESENTATION_CONTEXT(2) 
PARAMETRIC_REPRESENTATION_CONTEXT() REPRESENTATION_CONTEXT('2D SPACE',''
  ) );
#953 = PCURVE('',#662,#954);
#954 = DEFINITIONAL_REPRESENTATION('',(#955),#958);
#955 = B_SPLINE_CURVE_WITH_KNOTS('',1,(#956,#957),.UNSPECIFIED.,.F.,.F.,
  (2,2),(0.,12.731880889686),.PIECEWISE_BEZIER_KNOTS.);
#956 = CARTESIAN_POINT('',(0.,0.));
#957 = CARTESIAN_POINT('',(12.731880889686,0.));
#958 = ( GEOMETRIC_REPRESENTATION_CONTEXT(2) 
PARAMETRIC_REPRESENTATION_CONTEXT() REPRESENTATION_CONTEXT('2D SPACE',''
  ) );
#959 = ADVANCED_FACE('',(#960),#518,.F.);
#960 = FACE_BOUND('',#961,.F.);
#961 = EDGE_LOOP('',(#962,#982,#983,#1003));
#962 = ORIENTED_EDGE('',*,*,#963,.F.);
#963 = EDGE_CURVE('',#503,#964,#966,.T.);
#964 = VERTEX_POINT('',#965);
#965 = CARTESIAN_POINT('',(34.,48.,0.5));
#966 = SURFACE_CURVE('',#967,(#970,#976),.PCURVE_S1.);
#967 = B_SPLINE_CURVE_WITH_KNOTS('',1,(#968,#969),.UNSPECIFIED.,.F.,.F.,
  (2,2),(2.635231541588,3.162277660168),.PIECEWISE_BEZIER_KNOTS.);
#968 = CARTESIAN_POINT('',(34.,47.833333383333,1.499999982002E-07));
#969 = CARTESIAN_POINT('',(34.,48.,0.5));
#970 = PCURVE('',#518,#971);
#971 = DEFINITIONAL_REPRESENTATION('',(#972),#975);
#972 = B_SPLINE_CURVE_WITH_KNOTS('',1,(#973,#974),.UNSPECIFIED.,.F.,.F.,
  (2,2),(2.635231541588,3.162277660168),.PIECEWISE_BEZIER_KNOTS.);
#973 = CARTESIAN_POINT('',(2.635231541588,0.));
#974 = CARTESIAN_POINT('',(3.162277660168,0.));
#975 = ( GEOMETRIC_REPRESENTATION_CONTEXT(2) 
PARAMETRIC_REPRESENTATION_CONTEXT() REPRESENTATION_CONTEXT('2D SPACE',''
  ) );
#976 = PCURVE('',#543,#977);
#977 = DEFINITIONAL_REPRESENTATION('',(#978),#981);
#978 = B_SPLINE_CURVE_WITH_KNOTS('',1,(#979,#980),.UNSPECIFIED.,.F.,.F.,
  (2,2),(2.635231541588,3.162277660168),.PIECEWISE_BEZIER_KNOTS.);
#979 = CARTESIAN_POINT('',(-0.239501131308,-4.093158205985));
#980 = CARTESIAN_POINT('',(0.260498718692,-4.259824822651));
#981 = ( GEOMETRIC_REPRESENTATION_CONTEXT(2) 
PARAMETRIC_REPRESENTATION_CONTEXT() REPRESENTATION_CONTEXT('2D SPACE',''
  ) );
#982 = ORIENTED_EDGE('',*,*,#502,.T.);
#983 = ORIENTED_EDGE('',*,*,#984,.T.);
#984 = EDGE_CURVE('',#505,#985,#987,.T.);
#985 = VERTEX_POINT('',#986);
#986 = CARTESIAN_POINT('',(27.423833051926,48.,0.5));
#987 = SURFACE_CURVE('',#988,(#991,#997),.PCURVE_S1.);
#988 = B_SPLINE_CURVE_WITH_KNOTS('',1,(#989,#990),.UNSPECIFIED.,.F.,.F.,
  (2,2),(2.635231541588,3.162277660168),.PIECEWISE_BEZIER_KNOTS.);
#989 = CARTESIAN_POINT('',(27.423833051926,47.833333383333,
    1.499999982002E-07));
#990 = CARTESIAN_POINT('',(27.423833051926,48.,0.5));
#991 = PCURVE('',#518,#992);
#992 = DEFINITIONAL_REPRESENTATION('',(#993),#996);
#993 = B_SPLINE_CURVE_WITH_KNOTS('',1,(#994,#995),.UNSPECIFIED.,.F.,.F.,
  (2,2),(2.635231541588,3.162277660168),.PIECEWISE_BEZIER_KNOTS.);
#994 = CARTESIAN_POINT('',(2.635231541588,-6.576166948074));
#995 = CARTESIAN_POINT('',(3.162277660168,-6.576166948074));
#996 = ( GEOMETRIC_REPRESENTATION_CONTEXT(2) 
PARAMETRIC_REPRESENTATION_CONTEXT() REPRESENTATION_CONTEXT('2D SPACE',''
  ) );
#997 = PCURVE('',#591,#998);
#998 = DEFINITIONAL_REPRESENTATION('',(#999),#1002);
#999 = B_SPLINE_CURVE_WITH_KNOTS('',1,(#1000,#1001),.UNSPECIFIED.,.F.,
  .F.,(2,2),(2.635231541588,3.162277660168),.PIECEWISE_BEZIER_KNOTS.);
#1000 = CARTESIAN_POINT('',(-0.239501131308,-4.093158205985));
#1001 = CARTESIAN_POINT('',(0.260498718692,-4.259824822651));
#1002 = ( GEOMETRIC_REPRESENTATION_CONTEXT(2) 
PARAMETRIC_REPRESENTATION_CONTEXT() REPRESENTATION_CONTEXT('2D SPACE',''
  ) );
#1003 = ORIENTED_EDGE('',*,*,#1004,.F.);
#1004 = EDGE_CURVE('',#964,#985,#1005,.T.);
#1005 = SURFACE_CURVE('',#1006,(#1009,#1015),.PCURVE_S1.);
#1006 = B_SPLINE_CURVE_WITH_KNOTS('',1,(#1007,#1008),.UNSPECIFIED.,.F.,
  .F.,(2,2),(0.,6.576166948074),.PIECEWISE_BEZIER_KNOTS.);
#1007 = CARTESIAN_POINT('',(34.,48.,0.5));
#1008 = CARTESIAN_POINT('',(27.423833051926,48.,0.5));
#1009 = PCURVE('',#518,#1010);
#1010 = DEFINITIONAL_REPRESENTATION('',(#1011),#1014);
#1011 = B_SPLINE_CURVE_WITH_KNOTS('',1,(#1012,#1013),.UNSPECIFIED.,.F.,
  .F.,(2,2),(0.,6.576166948074),.PIECEWISE_BEZIER_KNOTS.);
#1012 = CARTESIAN_POINT('',(3.162277660168,0.));
#1013 = CARTESIAN_POINT('',(3.162277660168,-6.576166948074));
#1014 = ( GEOMETRIC_REPRESENTATION_CONTEXT(2) 
PARAMETRIC_REPRESENTATION_CONTEXT() REPRESENTATION_CONTEXT('2D SPACE',''
  ) );
#1015 = PCURVE('',#1016,#1021);
#1016 = B_SPLINE_SURFACE_WITH_KNOTS('',1,1,(
    (#1017,#1018)
    ,(#1019,#1020
    )),.UNSPECIFIED.,.F.,.F.,.F.,(2,2),(2,2),(0.,3.35410196625),(
    -6.576166948074,0.),.PIECEWISE_BEZIER_KNOTS.);
#1017 = CARTESIAN_POINT('',(27.423833051926,48.,0.5));
#1018 = CARTESIAN_POINT('',(34.,48.,0.5));
#1019 = CARTESIAN_POINT('',(27.423833051926,46.5,3.5));
#1020 = CARTESIAN_POINT('',(34.,46.5,3.5));
#1021 = DEFINITIONAL_REPRESENTATION('',(#1022),#1025);
#1022 = B_SPLINE_CURVE_WITH_KNOTS('',1,(#1023,#1024),.UNSPECIFIED.,.F.,
  .F.,(2,2),(0.,6.576166948074),.PIECEWISE_BEZIER_KNOTS.);
#1023 = CARTESIAN_POINT('',(0.,0.));
#1024 = CARTESIAN_POINT('',(0.,-6.576166948074));
#1025 = ( GEOMETRIC_REPRESENTATION_CONTEXT(2) 
PARAMETRIC_REPRESENTATION_CONTEXT() REPRESENTATION_CONTEXT('2D SPACE',''
  ) );
#1026 = ADVANCED_FACE('',(#1027),#591,.T.);
#1027 = FACE_BOUND('',#1028,.T.);
#1028 = EDGE_LOOP('',(#1029,#1030,#1031,#1051,#1076,#1101));
#1029 = ORIENTED_EDGE('',*,*,#579,.T.);
#1030 = ORIENTED_EDGE('',*,*,#984,.T.);
#1031 = ORIENTED_EDGE('',*,*,#1032,.T.);
#1032 = EDGE_CURVE('',#985,#1033,#1035,.T.);
#1033 = VERTEX_POINT('',#1034);
#1034 = CARTESIAN_POINT('',(27.423833051926,46.5,3.5));
#1035 = SURFACE_CURVE('',#1036,(#1039,#1045),.PCURVE_S1.);
#1036 = B_SPLINE_CURVE_WITH_KNOTS('',1,(#1037,#1038),.UNSPECIFIED.,.F.,
  .F.,(2,2),(0.,3.35410196625),.PIECEWISE_BEZIER_KNOTS.);
#1037 = CARTESIAN_POINT('',(27.423833051926,48.,0.5));
#1038 = CARTESIAN_POINT('',(27.423833051926,46.5,3.5));
#1039 = PCURVE('',#591,#1040);
#1040 = DEFINITIONAL_REPRESENTATION('',(#1041),#1044);
#1041 = B_SPLINE_CURVE_WITH_KNOTS('',1,(#1042,#1043),.UNSPECIFIED.,.F.,
  .F.,(2,2),(0.,3.35410196625),.PIECEWISE_BEZIER_KNOTS.);
#1042 = CARTESIAN_POINT('',(0.260498718692,-4.259824822651));
#1043 = CARTESIAN_POINT('',(3.260498718692,-2.759824822651));
#1044 = ( GEOMETRIC_REPRESENTATION_CONTEXT(2) 
PARAMETRIC_REPRESENTATION_CONTEXT() REPRESENTATION_CONTEXT('2D SPACE',''
  ) );
#1045 = PCURVE('',#1016,#1046);
#1046 = DEFINITIONAL_REPRESENTATION('',(#1047),#1050);
#1047 = B_SPLINE_CURVE_WITH_KNOTS('',1,(#1048,#1049),.UNSPECIFIED.,.F.,
  .F.,(2,2),(0.,3.35410196625),.PIECEWISE_BEZIER_KNOTS.);
#1048 = CARTESIAN_POINT('',(0.,-6.576166948074));
#1049 = CARTESIAN_POINT('',(3.35410196625,-6.576166948074));
#1050 = ( GEOMETRIC_REPRESENTATION_CONTEXT(2) 
PARAMETRIC_REPRESENTATION_CONTEXT() REPRESENTATION_CONTEXT('2D SPACE',''
  ) );
#1051 = ORIENTED_EDGE('',*,*,#1052,.T.);
#1052 = EDGE_CURVE('',#1033,#1053,#1055,.T.);
#1053 = VERTEX_POINT('',#1054);
#1054 = CARTESIAN_POINT('',(27.423833051926,43.5,4.5));
#1055 = SURFACE_CURVE('',#1056,(#1059,#1065),.PCURVE_S1.);
#1056 = B_SPLINE_CURVE_WITH_KNOTS('',1,(#1057,#1058),.UNSPECIFIED.,.F.,
  .F.,(2,2),(0.,3.162277660168),.PIECEWISE_BEZIER_KNOTS.);
#1057 = CARTESIAN_POINT('',(27.423833051926,46.5,3.5));
#1058 = CARTESIAN_POINT('',(27.423833051926,43.5,4.5));
#1059 = PCURVE('',#591,#1060);
#1060 = DEFINITIONAL_REPRESENTATION('',(#1061),#1064);
#1061 = B_SPLINE_CURVE_WITH_KNOTS('',1,(#1062,#1063),.UNSPECIFIED.,.F.,
  .F.,(2,2),(0.,3.162277660168),.PIECEWISE_BEZIER_KNOTS.);
#1062 = CARTESIAN_POINT('',(3.260498718692,-2.759824822651));
#1063 = CARTESIAN_POINT('',(4.260498718692,0.240175177349));
#1064 = ( GEOMETRIC_REPRESENTATION_CONTEXT(2) 
PARAMETRIC_REPRESENTATION_CONTEXT() REPRESENTATION_CONTEXT('2D SPACE',''
  ) );
#1065 = PCURVE('',#1066,#1071);
#1066 = B_SPLINE_SURFACE_WITH_KNOTS('',1,1,(
    (#1067,#1068)
    ,(#1069,#1070
    )),.UNSPECIFIED.,.F.,.F.,.F.,(2,2),(2,2),(0.,3.162277660168),(
    -6.576166948074,0.),.PIECEWISE_BEZIER_KNOTS.);
#1067 = CARTESIAN_POINT('',(27.423833051926,46.5,3.5));
#1068 = CARTESIAN_POINT('',(34.,46.5,3.5));
#1069 = CARTESIAN_POINT('',(27.423833051926,43.5,4.5));
#1070 = CARTESIAN_POINT('',(34.,43.5,4.5));
#1071 = DEFINITIONAL_REPRESENTATION('',(#1072),#1075);
#1072 = B_SPLINE_CURVE_WITH_KNOTS('',1,(#1073,#1074),.UNSPECIFIED.,.F.,
  .F.,(2,2),(0.,3.162277660168),.PIECEWISE_BEZIER_KNOTS.);
#1073 = CARTESIAN_POINT('',(0.,-6.576166948074));
#1074 = CARTESIAN_POINT('',(3.162277660168,-6.576166948074));
#1075 = ( GEOMETRIC_REPRESENTATION_CONTEXT(2) 
PARAMETRIC_REPRESENTATION_CONTEXT() REPRESENTATION_CONTEXT('2D SPACE',''
  ) );
#1076 = ORIENTED_EDGE('',*,*,#1077,.T.);
#1077 = EDGE_CURVE('',#1053,#1078,#1080,.T.);
#1078 = VERTEX_POINT('',#1079);
#1079 = CARTESIAN_POINT('',(27.423833051926,40.5,3.));
#1080 = SURFACE_CURVE('',#1081,(#1084,#1090),.PCURVE_S1.);
#1081 = B_SPLINE_CURVE_WITH_KNOTS('',1,(#1082,#1083),.UNSPECIFIED.,.F.,
  .F.,(2,2),(0.,3.35410196625),.PIECEWISE_BEZIER_KNOTS.);
#1082 = CARTESIAN_POINT('',(27.423833051926,43.5,4.5));
#1083 = CARTESIAN_POINT('',(27.423833051926,40.5,3.));
#1084 = PCURVE('',#591,#1085);
#1085 = DEFINITIONAL_REPRESENTATION('',(#1086),#1089);
#1086 = B_SPLINE_CURVE_WITH_KNOTS('',1,(#1087,#1088),.UNSPECIFIED.,.F.,
  .F.,(2,2),(0.,3.35410196625),.PIECEWISE_BEZIER_KNOTS.);
#1087 = CARTESIAN_POINT('',(4.260498718692,0.240175177349));
#1088 = CARTESIAN_POINT('',(2.760498718692,3.240175177349));
#1089 = ( GEOMETRIC_REPRESENTATION_CONTEXT(2) 
PARAMETRIC_REPRESENTATION_CONTEXT() REPRESENTATION_CONTEXT('2D SPACE',''
  ) );
#1090 = PCURVE('',#1091,#1096);
#1091 = B_SPLINE_SURFACE_WITH_KNOTS('',1,1,(
    (#1092,#1093)
    ,(#1094,#1095
    )),.UNSPECIFIED.,.F.,.F.,.F.,(2,2),(2,2),(0.,3.35410196625),(
    -6.576166948074,0.),.PIECEWISE_BEZIER_KNOTS.);
#1092 = CARTESIAN_POINT('',(27.423833051926,43.5,4.5));
#1093 = CARTESIAN_POINT('',(34.,43.5,4.5));
#1094 = CARTESIAN_POINT('',(27.423833051926,40.5,3.));
#1095 = CARTESIAN_POINT('',(34.,40.5,3.));
#1096 = DEFINITIONAL_REPRESENTATION('',(#1097),#1100);
#1097 = B_SPLINE_CURVE_WITH_KNOTS('',1,(#1098,#1099),.UNSPECIFIED.,.F.,
  .F.,(2,2),(0.,3.35410196625),.PIECEWISE_BEZIER_KNOTS.);
#1098 = CARTESIAN_POINT('',(0.,-6.576166948074));
#1099 = CARTESIAN_POINT('',(3.35410196625,-6.576166948074));
#1100 = ( GEOMETRIC_REPRESENTATION_CONTEXT(2) 
PARAMETRIC_REPRESENTATION_CONTEXT() REPRESENTATION_CONTEXT('2D SPACE',''
  ) );
#1101 = ORIENTED_EDGE('',*,*,#1102,.T.);
#1102 = EDGE_CURVE('',#1078,#555,#1103,.T.);
#1103 = SURFACE_CURVE('',#1104,(#1107,#1113),.PCURVE_S1.);
#1104 = B_SPLINE_CURVE_WITH_KNOTS('',1,(#1105,#1106),.UNSPECIFIED.,.F.,
  .F.,(2,2),(0.,3.120046939404),.PIECEWISE_BEZIER_KNOTS.);
#1105 = CARTESIAN_POINT('',(27.423833051926,40.5,3.));
#1106 = CARTESIAN_POINT('',(27.423833051926,39.642857185714,
    1.499999982002E-07));
#1107 = PCURVE('',#591,#1108);
#1108 = DEFINITIONAL_REPRESENTATION('',(#1109),#1112);
#1109 = B_SPLINE_CURVE_WITH_KNOTS('',1,(#1110,#1111),.UNSPECIFIED.,.F.,
  .F.,(2,2),(0.,3.120046939404),.PIECEWISE_BEZIER_KNOTS.);
#1110 = CARTESIAN_POINT('',(2.760498718692,3.240175177349));
#1111 = CARTESIAN_POINT('',(-0.239501131308,4.097317991634));
#1112 = ( GEOMETRIC_REPRESENTATION_CONTEXT(2) 
PARAMETRIC_REPRESENTATION_CONTEXT() REPRESENTATION_CONTEXT('2D SPACE',''
  ) );
#1113 = PCURVE('',#568,#1114);
#1114 = DEFINITIONAL_REPRESENTATION('',(#1115),#1118);
#1115 = B_SPLINE_CURVE_WITH_KNOTS('',1,(#1116,#1117),.UNSPECIFIED.,.F.,
  .F.,(2,2),(0.,3.120046939404),.PIECEWISE_BEZIER_KNOTS.);
#1116 = CARTESIAN_POINT('',(0.,-6.576166948074));
#1117 = CARTESIAN_POINT('',(3.120046939404,-6.576166948074));
#1118 = ( GEOMETRIC_REPRESENTATION_CONTEXT(2) 
PARAMETRIC_REPRESENTATION_CONTEXT() REPRESENTATION_CONTEXT('2D SPACE',''
  ) );
#1119 = ADVANCED_FACE('',(#1120),#568,.F.);
#1120 = FACE_BOUND('',#1121,.F.);
#1121 = EDGE_LOOP('',(#1122,#1142,#1160,#1161));
#1122 = ORIENTED_EDGE('',*,*,#1123,.F.);
#1123 = EDGE_CURVE('',#1124,#530,#1126,.T.);
#1124 = VERTEX_POINT('',#1125);
#1125 = CARTESIAN_POINT('',(34.,40.5,3.));
#1126 = SURFACE_CURVE('',#1127,(#1130,#1136),.PCURVE_S1.);
#1127 = B_SPLINE_CURVE_WITH_KNOTS('',1,(#1128,#1129),.UNSPECIFIED.,.F.,
  .F.,(2,2),(0.,3.120046939404),.PIECEWISE_BEZIER_KNOTS.);
#1128 = CARTESIAN_POINT('',(34.,40.5,3.));
#1129 = CARTESIAN_POINT('',(34.,39.642857185714,1.499999982002E-07));
#1130 = PCURVE('',#568,#1131);
#1131 = DEFINITIONAL_REPRESENTATION('',(#1132),#1135);
#1132 = B_SPLINE_CURVE_WITH_KNOTS('',1,(#1133,#1134),.UNSPECIFIED.,.F.,
  .F.,(2,2),(0.,3.120046939404),.PIECEWISE_BEZIER_KNOTS.);
#1133 = CARTESIAN_POINT('',(0.,0.));
#1134 = CARTESIAN_POINT('',(3.120046939404,0.));
#1135 = ( GEOMETRIC_REPRESENTATION_CONTEXT(2) 
PARAMETRIC_REPRESENTATION_CONTEXT() REPRESENTATION_CONTEXT('2D SPACE',''
  ) );
#1136 = PCURVE('',#543,#1137);
#1137 = DEFINITIONAL_REPRESENTATION('',(#1138),#1141);
#1138 = B_SPLINE_CURVE_WITH_KNOTS('',1,(#1139,#1140),.UNSPECIFIED.,.F.,
  .F.,(2,2),(0.,3.120046939404),.PIECEWISE_BEZIER_KNOTS.);
#1139 = CARTESIAN_POINT('',(2.760498718692,3.240175177349));
#1140 = CARTESIAN_POINT('',(-0.239501131308,4.097317991634));
#1141 = ( GEOMETRIC_REPRESENTATION_CONTEXT(2) 
PARAMETRIC_REPRESENTATION_CONTEXT() REPRESENTATION_CONTEXT('2D SPACE',''
  ) );
#1142 = ORIENTED_EDGE('',*,*,#1143,.T.);
#1143 = EDGE_CURVE('',#1124,#1078,#1144,.T.);
#1144 = SURFACE_CURVE('',#1145,(#1148,#1154),.PCURVE_S1.);
#1145 = B_SPLINE_CURVE_WITH_KNOTS('',1,(#1146,#1147),.UNSPECIFIED.,.F.,
  .F.,(2,2),(0.,6.576166948074),.PIECEWISE_BEZIER_KNOTS.);
#1146 = CARTESIAN_POINT('',(34.,40.5,3.));
#1147 = CARTESIAN_POINT('',(27.423833051926,40.5,3.));
#1148 = PCURVE('',#568,#1149);
#1149 = DEFINITIONAL_REPRESENTATION('',(#1150),#1153);
#1150 = B_SPLINE_CURVE_WITH_KNOTS('',1,(#1151,#1152),.UNSPECIFIED.,.F.,
  .F.,(2,2),(0.,6.576166948074),.PIECEWISE_BEZIER_KNOTS.);
#1151 = CARTESIAN_POINT('',(0.,0.));
#1152 = CARTESIAN_POINT('',(0.,-6.576166948074));
#1153 = ( GEOMETRIC_REPRESENTATION_CONTEXT(2) 
PARAMETRIC_REPRESENTATION_CONTEXT() REPRESENTATION_CONTEXT('2D SPACE',''
  ) );
#1154 = PCURVE('',#1091,#1155);
#1155 = DEFINITIONAL_REPRESENTATION('',(#1156),#1159);
#1156 = B_SPLINE_CURVE_WITH_KNOTS('',1,(#1157,#1158),.UNSPECIFIED.,.F.,
  .F.,(2,2),(0.,6.576166948074),.PIECEWISE_BEZIER_KNOTS.);
#1157 = CARTESIAN_POINT('',(3.35410196625,0.));
#1158 = CARTESIAN_POINT('',(3.35410196625,-6.576166948074));
#1159 = ( GEOMETRIC_REPRESENTATION_CONTEXT(2) 
PARAMETRIC_REPRESENTATION_CONTEXT() REPRESENTATION_CONTEXT('2D SPACE',''
  ) );
#1160 = ORIENTED_EDGE('',*,*,#1102,.T.);
#1161 = ORIENTED_EDGE('',*,*,#554,.T.);
#1162 = ADVANCED_FACE('',(#1163),#543,.F.);
#1163 = FACE_BOUND('',#1164,.F.);
#1164 = EDGE_LOOP('',(#1165,#1166,#1167,#1187,#1207,#1225));
#1165 = ORIENTED_EDGE('',*,*,#529,.T.);
#1166 = ORIENTED_EDGE('',*,*,#963,.T.);
#1167 = ORIENTED_EDGE('',*,*,#1168,.T.);
#1168 = EDGE_CURVE('',#964,#1169,#1171,.T.);
#1169 = VERTEX_POINT('',#1170);
#1170 = CARTESIAN_POINT('',(34.,46.5,3.5));
#1171 = SURFACE_CURVE('',#1172,(#1175,#1181),.PCURVE_S1.);
#1172 = B_SPLINE_CURVE_WITH_KNOTS('',1,(#1173,#1174),.UNSPECIFIED.,.F.,
  .F.,(2,2),(0.,3.35410196625),.PIECEWISE_BEZIER_KNOTS.);
#1173 = CARTESIAN_POINT('',(34.,48.,0.5));
#1174 = CARTESIAN_POINT('',(34.,46.5,3.5));
#1175 = PCURVE('',#543,#1176);
#1176 = DEFINITIONAL_REPRESENTATION('',(#1177),#1180);
#1177 = B_SPLINE_CURVE_WITH_KNOTS('',1,(#1178,#1179),.UNSPECIFIED.,.F.,
  .F.,(2,2),(0.,3.35410196625),.PIECEWISE_BEZIER_KNOTS.);
#1178 = CARTESIAN_POINT('',(0.260498718692,-4.259824822651));
#1179 = CARTESIAN_POINT('',(3.260498718692,-2.759824822651));
#1180 = ( GEOMETRIC_REPRESENTATION_CONTEXT(2) 
PARAMETRIC_REPRESENTATION_CONTEXT() REPRESENTATION_CONTEXT('2D SPACE',''
  ) );
#1181 = PCURVE('',#1016,#1182);
#1182 = DEFINITIONAL_REPRESENTATION('',(#1183),#1186);
#1183 = B_SPLINE_CURVE_WITH_KNOTS('',1,(#1184,#1185),.UNSPECIFIED.,.F.,
  .F.,(2,2),(0.,3.35410196625),.PIECEWISE_BEZIER_KNOTS.);
#1184 = CARTESIAN_POINT('',(0.,0.));
#1185 = CARTESIAN_POINT('',(3.35410196625,0.));
#1186 = ( GEOMETRIC_REPRESENTATION_CONTEXT(2) 
PARAMETRIC_REPRESENTATION_CONTEXT() REPRESENTATION_CONTEXT('2D SPACE',''
  ) );
#1187 = ORIENTED_EDGE('',*,*,#1188,.T.);
#1188 = EDGE_CURVE('',#1169,#1189,#1191,.T.);
#1189 = VERTEX_POINT('',#1190);
#1190 = CARTESIAN_POINT('',(34.,43.5,4.5));
#1191 = SURFACE_CURVE('',#1192,(#1195,#1201),.PCURVE_S1.);
#1192 = B_SPLINE_CURVE_WITH_KNOTS('',1,(#1193,#1194),.UNSPECIFIED.,.F.,
  .F.,(2,2),(0.,3.162277660168),.PIECEWISE_BEZIER_KNOTS.);
#1193 = CARTESIAN_POINT('',(34.,46.5,3.5));
#1194 = CARTESIAN_POINT('',(34.,43.5,4.5));
#1195 = PCURVE('',#543,#1196);
#1196 = DEFINITIONAL_REPRESENTATION('',(#1197),#1200);
#1197 = B_SPLINE_CURVE_WITH_KNOTS('',1,(#1198,#1199),.UNSPECIFIED.,.F.,
  .F.,(2,2),(0.,3.162277660168),.PIECEWISE_BEZIER_KNOTS.);
#1198 = CARTESIAN_POINT('',(3.260498718692,-2.759824822651));
#1199 = CARTESIAN_POINT('',(4.260498718692,0.240175177349));
#1200 = ( GEOMETRIC_REPRESENTATION_CONTEXT(2) 
PARAMETRIC_REPRESENTATION_CONTEXT() REPRESENTATION_CONTEXT('2D SPACE',''
  ) );
#1201 = PCURVE('',#1066,#1202);
#1202 = DEFINITIONAL_REPRESENTATION('',(#1203),#1206);
#1203 = B_SPLINE_CURVE_WITH_KNOTS('',1,(#1204,#1205),.UNSPECIFIED.,.F.,
  .F.,(2,2),(0.,3.162277660168),.PIECEWISE_BEZIER_KNOTS.);
#1204 = CARTESIAN_POINT('',(0.,0.));
#1205 = CARTESIAN_POINT('',(3.162277660168,0.));
#1206 = ( GEOMETRIC_REPRESENTATION_CONTEXT(2) 
PARAMETRIC_REPRESENTATION_CONTEXT() REPRESENTATION_CONTEXT('2D SPACE',''
  ) );
#1207 = ORIENTED_EDGE('',*,*,#1208,.T.);
#1208 = EDGE_CURVE('',#1189,#1124,#1209,.T.);
#1209 = SURFACE_CURVE('',#1210,(#1213,#1219),.PCURVE_S1.);
#1210 = B_SPLINE_CURVE_WITH_KNOTS('',1,(#1211,#1212),.UNSPECIFIED.,.F.,
  .F.,(2,2),(0.,3.35410196625),.PIECEWISE_BEZIER_KNOTS.);
#1211 = CARTESIAN_POINT('',(34.,43.5,4.5));
#1212 = CARTESIAN_POINT('',(34.,40.5,3.));
#1213 = PCURVE('',#543,#1214);
#1214 = DEFINITIONAL_REPRESENTATION('',(#1215),#1218);
#1215 = B_SPLINE_CURVE_WITH_KNOTS('',1,(#1216,#1217),.UNSPECIFIED.,.F.,
  .F.,(2,2),(0.,3.35410196625),.PIECEWISE_BEZIER_KNOTS.);
#1216 = CARTESIAN_POINT('',(4.260498718692,0.240175177349));
#1217 = CARTESIAN_POINT('',(2.760498718692,3.240175177349));
#1218 = ( GEOMETRIC_REPRESENTATION_CONTEXT(2) 
PARAMETRIC_REPRESENTATION_CONTEXT() REPRESENTATION_CONTEXT('2D SPACE',''
  ) );
#1219 = PCURVE('',#1091,#1220);
#1220 = DEFINITIONAL_REPRESENTATION('',(#1221),#1224);
#1221 = B_SPLINE_CURVE_WITH_KNOTS('',1,(#1222,#1223),.UNSPECIFIED.,.F.,
  .F.,(2,2),(0.,3.35410196625),.PIECEWISE_BEZIER_KNOTS.);
#1222 = CARTESIAN_POINT('',(0.,0.));
#1223 = CARTESIAN_POINT('',(3.35410196625,0.));
#1224 = ( GEOMETRIC_REPRESENTATION_CONTEXT(2) 
PARAMETRIC_REPRESENTATION_CONTEXT() REPRESENTATION_CONTEXT('2D SPACE',''
  ) );
#1225 = ORIENTED_EDGE('',*,*,#1123,.T.);
#1226 = ADVANCED_FACE('',(#1227,#1233,#1335,#1532),#662,.T.);
#1227 = FACE_BOUND('',#1228,.T.);
#1228 = EDGE_LOOP('',(#1229,#1230,#1231,#1232));
#1229 = ORIENTED_EDGE('',*,*,#650,.F.);
#1230 = ORIENTED_EDGE('',*,*,#942,.T.);
#1231 = ORIENTED_EDGE('',*,*,#918,.T.);
#1232 = ORIENTED_EDGE('',*,*,#875,.F.);
#1233 = FACE_BOUND('',#1234,.T.);
#1234 = EDGE_LOOP('',(#1235,#1262,#1287,#1312));
#1235 = ORIENTED_EDGE('',*,*,#1236,.T.);
#1236 = EDGE_CURVE('',#1237,#1239,#1241,.T.);
#1237 = VERTEX_POINT('',#1238);
#1238 = CARTESIAN_POINT('',(31.740220691356,27.990886002698,
    26.414579986989));
#1239 = VERTEX_POINT('',#1240);
#1240 = CARTESIAN_POINT('',(31.332174650564,27.990886002698,
    26.414579986989));
#1241 = SURFACE_CURVE('',#1242,(#1245,#1251),.PCURVE_S1.);
#1242 = B_SPLINE_CURVE_WITH_KNOTS('',1,(#1243,#1244),.UNSPECIFIED.,.F.,
  .F.,(2,2),(-5.324133366074,-4.916087325282),.PIECEWISE_BEZIER_KNOTS.);
#1243 = CARTESIAN_POINT('',(31.740220691356,27.990886002698,
    26.414579986989));
#1244 = CARTESIAN_POINT('',(31.332174650564,27.990886002698,
    26.414579986989));
#1245 = PCURVE('',#662,#1246);
#1246 = DEFINITIONAL_REPRESENTATION('',(#1247),#1250);
#1247 = B_SPLINE_CURVE_WITH_KNOTS('',1,(#1248,#1249),.UNSPECIFIED.,.F.,
  .F.,(2,2),(-5.324133366074,-4.916087325282),.PIECEWISE_BEZIER_KNOTS.);
#1248 = CARTESIAN_POINT('',(10.240220691356,1.990886002698));
#1249 = CARTESIAN_POINT('',(9.832174650564,1.990886002698));
#1250 = ( GEOMETRIC_REPRESENTATION_CONTEXT(2) 
PARAMETRIC_REPRESENTATION_CONTEXT() REPRESENTATION_CONTEXT('2D SPACE',''
  ) );
#1251 = PCURVE('',#1252,#1257);
#1252 = B_SPLINE_SURFACE_WITH_KNOTS('',1,1,(
    (#1253,#1254)
    ,(#1255,#1256
    )),.UNSPECIFIED.,.F.,.F.,.F.,(2,2),(2,2),(0.,14.373353088189),(0.,
    0.408046040792),.PIECEWISE_BEZIER_KNOTS.);
#1253 = CARTESIAN_POINT('',(31.332174650564,27.990886002698,
    12.041226898801));
#1254 = CARTESIAN_POINT('',(31.740220691356,27.990886002698,
    12.041226898801));
#1255 = CARTESIAN_POINT('',(31.332174650564,27.990886002698,
    26.414579986989));
#1256 = CARTESIAN_POINT('',(31.740220691356,27.990886002698,
    26.414579986989));
#1257 = DEFINITIONAL_REPRESENTATION('',(#1258),#1261);
#1258 = B_SPLINE_CURVE_WITH_KNOTS('',1,(#1259,#1260),.UNSPECIFIED.,.F.,
  .F.,(2,2),(-5.324133366074,-4.916087325282),.PIECEWISE_BEZIER_KNOTS.);
#1259 = CARTESIAN_POINT('',(14.373353088189,0.408046040792));
#1260 = CARTESIAN_POINT('',(14.373353088189,0.));
#1261 = ( GEOMETRIC_REPRESENTATION_CONTEXT(2) 
PARAMETRIC_REPRESENTATION_CONTEXT() REPRESENTATION_CONTEXT('2D SPACE',''
  ) );
#1262 = ORIENTED_EDGE('',*,*,#1263,.T.);
#1263 = EDGE_CURVE('',#1239,#1264,#1266,.T.);
#1264 = VERTEX_POINT('',#1265);
#1265 = CARTESIAN_POINT('',(31.332174650564,33.340330395823,
    26.414579986989));
#1266 = SURFACE_CURVE('',#1267,(#1270,#1276),.PCURVE_S1.);
#1267 = B_SPLINE_CURVE_WITH_KNOTS('',1,(#1268,#1269),.UNSPECIFIED.,.F.,
  .F.,(2,2),(0.995443001349,6.344887394474),.PIECEWISE_BEZIER_KNOTS.);
#1268 = CARTESIAN_POINT('',(31.332174650564,27.990886002698,
    26.414579986989));
#1269 = CARTESIAN_POINT('',(31.332174650564,33.340330395823,
    26.414579986989));
#1270 = PCURVE('',#662,#1271);
#1271 = DEFINITIONAL_REPRESENTATION('',(#1272),#1275);
#1272 = B_SPLINE_CURVE_WITH_KNOTS('',1,(#1273,#1274),.UNSPECIFIED.,.F.,
  .F.,(2,2),(0.995443001349,6.344887394474),.PIECEWISE_BEZIER_KNOTS.);
#1273 = CARTESIAN_POINT('',(9.832174650564,1.990886002698));
#1274 = CARTESIAN_POINT('',(9.832174650564,7.340330395823));
#1275 = ( GEOMETRIC_REPRESENTATION_CONTEXT(2) 
PARAMETRIC_REPRESENTATION_CONTEXT() REPRESENTATION_CONTEXT('2D SPACE',''
  ) );
#1276 = PCURVE('',#1277,#1282);
#1277 = B_SPLINE_SURFACE_WITH_KNOTS('',1,1,(
    (#1278,#1279)
    ,(#1280,#1281
    )),.UNSPECIFIED.,.F.,.F.,.F.,(2,2),(2,2),(0.,14.373353088189),(
    -5.349444393125,2.442490654175E-15),.PIECEWISE_BEZIER_KNOTS.);
#1278 = CARTESIAN_POINT('',(31.332174650564,33.340330395823,
    12.041226898801));
#1279 = CARTESIAN_POINT('',(31.332174650564,27.990886002698,
    12.041226898801));
#1280 = CARTESIAN_POINT('',(31.332174650564,33.340330395823,
    26.414579986989));
#1281 = CARTESIAN_POINT('',(31.332174650564,27.990886002698,
    26.414579986989));
#1282 = DEFINITIONAL_REPRESENTATION('',(#1283),#1286);
#1283 = B_SPLINE_CURVE_WITH_KNOTS('',1,(#1284,#1285),.UNSPECIFIED.,.F.,
  .F.,(2,2),(0.995443001349,6.344887394474),.PIECEWISE_BEZIER_KNOTS.);
#1284 = CARTESIAN_POINT('',(14.373353088189,3.552713678801E-15));
#1285 = CARTESIAN_POINT('',(14.373353088189,-5.349444393125));
#1286 = ( GEOMETRIC_REPRESENTATION_CONTEXT(2) 
PARAMETRIC_REPRESENTATION_CONTEXT() REPRESENTATION_CONTEXT('2D SPACE',''
  ) );
#1287 = ORIENTED_EDGE('',*,*,#1288,.F.);
#1288 = EDGE_CURVE('',#1289,#1264,#1291,.T.);
#1289 = VERTEX_POINT('',#1290);
#1290 = CARTESIAN_POINT('',(31.740220691356,33.340330395823,
    26.414579986989));
#1291 = SURFACE_CURVE('',#1292,(#1295,#1301),.PCURVE_S1.);
#1292 = B_SPLINE_CURVE_WITH_KNOTS('',1,(#1293,#1294),.UNSPECIFIED.,.F.,
  .F.,(2,2),(-5.324133366074,-4.916087325282),.PIECEWISE_BEZIER_KNOTS.);
#1293 = CARTESIAN_POINT('',(31.740220691356,33.340330395823,
    26.414579986989));
#1294 = CARTESIAN_POINT('',(31.332174650564,33.340330395823,
    26.414579986989));
#1295 = PCURVE('',#662,#1296);
#1296 = DEFINITIONAL_REPRESENTATION('',(#1297),#1300);
#1297 = B_SPLINE_CURVE_WITH_KNOTS('',1,(#1298,#1299),.UNSPECIFIED.,.F.,
  .F.,(2,2),(-5.324133366074,-4.916087325282),.PIECEWISE_BEZIER_KNOTS.);
#1298 = CARTESIAN_POINT('',(10.240220691356,7.340330395823));
#1299 = CARTESIAN_POINT('',(9.832174650564,7.340330395823));
#1300 = ( GEOMETRIC_REPRESENTATION_CONTEXT(2) 
PARAMETRIC_REPRESENTATION_CONTEXT() REPRESENTATION_CONTEXT('2D SPACE',''
  ) );
#1301 = PCURVE('',#1302,#1307);
#1302 = B_SPLINE_SURFACE_WITH_KNOTS('',1,1,(
    (#1303,#1304)
    ,(#1305,#1306
    )),.UNSPECIFIED.,.F.,.F.,.F.,(2,2),(2,2),(0.,14.373353088189),(0.,
    0.408046040792),.PIECEWISE_BEZIER_KNOTS.);
#1303 = CARTESIAN_POINT('',(31.332174650564,33.340330395823,
    12.041226898801));
#1304 = CARTESIAN_POINT('',(31.740220691356,33.340330395823,
    12.041226898801));
#1305 = CARTESIAN_POINT('',(31.332174650564,33.340330395823,
    26.414579986989));
#1306 = CARTESIAN_POINT('',(31.740220691356,33.340330395823,
    26.414579986989));
#1307 = DEFINITIONAL_REPRESENTATION('',(#1308),#1311);
#1308 = B_SPLINE_CURVE_WITH_KNOTS('',1,(#1309,#1310),.UNSPECIFIED.,.F.,
  .F.,(2,2),(-5.324133366074,-4.916087325282),.PIECEWISE_BEZIER_KNOTS.);
#1309 = CARTESIAN_POINT('',(14.373353088189,0.408046040792));
#1310 = CARTESIAN_POINT('',(14.373353088189,0.));
#1311 = ( GEOMETRIC_REPRESENTATION_CONTEXT(2) 
PARAMETRIC_REPRESENTATION_CONTEXT() REPRESENTATION_CONTEXT('2D SPACE',''
  ) );
#1312 = ORIENTED_EDGE('',*,*,#1313,.F.);
#1313 = EDGE_CURVE('',#1237,#1289,#1314,.T.);
#1314 = SURFACE_CURVE('',#1315,(#1318,#1324),.PCURVE_S1.);
#1315 = B_SPLINE_CURVE_WITH_KNOTS('',1,(#1316,#1317),.UNSPECIFIED.,.F.,
  .F.,(2,2),(0.995443001349,6.344887394474),.PIECEWISE_BEZIER_KNOTS.);
#1316 = CARTESIAN_POINT('',(31.740220691356,27.990886002698,
    26.414579986989));
#1317 = CARTESIAN_POINT('',(31.740220691356,33.340330395823,
    26.414579986989));
#1318 = PCURVE('',#662,#1319);
#1319 = DEFINITIONAL_REPRESENTATION('',(#1320),#1323);
#1320 = B_SPLINE_CURVE_WITH_KNOTS('',1,(#1321,#1322),.UNSPECIFIED.,.F.,
  .F.,(2,2),(0.995443001349,6.344887394474),.PIECEWISE_BEZIER_KNOTS.);
#1321 = CARTESIAN_POINT('',(10.240220691356,1.990886002698));
#1322 = CARTESIAN_POINT('',(10.240220691356,7.340330395823));
#1323 = ( GEOMETRIC_REPRESENTATION_CONTEXT(2) 
PARAMETRIC_REPRESENTATION_CONTEXT() REPRESENTATION_CONTEXT('2D SPACE',''
  ) );
#1324 = PCURVE('',#1325,#1330);
#1325 = B_SPLINE_SURFACE_WITH_KNOTS('',1,1,(
    (#1326,#1327)
    ,(#1328,#1329
    )),.UNSPECIFIED.,.F.,.F.,.F.,(2,2),(2,2),(0.,14.373353088189),(
    -5.349444393125,2.442490654175E-15),.PIECEWISE_BEZIER_KNOTS.);
#1326 = CARTESIAN_POINT('',(31.740220691356,33.340330395823,
    12.041226898801));
#1327 = CARTESIAN_POINT('',(31.740220691356,27.990886002698,
    12.041226898801));
#1328 = CARTESIAN_POINT('',(31.740220691356,33.340330395823,
    26.414579986989));
#1329 = CARTESIAN_POINT('',(31.740220691356,27.990886002698,
    26.414579986989));
#1330 = DEFINITIONAL_REPRESENTATION('',(#1331),#1334);
#1331 = B_SPLINE_CURVE_WITH_KNOTS('',1,(#1332,#1333),.UNSPECIFIED.,.F.,
  .F.,(2,2),(0.995443001349,6.344887394474),.PIECEWISE_BEZIER_KNOTS.);
#1332 = CARTESIAN_POINT('',(14.373353088189,3.552713678801E-15));
#1333 = CARTESIAN_POINT('',(14.373353088189,-5.349444393125));
#1334 = ( GEOMETRIC_REPRESENTATION_CONTEXT(2) 
PARAMETRIC_REPRESENTATION_CONTEXT() REPRESENTATION_CONTEXT('2D SPACE',''
  ) );
#1335 = FACE_BOUND('',#1336,.T.);
#1336 = EDGE_LOOP('',(#1337,#1364,#1389,#1414,#1439,#1464,#1489,#1509));
#1337 = ORIENTED_EDGE('',*,*,#1338,.F.);
#1338 = EDGE_CURVE('',#1339,#1341,#1343,.T.);
#1339 = VERTEX_POINT('',#1340);
#1340 = CARTESIAN_POINT('',(33.855726922963,26.37806737154,
    26.414579986989));
#1341 = VERTEX_POINT('',#1342);
#1342 = CARTESIAN_POINT('',(33.855726922963,27.886714747098,
    26.414579986989));
#1343 = SURFACE_CURVE('',#1344,(#1347,#1353),.PCURVE_S1.);
#1344 = B_SPLINE_CURVE_WITH_KNOTS('',1,(#1345,#1346),.UNSPECIFIED.,.F.,
  .F.,(2,2),(0.18903368577,1.697681061328),.PIECEWISE_BEZIER_KNOTS.);
#1345 = CARTESIAN_POINT('',(33.855726922963,26.37806737154,
    26.414579986989));
#1346 = CARTESIAN_POINT('',(33.855726922963,27.886714747098,
    26.414579986989));
#1347 = PCURVE('',#662,#1348);
#1348 = DEFINITIONAL_REPRESENTATION('',(#1349),#1352);
#1349 = B_SPLINE_CURVE_WITH_KNOTS('',1,(#1350,#1351),.UNSPECIFIED.,.F.,
  .F.,(2,2),(0.18903368577,1.697681061328),.PIECEWISE_BEZIER_KNOTS.);
#1350 = CARTESIAN_POINT('',(12.355726922963,0.37806737154));
#1351 = CARTESIAN_POINT('',(12.355726922963,1.886714747098));
#1352 = ( GEOMETRIC_REPRESENTATION_CONTEXT(2) 
PARAMETRIC_REPRESENTATION_CONTEXT() REPRESENTATION_CONTEXT('2D SPACE',''
  ) );
#1353 = PCURVE('',#1354,#1359);
#1354 = B_SPLINE_SURFACE_WITH_KNOTS('',1,1,(
    (#1355,#1356)
    ,(#1357,#1358
    )),.UNSPECIFIED.,.F.,.F.,.F.,(2,2),(2,2),(0.,13.155505454242),(
    -1.508647375558,0.),.PIECEWISE_BEZIER_KNOTS.);
#1355 = CARTESIAN_POINT('',(33.855726922963,27.886714747098,
    13.259074532747));
#1356 = CARTESIAN_POINT('',(33.855726922963,26.37806737154,
    13.259074532747));
#1357 = CARTESIAN_POINT('',(33.855726922963,27.886714747098,
    26.414579986989));
#1358 = CARTESIAN_POINT('',(33.855726922963,26.37806737154,
    26.414579986989));
#1359 = DEFINITIONAL_REPRESENTATION('',(#1360),#1363);
#1360 = B_SPLINE_CURVE_WITH_KNOTS('',1,(#1361,#1362),.UNSPECIFIED.,.F.,
  .F.,(2,2),(0.18903368577,1.697681061328),.PIECEWISE_BEZIER_KNOTS.);
#1361 = CARTESIAN_POINT('',(13.155505454242,0.));
#1362 = CARTESIAN_POINT('',(13.155505454242,-1.508647375558));
#1363 = ( GEOMETRIC_REPRESENTATION_CONTEXT(2) 
PARAMETRIC_REPRESENTATION_CONTEXT() REPRESENTATION_CONTEXT('2D SPACE',''
  ) );
#1364 = ORIENTED_EDGE('',*,*,#1365,.T.);
#1365 = EDGE_CURVE('',#1339,#1366,#1368,.T.);
#1366 = VERTEX_POINT('',#1367);
#1367 = CARTESIAN_POINT('',(32.762630026206,26.37806737154,
    26.414579986989));
#1368 = SURFACE_CURVE('',#1369,(#1372,#1378),.PCURVE_S1.);
#1369 = B_SPLINE_CURVE_WITH_KNOTS('',1,(#1370,#1371),.UNSPECIFIED.,.F.,
  .F.,(2,2),(-6.72441190986,-5.631315013103),.PIECEWISE_BEZIER_KNOTS.);
#1370 = CARTESIAN_POINT('',(33.855726922963,26.37806737154,
    26.414579986989));
#1371 = CARTESIAN_POINT('',(32.762630026206,26.37806737154,
    26.414579986989));
#1372 = PCURVE('',#662,#1373);
#1373 = DEFINITIONAL_REPRESENTATION('',(#1374),#1377);
#1374 = B_SPLINE_CURVE_WITH_KNOTS('',1,(#1375,#1376),.UNSPECIFIED.,.F.,
  .F.,(2,2),(-6.72441190986,-5.631315013103),.PIECEWISE_BEZIER_KNOTS.);
#1375 = CARTESIAN_POINT('',(12.355726922963,0.37806737154));
#1376 = CARTESIAN_POINT('',(11.262630026206,0.37806737154));
#1377 = ( GEOMETRIC_REPRESENTATION_CONTEXT(2) 
PARAMETRIC_REPRESENTATION_CONTEXT() REPRESENTATION_CONTEXT('2D SPACE',''
  ) );
#1378 = PCURVE('',#1379,#1384);
#1379 = B_SPLINE_SURFACE_WITH_KNOTS('',1,1,(
    (#1380,#1381)
    ,(#1382,#1383
    )),.UNSPECIFIED.,.F.,.F.,.F.,(2,2),(2,2),(0.,13.155505454242),(
    -2.6645352591E-15,1.093096896757),.PIECEWISE_BEZIER_KNOTS.);
#1380 = CARTESIAN_POINT('',(32.762630026206,26.37806737154,
    13.259074532747));
#1381 = CARTESIAN_POINT('',(33.855726922963,26.37806737154,
    13.259074532747));
#1382 = CARTESIAN_POINT('',(32.762630026206,26.37806737154,
    26.414579986989));
#1383 = CARTESIAN_POINT('',(33.855726922963,26.37806737154,
    26.414579986989));
#1384 = DEFINITIONAL_REPRESENTATION('',(#1385),#1388);
#1385 = B_SPLINE_CURVE_WITH_KNOTS('',1,(#1386,#1387),.UNSPECIFIED.,.F.,
  .F.,(2,2),(-6.72441190986,-5.631315013103),.PIECEWISE_BEZIER_KNOTS.);
#1386 = CARTESIAN_POINT('',(13.155505454242,1.093096896757));
#1387 = CARTESIAN_POINT('',(13.155505454242,0.));
#1388 = ( GEOMETRIC_REPRESENTATION_CONTEXT(2) 
PARAMETRIC_REPRESENTATION_CONTEXT() REPRESENTATION_CONTEXT('2D SPACE',''
  ) );
#1389 = ORIENTED_EDGE('',*,*,#1390,.T.);
#1390 = EDGE_CURVE('',#1366,#1391,#1393,.T.);
#1391 = VERTEX_POINT('',#1392);
#1392 = CARTESIAN_POINT('',(32.762630026206,26.475784444494,
    26.414579986989));
#1393 = SURFACE_CURVE('',#1394,(#1397,#1403),.PCURVE_S1.);
#1394 = B_SPLINE_CURVE_WITH_KNOTS('',1,(#1395,#1396),.UNSPECIFIED.,.F.,
  .F.,(2,2),(0.18903368577,0.286750758724),.PIECEWISE_BEZIER_KNOTS.);
#1395 = CARTESIAN_POINT('',(32.762630026206,26.37806737154,
    26.414579986989));
#1396 = CARTESIAN_POINT('',(32.762630026206,26.475784444494,
    26.414579986989));
#1397 = PCURVE('',#662,#1398);
#1398 = DEFINITIONAL_REPRESENTATION('',(#1399),#1402);
#1399 = B_SPLINE_CURVE_WITH_KNOTS('',1,(#1400,#1401),.UNSPECIFIED.,.F.,
  .F.,(2,2),(0.18903368577,0.286750758724),.PIECEWISE_BEZIER_KNOTS.);
#1400 = CARTESIAN_POINT('',(11.262630026206,0.37806737154));
#1401 = CARTESIAN_POINT('',(11.262630026206,0.475784444494));
#1402 = ( GEOMETRIC_REPRESENTATION_CONTEXT(2) 
PARAMETRIC_REPRESENTATION_CONTEXT() REPRESENTATION_CONTEXT('2D SPACE',''
  ) );
#1403 = PCURVE('',#1404,#1409);
#1404 = B_SPLINE_SURFACE_WITH_KNOTS('',1,1,(
    (#1405,#1406)
    ,(#1407,#1408
    )),.UNSPECIFIED.,.F.,.F.,.F.,(2,2),(2,2),(0.,13.155505454242),(
    -1.508647375558,0.),.PIECEWISE_BEZIER_KNOTS.);
#1405 = CARTESIAN_POINT('',(32.762630026206,27.886714747098,
    13.259074532747));
#1406 = CARTESIAN_POINT('',(32.762630026206,26.37806737154,
    13.259074532747));
#1407 = CARTESIAN_POINT('',(32.762630026206,27.886714747098,
    26.414579986989));
#1408 = CARTESIAN_POINT('',(32.762630026206,26.37806737154,
    26.414579986989));
#1409 = DEFINITIONAL_REPRESENTATION('',(#1410),#1413);
#1410 = B_SPLINE_CURVE_WITH_KNOTS('',1,(#1411,#1412),.UNSPECIFIED.,.F.,
  .F.,(2,2),(0.18903368577,0.286750758724),.PIECEWISE_BEZIER_KNOTS.);
#1411 = CARTESIAN_POINT('',(13.155505454242,0.));
#1412 = CARTESIAN_POINT('',(13.155505454242,-9.77170729537E-02));
#1413 = ( GEOMETRIC_REPRESENTATION_CONTEXT(2) 
PARAMETRIC_REPRESENTATION_CONTEXT() REPRESENTATION_CONTEXT('2D SPACE',''
  ) );
#1414 = ORIENTED_EDGE('',*,*,#1415,.T.);
#1415 = EDGE_CURVE('',#1391,#1416,#1418,.T.);
#1416 = VERTEX_POINT('',#1417);
#1417 = CARTESIAN_POINT('',(32.333328486333,26.475784444494,
    26.414579986989));
#1418 = SURFACE_CURVE('',#1419,(#1422,#1428),.PCURVE_S1.);
#1419 = B_SPLINE_CURVE_WITH_KNOTS('',1,(#1420,#1421),.UNSPECIFIED.,.F.,
  .F.,(2,2),(-5.845965783039,-5.416664243166),.PIECEWISE_BEZIER_KNOTS.);
#1420 = CARTESIAN_POINT('',(32.762630026206,26.475784444494,
    26.414579986989));
#1421 = CARTESIAN_POINT('',(32.333328486333,26.475784444494,
    26.414579986989));
#1422 = PCURVE('',#662,#1423);
#1423 = DEFINITIONAL_REPRESENTATION('',(#1424),#1427);
#1424 = B_SPLINE_CURVE_WITH_KNOTS('',1,(#1425,#1426),.UNSPECIFIED.,.F.,
  .F.,(2,2),(-5.845965783039,-5.416664243166),.PIECEWISE_BEZIER_KNOTS.);
#1425 = CARTESIAN_POINT('',(11.262630026206,0.475784444494));
#1426 = CARTESIAN_POINT('',(10.833328486333,0.475784444494));
#1427 = ( GEOMETRIC_REPRESENTATION_CONTEXT(2) 
PARAMETRIC_REPRESENTATION_CONTEXT() REPRESENTATION_CONTEXT('2D SPACE',''
  ) );
#1428 = PCURVE('',#1429,#1434);
#1429 = B_SPLINE_SURFACE_WITH_KNOTS('',1,1,(
    (#1430,#1431)
    ,(#1432,#1433
    )),.UNSPECIFIED.,.F.,.F.,.F.,(2,2),(2,2),(0.,11.543130270566),(
    -1.7763568394E-15,0.429301539873),.PIECEWISE_BEZIER_KNOTS.);
#1430 = CARTESIAN_POINT('',(32.333328486333,26.475784444494,
    14.871449716423));
#1431 = CARTESIAN_POINT('',(32.762630026206,26.475784444494,
    14.871449716423));
#1432 = CARTESIAN_POINT('',(32.333328486333,26.475784444494,
    26.414579986989));
#1433 = CARTESIAN_POINT('',(32.762630026206,26.475784444494,
    26.414579986989));
#1434 = DEFINITIONAL_REPRESENTATION('',(#1435),#1438);
#1435 = B_SPLINE_CURVE_WITH_KNOTS('',1,(#1436,#1437),.UNSPECIFIED.,.F.,
  .F.,(2,2),(-5.845965783039,-5.416664243166),.PIECEWISE_BEZIER_KNOTS.);
#1436 = CARTESIAN_POINT('',(11.543130270566,0.429301539873));
#1437 = CARTESIAN_POINT('',(11.543130270566,0.));
#1438 = ( GEOMETRIC_REPRESENTATION_CONTEXT(2) 
PARAMETRIC_REPRESENTATION_CONTEXT() REPRESENTATION_CONTEXT('2D SPACE',''
  ) );
#1439 = ORIENTED_EDGE('',*,*,#1440,.T.);
#1440 = EDGE_CURVE('',#1416,#1441,#1443,.T.);
#1441 = VERTEX_POINT('',#1442);
#1442 = CARTESIAN_POINT('',(32.333328486333,27.788997674144,
    26.414579986989));
#1443 = SURFACE_CURVE('',#1444,(#1447,#1453),.PCURVE_S1.);
#1444 = B_SPLINE_CURVE_WITH_KNOTS('',1,(#1445,#1446),.UNSPECIFIED.,.F.,
  .F.,(2,2),(0.237892222247,1.551105451897),.PIECEWISE_BEZIER_KNOTS.);
#1445 = CARTESIAN_POINT('',(32.333328486333,26.475784444494,
    26.414579986989));
#1446 = CARTESIAN_POINT('',(32.333328486333,27.788997674144,
    26.414579986989));
#1447 = PCURVE('',#662,#1448);
#1448 = DEFINITIONAL_REPRESENTATION('',(#1449),#1452);
#1449 = B_SPLINE_CURVE_WITH_KNOTS('',1,(#1450,#1451),.UNSPECIFIED.,.F.,
  .F.,(2,2),(0.237892222247,1.551105451897),.PIECEWISE_BEZIER_KNOTS.);
#1450 = CARTESIAN_POINT('',(10.833328486333,0.475784444494));
#1451 = CARTESIAN_POINT('',(10.833328486333,1.788997674144));
#1452 = ( GEOMETRIC_REPRESENTATION_CONTEXT(2) 
PARAMETRIC_REPRESENTATION_CONTEXT() REPRESENTATION_CONTEXT('2D SPACE',''
  ) );
#1453 = PCURVE('',#1454,#1459);
#1454 = B_SPLINE_SURFACE_WITH_KNOTS('',1,1,(
    (#1455,#1456)
    ,(#1457,#1458
    )),.UNSPECIFIED.,.F.,.F.,.F.,(2,2),(2,2),(0.,11.543130270566),(
    -1.31321322965,0.),.PIECEWISE_BEZIER_KNOTS.);
#1455 = CARTESIAN_POINT('',(32.333328486333,27.788997674144,
    14.871449716423));
#1456 = CARTESIAN_POINT('',(32.333328486333,26.475784444494,
    14.871449716423));
#1457 = CARTESIAN_POINT('',(32.333328486333,27.788997674144,
    26.414579986989));
#1458 = CARTESIAN_POINT('',(32.333328486333,26.475784444494,
    26.414579986989));
#1459 = DEFINITIONAL_REPRESENTATION('',(#1460),#1463);
#1460 = B_SPLINE_CURVE_WITH_KNOTS('',1,(#1461,#1462),.UNSPECIFIED.,.F.,
  .F.,(2,2),(0.237892222247,1.551105451897),.PIECEWISE_BEZIER_KNOTS.);
#1461 = CARTESIAN_POINT('',(11.543130270566,0.));
#1462 = CARTESIAN_POINT('',(11.543130270566,-1.31321322965));
#1463 = ( GEOMETRIC_REPRESENTATION_CONTEXT(2) 
PARAMETRIC_REPRESENTATION_CONTEXT() REPRESENTATION_CONTEXT('2D SPACE',''
  ) );
#1464 = ORIENTED_EDGE('',*,*,#1465,.F.);
#1465 = EDGE_CURVE('',#1466,#1441,#1468,.T.);
#1466 = VERTEX_POINT('',#1467);
#1467 = CARTESIAN_POINT('',(32.762630026206,27.788997674144,
    26.414579986989));
#1468 = SURFACE_CURVE('',#1469,(#1472,#1478),.PCURVE_S1.);
#1469 = B_SPLINE_CURVE_WITH_KNOTS('',1,(#1470,#1471),.UNSPECIFIED.,.F.,
  .F.,(2,2),(-5.845965783039,-5.416664243166),.PIECEWISE_BEZIER_KNOTS.);
#1470 = CARTESIAN_POINT('',(32.762630026206,27.788997674144,
    26.414579986989));
#1471 = CARTESIAN_POINT('',(32.333328486333,27.788997674144,
    26.414579986989));
#1472 = PCURVE('',#662,#1473);
#1473 = DEFINITIONAL_REPRESENTATION('',(#1474),#1477);
#1474 = B_SPLINE_CURVE_WITH_KNOTS('',1,(#1475,#1476),.UNSPECIFIED.,.F.,
  .F.,(2,2),(-5.845965783039,-5.416664243166),.PIECEWISE_BEZIER_KNOTS.);
#1475 = CARTESIAN_POINT('',(11.262630026206,1.788997674144));
#1476 = CARTESIAN_POINT('',(10.833328486333,1.788997674144));
#1477 = ( GEOMETRIC_REPRESENTATION_CONTEXT(2) 
PARAMETRIC_REPRESENTATION_CONTEXT() REPRESENTATION_CONTEXT('2D SPACE',''
  ) );
#1478 = PCURVE('',#1479,#1484);
#1479 = B_SPLINE_SURFACE_WITH_KNOTS('',1,1,(
    (#1480,#1481)
    ,(#1482,#1483
    )),.UNSPECIFIED.,.F.,.F.,.F.,(2,2),(2,2),(0.,11.543130270566),(
    -1.7763568394E-15,0.429301539873),.PIECEWISE_BEZIER_KNOTS.);
#1480 = CARTESIAN_POINT('',(32.333328486333,27.788997674144,
    14.871449716423));
#1481 = CARTESIAN_POINT('',(32.762630026206,27.788997674144,
    14.871449716423));
#1482 = CARTESIAN_POINT('',(32.333328486333,27.788997674144,
    26.414579986989));
#1483 = CARTESIAN_POINT('',(32.762630026206,27.788997674144,
    26.414579986989));
#1484 = DEFINITIONAL_REPRESENTATION('',(#1485),#1488);
#1485 = B_SPLINE_CURVE_WITH_KNOTS('',1,(#1486,#1487),.UNSPECIFIED.,.F.,
  .F.,(2,2),(-5.845965783039,-5.416664243166),.PIECEWISE_BEZIER_KNOTS.);
#1486 = CARTESIAN_POINT('',(11.543130270566,0.429301539873));
#1487 = CARTESIAN_POINT('',(11.543130270566,0.));
#1488 = ( GEOMETRIC_REPRESENTATION_CONTEXT(2) 
PARAMETRIC_REPRESENTATION_CONTEXT() REPRESENTATION_CONTEXT('2D SPACE',''
  ) );
#1489 = ORIENTED_EDGE('',*,*,#1490,.T.);
#1490 = EDGE_CURVE('',#1466,#1491,#1493,.T.);
#1491 = VERTEX_POINT('',#1492);
#1492 = CARTESIAN_POINT('',(32.762630026206,27.886714747098,
    26.414579986989));
#1493 = SURFACE_CURVE('',#1494,(#1497,#1503),.PCURVE_S1.);
#1494 = B_SPLINE_CURVE_WITH_KNOTS('',1,(#1495,#1496),.UNSPECIFIED.,.F.,
  .F.,(2,2),(1.599963988374,1.697681061328),.PIECEWISE_BEZIER_KNOTS.);
#1495 = CARTESIAN_POINT('',(32.762630026206,27.788997674144,
    26.414579986989));
#1496 = CARTESIAN_POINT('',(32.762630026206,27.886714747098,
    26.414579986989));
#1497 = PCURVE('',#662,#1498);
#1498 = DEFINITIONAL_REPRESENTATION('',(#1499),#1502);
#1499 = B_SPLINE_CURVE_WITH_KNOTS('',1,(#1500,#1501),.UNSPECIFIED.,.F.,
  .F.,(2,2),(1.599963988374,1.697681061328),.PIECEWISE_BEZIER_KNOTS.);
#1500 = CARTESIAN_POINT('',(11.262630026206,1.788997674144));
#1501 = CARTESIAN_POINT('',(11.262630026206,1.886714747098));
#1502 = ( GEOMETRIC_REPRESENTATION_CONTEXT(2) 
PARAMETRIC_REPRESENTATION_CONTEXT() REPRESENTATION_CONTEXT('2D SPACE',''
  ) );
#1503 = PCURVE('',#1404,#1504);
#1504 = DEFINITIONAL_REPRESENTATION('',(#1505),#1508);
#1505 = B_SPLINE_CURVE_WITH_KNOTS('',1,(#1506,#1507),.UNSPECIFIED.,.F.,
  .F.,(2,2),(1.599963988374,1.697681061328),.PIECEWISE_BEZIER_KNOTS.);
#1506 = CARTESIAN_POINT('',(13.155505454242,-1.410930302604));
#1507 = CARTESIAN_POINT('',(13.155505454242,-1.508647375558));
#1508 = ( GEOMETRIC_REPRESENTATION_CONTEXT(2) 
PARAMETRIC_REPRESENTATION_CONTEXT() REPRESENTATION_CONTEXT('2D SPACE',''
  ) );
#1509 = ORIENTED_EDGE('',*,*,#1510,.F.);
#1510 = EDGE_CURVE('',#1341,#1491,#1511,.T.);
#1511 = SURFACE_CURVE('',#1512,(#1515,#1521),.PCURVE_S1.);
#1512 = B_SPLINE_CURVE_WITH_KNOTS('',1,(#1513,#1514),.UNSPECIFIED.,.F.,
  .F.,(2,2),(-6.72441190986,-5.631315013103),.PIECEWISE_BEZIER_KNOTS.);
#1513 = CARTESIAN_POINT('',(33.855726922963,27.886714747098,
    26.414579986989));
#1514 = CARTESIAN_POINT('',(32.762630026206,27.886714747098,
    26.414579986989));
#1515 = PCURVE('',#662,#1516);
#1516 = DEFINITIONAL_REPRESENTATION('',(#1517),#1520);
#1517 = B_SPLINE_CURVE_WITH_KNOTS('',1,(#1518,#1519),.UNSPECIFIED.,.F.,
  .F.,(2,2),(-6.72441190986,-5.631315013103),.PIECEWISE_BEZIER_KNOTS.);
#1518 = CARTESIAN_POINT('',(12.355726922963,1.886714747098));
#1519 = CARTESIAN_POINT('',(11.262630026206,1.886714747098));
#1520 = ( GEOMETRIC_REPRESENTATION_CONTEXT(2) 
PARAMETRIC_REPRESENTATION_CONTEXT() REPRESENTATION_CONTEXT('2D SPACE',''
  ) );
#1521 = PCURVE('',#1522,#1527);
#1522 = B_SPLINE_SURFACE_WITH_KNOTS('',1,1,(
    (#1523,#1524)
    ,(#1525,#1526
    )),.UNSPECIFIED.,.F.,.F.,.F.,(2,2),(2,2),(0.,13.155505454242),(
    -2.6645352591E-15,1.093096896757),.PIECEWISE_BEZIER_KNOTS.);
#1523 = CARTESIAN_POINT('',(32.762630026206,27.886714747098,
    13.259074532747));
#1524 = CARTESIAN_POINT('',(33.855726922963,27.886714747098,
    13.259074532747));
#1525 = CARTESIAN_POINT('',(32.762630026206,27.886714747098,
    26.414579986989));
#1526 = CARTESIAN_POINT('',(33.855726922963,27.886714747098,
    26.414579986989));
#1527 = DEFINITIONAL_REPRESENTATION('',(#1528),#1531);
#1528 = B_SPLINE_CURVE_WITH_KNOTS('',1,(#1529,#1530),.UNSPECIFIED.,.F.,
  .F.,(2,2),(-6.72441190986,-5.631315013103),.PIECEWISE_BEZIER_KNOTS.);
#1529 = CARTESIAN_POINT('',(13.155505454242,1.093096896757));
#1530 = CARTESIAN_POINT('',(13.155505454242,0.));
#1531 = ( GEOMETRIC_REPRESENTATION_CONTEXT(2) 
PARAMETRIC_REPRESENTATION_CONTEXT() REPRESENTATION_CONTEXT('2D SPACE',''
  ) );
#1532 = FACE_BOUND('',#1533,.T.);
#1533 = EDGE_LOOP('',(#1534,#1561,#1586,#1611));
#1534 = ORIENTED_EDGE('',*,*,#1535,.F.);
#1535 = EDGE_CURVE('',#1536,#1538,#1540,.T.);
#1536 = VERTEX_POINT('',#1537);
#1537 = CARTESIAN_POINT('',(32.349656154542,31.896692673472,
    26.414579986989));
#1538 = VERTEX_POINT('',#1539);
#1539 = CARTESIAN_POINT('',(32.349656154542,36.500958004932,
    26.414579986989));
#1540 = SURFACE_CURVE('',#1541,(#1544,#1550),.PCURVE_S1.);
#1541 = B_SPLINE_CURVE_WITH_KNOTS('',1,(#1542,#1543),.UNSPECIFIED.,.F.,
  .F.,(2,2),(2.948346336736,7.552611668196),.PIECEWISE_BEZIER_KNOTS.);
#1542 = CARTESIAN_POINT('',(32.349656154542,31.896692673472,
    26.414579986989));
#1543 = CARTESIAN_POINT('',(32.349656154542,36.500958004932,
    26.414579986989));
#1544 = PCURVE('',#662,#1545);
#1545 = DEFINITIONAL_REPRESENTATION('',(#1546),#1549);
#1546 = B_SPLINE_CURVE_WITH_KNOTS('',1,(#1547,#1548),.UNSPECIFIED.,.F.,
  .F.,(2,2),(2.948346336736,7.552611668196),.PIECEWISE_BEZIER_KNOTS.);
#1547 = CARTESIAN_POINT('',(10.849656154542,5.896692673472));
#1548 = CARTESIAN_POINT('',(10.849656154542,10.500958004932));
#1549 = ( GEOMETRIC_REPRESENTATION_CONTEXT(2) 
PARAMETRIC_REPRESENTATION_CONTEXT() REPRESENTATION_CONTEXT('2D SPACE',''
  ) );
#1550 = PCURVE('',#1551,#1556);
#1551 = B_SPLINE_SURFACE_WITH_KNOTS('',1,1,(
    (#1552,#1553)
    ,(#1554,#1555
    )),.UNSPECIFIED.,.F.,.F.,.F.,(2,2),(2,2),(0.,12.21414582739),(
    -4.60426533146,8.881784197001E-16),.PIECEWISE_BEZIER_KNOTS.);
#1552 = CARTESIAN_POINT('',(32.349656154542,36.500958004932,
    14.200434159599));
#1553 = CARTESIAN_POINT('',(32.349656154542,31.896692673472,
    14.200434159599));
#1554 = CARTESIAN_POINT('',(32.349656154542,36.500958004932,
    26.414579986989));
#1555 = CARTESIAN_POINT('',(32.349656154542,31.896692673472,
    26.414579986989));
#1556 = DEFINITIONAL_REPRESENTATION('',(#1557),#1560);
#1557 = B_SPLINE_CURVE_WITH_KNOTS('',1,(#1558,#1559),.UNSPECIFIED.,.F.,
  .F.,(2,2),(2.948346336736,7.552611668196),.PIECEWISE_BEZIER_KNOTS.);
#1558 = CARTESIAN_POINT('',(12.21414582739,0.));
#1559 = CARTESIAN_POINT('',(12.21414582739,-4.60426533146));
#1560 = ( GEOMETRIC_REPRESENTATION_CONTEXT(2) 
PARAMETRIC_REPRESENTATION_CONTEXT() REPRESENTATION_CONTEXT('2D SPACE',''
  ) );
#1561 = ORIENTED_EDGE('',*,*,#1562,.T.);
#1562 = EDGE_CURVE('',#1536,#1563,#1565,.T.);
#1563 = VERTEX_POINT('',#1564);
#1564 = CARTESIAN_POINT('',(31.904726389794,31.896692673472,
    26.414579986989));
#1565 = SURFACE_CURVE('',#1566,(#1569,#1575),.PCURVE_S1.);
#1566 = B_SPLINE_CURVE_WITH_KNOTS('',1,(#1567,#1568),.UNSPECIFIED.,.F.,
  .F.,(2,2),(-5.647292959646,-5.202363194897),.PIECEWISE_BEZIER_KNOTS.);
#1567 = CARTESIAN_POINT('',(32.349656154542,31.896692673472,
    26.414579986989));
#1568 = CARTESIAN_POINT('',(31.904726389794,31.896692673472,
    26.414579986989));
#1569 = PCURVE('',#662,#1570);
#1570 = DEFINITIONAL_REPRESENTATION('',(#1571),#1574);
#1571 = B_SPLINE_CURVE_WITH_KNOTS('',1,(#1572,#1573),.UNSPECIFIED.,.F.,
  .F.,(2,2),(-5.647292959646,-5.202363194897),.PIECEWISE_BEZIER_KNOTS.);
#1572 = CARTESIAN_POINT('',(10.849656154542,5.896692673472));
#1573 = CARTESIAN_POINT('',(10.404726389794,5.896692673472));
#1574 = ( GEOMETRIC_REPRESENTATION_CONTEXT(2) 
PARAMETRIC_REPRESENTATION_CONTEXT() REPRESENTATION_CONTEXT('2D SPACE',''
  ) );
#1575 = PCURVE('',#1576,#1581);
#1576 = B_SPLINE_SURFACE_WITH_KNOTS('',1,1,(
    (#1577,#1578)
    ,(#1579,#1580
    )),.UNSPECIFIED.,.F.,.F.,.F.,(2,2),(2,2),(0.,12.21414582739),(0.,
    0.444929764749),.PIECEWISE_BEZIER_KNOTS.);
#1577 = CARTESIAN_POINT('',(31.904726389794,31.896692673472,
    14.200434159599));
#1578 = CARTESIAN_POINT('',(32.349656154542,31.896692673472,
    14.200434159599));
#1579 = CARTESIAN_POINT('',(31.904726389794,31.896692673472,
    26.414579986989));
#1580 = CARTESIAN_POINT('',(32.349656154542,31.896692673472,
    26.414579986989));
#1581 = DEFINITIONAL_REPRESENTATION('',(#1582),#1585);
#1582 = B_SPLINE_CURVE_WITH_KNOTS('',1,(#1583,#1584),.UNSPECIFIED.,.F.,
  .F.,(2,2),(-5.647292959646,-5.202363194897),.PIECEWISE_BEZIER_KNOTS.);
#1583 = CARTESIAN_POINT('',(12.21414582739,0.444929764749));
#1584 = CARTESIAN_POINT('',(12.21414582739,0.));
#1585 = ( GEOMETRIC_REPRESENTATION_CONTEXT(2) 
PARAMETRIC_REPRESENTATION_CONTEXT() REPRESENTATION_CONTEXT('2D SPACE',''
  ) );
#1586 = ORIENTED_EDGE('',*,*,#1587,.T.);
#1587 = EDGE_CURVE('',#1563,#1588,#1590,.T.);
#1588 = VERTEX_POINT('',#1589);
#1589 = CARTESIAN_POINT('',(31.904726389794,36.500958004932,
    26.414579986989));
#1590 = SURFACE_CURVE('',#1591,(#1594,#1600),.PCURVE_S1.);
#1591 = B_SPLINE_CURVE_WITH_KNOTS('',1,(#1592,#1593),.UNSPECIFIED.,.F.,
  .F.,(2,2),(2.948346336736,7.552611668196),.PIECEWISE_BEZIER_KNOTS.);
#1592 = CARTESIAN_POINT('',(31.904726389794,31.896692673472,
    26.414579986989));
#1593 = CARTESIAN_POINT('',(31.904726389794,36.500958004932,
    26.414579986989));
#1594 = PCURVE('',#662,#1595);
#1595 = DEFINITIONAL_REPRESENTATION('',(#1596),#1599);
#1596 = B_SPLINE_CURVE_WITH_KNOTS('',1,(#1597,#1598),.UNSPECIFIED.,.F.,
  .F.,(2,2),(2.948346336736,7.552611668196),.PIECEWISE_BEZIER_KNOTS.);
#1597 = CARTESIAN_POINT('',(10.404726389794,5.896692673472));
#1598 = CARTESIAN_POINT('',(10.404726389794,10.500958004932));
#1599 = ( GEOMETRIC_REPRESENTATION_CONTEXT(2) 
PARAMETRIC_REPRESENTATION_CONTEXT() REPRESENTATION_CONTEXT('2D SPACE',''
  ) );
#1600 = PCURVE('',#1601,#1606);
#1601 = B_SPLINE_SURFACE_WITH_KNOTS('',1,1,(
    (#1602,#1603)
    ,(#1604,#1605
    )),.UNSPECIFIED.,.F.,.F.,.F.,(2,2),(2,2),(0.,12.21414582739),(
    -4.60426533146,8.881784197001E-16),.PIECEWISE_BEZIER_KNOTS.);
#1602 = CARTESIAN_POINT('',(31.904726389794,36.500958004932,
    14.200434159599));
#1603 = CARTESIAN_POINT('',(31.904726389794,31.896692673472,
    14.200434159599));
#1604 = CARTESIAN_POINT('',(31.904726389794,36.500958004932,
    26.414579986989));
#1605 = CARTESIAN_POINT('',(31.904726389794,31.896692673472,
    26.414579986989));
#1606 = DEFINITIONAL_REPRESENTATION('',(#1607),#1610);
#1607 = B_SPLINE_CURVE_WITH_KNOTS('',1,(#1608,#1609),.UNSPECIFIED.,.F.,
  .F.,(2,2),(2.948346336736,7.552611668196),.PIECEWISE_BEZIER_KNOTS.);
#1608 = CARTESIAN_POINT('',(12.21414582739,0.));
#1609 = CARTESIAN_POINT('',(12.21414582739,-4.60426533146));
#1610 = ( GEOMETRIC_REPRESENTATION_CONTEXT(2) 
PARAMETRIC_REPRESENTATION_CONTEXT() REPRESENTATION_CONTEXT('2D SPACE',''
  ) );
#1611 = ORIENTED_EDGE('',*,*,#1612,.F.);
#1612 = EDGE_CURVE('',#1538,#1588,#1613,.T.);
#1613 = SURFACE_CURVE('',#1614,(#1617,#1623),.PCURVE_S1.);
#1614 = B_SPLINE_CURVE_WITH_KNOTS('',1,(#1615,#1616),.UNSPECIFIED.,.F.,
  .F.,(2,2),(-5.647292959646,-5.202363194897),.PIECEWISE_BEZIER_KNOTS.);
#1615 = CARTESIAN_POINT('',(32.349656154542,36.500958004932,
    26.414579986989));
#1616 = CARTESIAN_POINT('',(31.904726389794,36.500958004932,
    26.414579986989));
#1617 = PCURVE('',#662,#1618);
#1618 = DEFINITIONAL_REPRESENTATION('',(#1619),#1622);
#1619 = B_SPLINE_CURVE_WITH_KNOTS('',1,(#1620,#1621),.UNSPECIFIED.,.F.,
  .F.,(2,2),(-5.647292959646,-5.202363194897),.PIECEWISE_BEZIER_KNOTS.);
#1620 = CARTESIAN_POINT('',(10.849656154542,10.500958004932));
#1621 = CARTESIAN_POINT('',(10.404726389794,10.500958004932));
#1622 = ( GEOMETRIC_REPRESENTATION_CONTEXT(2) 
PARAMETRIC_REPRESENTATION_CONTEXT() REPRESENTATION_CONTEXT('2D SPACE',''
  ) );
#1623 = PCURVE('',#1624,#1629);
#1624 = B_SPLINE_SURFACE_WITH_KNOTS('',1,1,(
    (#1625,#1626)
    ,(#1627,#1628
    )),.UNSPECIFIED.,.F.,.F.,.F.,(2,2),(2,2),(0.,12.21414582739),(0.,
    0.444929764749),.PIECEWISE_BEZIER_KNOTS.);
#1625 = CARTESIAN_POINT('',(31.904726389794,36.500958004932,
    14.200434159599));
#1626 = CARTESIAN_POINT('',(32.349656154542,36.500958004932,
    14.200434159599));
#1627 = CARTESIAN_POINT('',(31.904726389794,36.500958004932,
    26.414579986989));
#1628 = CARTESIAN_POINT('',(32.349656154542,36.500958004932,
    26.414579986989));
#1629 = DEFINITIONAL_REPRESENTATION('',(#1630),#1633);
#1630 = B_SPLINE_CURVE_WITH_KNOTS('',1,(#1631,#1632),.UNSPECIFIED.,.F.,
  .F.,(2,2),(-5.647292959646,-5.202363194897),.PIECEWISE_BEZIER_KNOTS.);
#1631 = CARTESIAN_POINT('',(12.21414582739,0.444929764749));
#1632 = CARTESIAN_POINT('',(12.21414582739,0.));
#1633 = ( GEOMETRIC_REPRESENTATION_CONTEXT(2) 
PARAMETRIC_REPRESENTATION_CONTEXT() REPRESENTATION_CONTEXT('2D SPACE',''
  ) );
#1634 = ADVANCED_FACE('',(#1635),#711,.T.);
#1635 = FACE_BOUND('',#1636,.T.);
#1636 = EDGE_LOOP('',(#1637,#1638,#1639,#1640));
#1637 = ORIENTED_EDGE('',*,*,#697,.T.);
#1638 = ORIENTED_EDGE('',*,*,#745,.T.);
#1639 = ORIENTED_EDGE('',*,*,#788,.T.);
#1640 = ORIENTED_EDGE('',*,*,#831,.T.);
#1641 = ADVANCED_FACE('',(#1642),#1016,.F.);
#1642 = FACE_BOUND('',#1643,.F.);
#1643 = EDGE_LOOP('',(#1644,#1645,#1646,#1664));
#1644 = ORIENTED_EDGE('',*,*,#1004,.T.);
#1645 = ORIENTED_EDGE('',*,*,#1032,.T.);
#1646 = ORIENTED_EDGE('',*,*,#1647,.F.);
#1647 = EDGE_CURVE('',#1169,#1033,#1648,.T.);
#1648 = SURFACE_CURVE('',#1649,(#1652,#1658),.PCURVE_S1.);
#1649 = B_SPLINE_CURVE_WITH_KNOTS('',1,(#1650,#1651),.UNSPECIFIED.,.F.,
  .F.,(2,2),(0.,6.576166948074),.PIECEWISE_BEZIER_KNOTS.);
#1650 = CARTESIAN_POINT('',(34.,46.5,3.5));
#1651 = CARTESIAN_POINT('',(27.423833051926,46.5,3.5));
#1652 = PCURVE('',#1016,#1653);
#1653 = DEFINITIONAL_REPRESENTATION('',(#1654),#1657);
#1654 = B_SPLINE_CURVE_WITH_KNOTS('',1,(#1655,#1656),.UNSPECIFIED.,.F.,
  .F.,(2,2),(0.,6.576166948074),.PIECEWISE_BEZIER_KNOTS.);
#1655 = CARTESIAN_POINT('',(3.35410196625,0.));
#1656 = CARTESIAN_POINT('',(3.35410196625,-6.576166948074));
#1657 = ( GEOMETRIC_REPRESENTATION_CONTEXT(2) 
PARAMETRIC_REPRESENTATION_CONTEXT() REPRESENTATION_CONTEXT('2D SPACE',''
  ) );
#1658 = PCURVE('',#1066,#1659);
#1659 = DEFINITIONAL_REPRESENTATION('',(#1660),#1663);
#1660 = B_SPLINE_CURVE_WITH_KNOTS('',1,(#1661,#1662),.UNSPECIFIED.,.F.,
  .F.,(2,2),(0.,6.576166948074),.PIECEWISE_BEZIER_KNOTS.);
#1661 = CARTESIAN_POINT('',(0.,0.));
#1662 = CARTESIAN_POINT('',(0.,-6.576166948074));
#1663 = ( GEOMETRIC_REPRESENTATION_CONTEXT(2) 
PARAMETRIC_REPRESENTATION_CONTEXT() REPRESENTATION_CONTEXT('2D SPACE',''
  ) );
#1664 = ORIENTED_EDGE('',*,*,#1168,.F.);
#1665 = ADVANCED_FACE('',(#1666),#1091,.F.);
#1666 = FACE_BOUND('',#1667,.F.);
#1667 = EDGE_LOOP('',(#1668,#1686,#1687,#1688));
#1668 = ORIENTED_EDGE('',*,*,#1669,.T.);
#1669 = EDGE_CURVE('',#1189,#1053,#1670,.T.);
#1670 = SURFACE_CURVE('',#1671,(#1674,#1680),.PCURVE_S1.);
#1671 = B_SPLINE_CURVE_WITH_KNOTS('',1,(#1672,#1673),.UNSPECIFIED.,.F.,
  .F.,(2,2),(0.,6.576166948074),.PIECEWISE_BEZIER_KNOTS.);
#1672 = CARTESIAN_POINT('',(34.,43.5,4.5));
#1673 = CARTESIAN_POINT('',(27.423833051926,43.5,4.5));
#1674 = PCURVE('',#1091,#1675);
#1675 = DEFINITIONAL_REPRESENTATION('',(#1676),#1679);
#1676 = B_SPLINE_CURVE_WITH_KNOTS('',1,(#1677,#1678),.UNSPECIFIED.,.F.,
  .F.,(2,2),(0.,6.576166948074),.PIECEWISE_BEZIER_KNOTS.);
#1677 = CARTESIAN_POINT('',(0.,0.));
#1678 = CARTESIAN_POINT('',(0.,-6.576166948074));
#1679 = ( GEOMETRIC_REPRESENTATION_CONTEXT(2) 
PARAMETRIC_REPRESENTATION_CONTEXT() REPRESENTATION_CONTEXT('2D SPACE',''
  ) );
#1680 = PCURVE('',#1066,#1681);
#1681 = DEFINITIONAL_REPRESENTATION('',(#1682),#1685);
#1682 = B_SPLINE_CURVE_WITH_KNOTS('',1,(#1683,#1684),.UNSPECIFIED.,.F.,
  .F.,(2,2),(0.,6.576166948074),.PIECEWISE_BEZIER_KNOTS.);
#1683 = CARTESIAN_POINT('',(3.162277660168,0.));
#1684 = CARTESIAN_POINT('',(3.162277660168,-6.576166948074));
#1685 = ( GEOMETRIC_REPRESENTATION_CONTEXT(2) 
PARAMETRIC_REPRESENTATION_CONTEXT() REPRESENTATION_CONTEXT('2D SPACE',''
  ) );
#1686 = ORIENTED_EDGE('',*,*,#1077,.T.);
#1687 = ORIENTED_EDGE('',*,*,#1143,.F.);
#1688 = ORIENTED_EDGE('',*,*,#1208,.F.);
#1689 = ADVANCED_FACE('',(#1690),#1066,.F.);
#1690 = FACE_BOUND('',#1691,.F.);
#1691 = EDGE_LOOP('',(#1692,#1693,#1694,#1695));
#1692 = ORIENTED_EDGE('',*,*,#1647,.T.);
#1693 = ORIENTED_EDGE('',*,*,#1052,.T.);
#1694 = ORIENTED_EDGE('',*,*,#1669,.F.);
#1695 = ORIENTED_EDGE('',*,*,#1188,.F.);
#1696 = ADVANCED_FACE('',(#1697),#1252,.T.);
#1697 = FACE_BOUND('',#1698,.T.);
#1698 = EDGE_LOOP('',(#1699,#1719,#1744,#1762));
#1699 = ORIENTED_EDGE('',*,*,#1700,.F.);
#1700 = EDGE_CURVE('',#1701,#1237,#1703,.T.);
#1701 = VERTEX_POINT('',#1702);
#1702 = CARTESIAN_POINT('',(31.740220691356,27.990886002698,
    12.041226898801));
#1703 = SURFACE_CURVE('',#1704,(#1707,#1713),.PCURVE_S1.);
#1704 = B_SPLINE_CURVE_WITH_KNOTS('',1,(#1705,#1706),.UNSPECIFIED.,.F.,
  .F.,(2,2),(0.,14.373353088189),.PIECEWISE_BEZIER_KNOTS.);
#1705 = CARTESIAN_POINT('',(31.740220691356,27.990886002698,
    12.041226898801));
#1706 = CARTESIAN_POINT('',(31.740220691356,27.990886002698,
    26.414579986989));
#1707 = PCURVE('',#1252,#1708);
#1708 = DEFINITIONAL_REPRESENTATION('',(#1709),#1712);
#1709 = B_SPLINE_CURVE_WITH_KNOTS('',1,(#1710,#1711),.UNSPECIFIED.,.F.,
  .F.,(2,2),(0.,14.373353088189),.PIECEWISE_BEZIER_KNOTS.);
#1710 = CARTESIAN_POINT('',(0.,0.408046040792));
#1711 = CARTESIAN_POINT('',(14.373353088189,0.408046040792));
#1712 = ( GEOMETRIC_REPRESENTATION_CONTEXT(2) 
PARAMETRIC_REPRESENTATION_CONTEXT() REPRESENTATION_CONTEXT('2D SPACE',''
  ) );
#1713 = PCURVE('',#1325,#1714);
#1714 = DEFINITIONAL_REPRESENTATION('',(#1715),#1718);
#1715 = B_SPLINE_CURVE_WITH_KNOTS('',1,(#1716,#1717),.UNSPECIFIED.,.F.,
  .F.,(2,2),(0.,14.373353088189),.PIECEWISE_BEZIER_KNOTS.);
#1716 = CARTESIAN_POINT('',(0.,0.));
#1717 = CARTESIAN_POINT('',(14.373353088189,0.));
#1718 = ( GEOMETRIC_REPRESENTATION_CONTEXT(2) 
PARAMETRIC_REPRESENTATION_CONTEXT() REPRESENTATION_CONTEXT('2D SPACE',''
  ) );
#1719 = ORIENTED_EDGE('',*,*,#1720,.F.);
#1720 = EDGE_CURVE('',#1721,#1701,#1723,.T.);
#1721 = VERTEX_POINT('',#1722);
#1722 = CARTESIAN_POINT('',(31.332174650564,27.990886002698,
    12.041226898801));
#1723 = SURFACE_CURVE('',#1724,(#1727,#1733),.PCURVE_S1.);
#1724 = B_SPLINE_CURVE_WITH_KNOTS('',1,(#1725,#1726),.UNSPECIFIED.,.F.,
  .F.,(2,2),(0.,0.408046040792),.PIECEWISE_BEZIER_KNOTS.);
#1725 = CARTESIAN_POINT('',(31.332174650564,27.990886002698,
    12.041226898801));
#1726 = CARTESIAN_POINT('',(31.740220691356,27.990886002698,
    12.041226898801));
#1727 = PCURVE('',#1252,#1728);
#1728 = DEFINITIONAL_REPRESENTATION('',(#1729),#1732);
#1729 = B_SPLINE_CURVE_WITH_KNOTS('',1,(#1730,#1731),.UNSPECIFIED.,.F.,
  .F.,(2,2),(0.,0.408046040792),.PIECEWISE_BEZIER_KNOTS.);
#1730 = CARTESIAN_POINT('',(0.,0.));
#1731 = CARTESIAN_POINT('',(0.,0.408046040792));
#1732 = ( GEOMETRIC_REPRESENTATION_CONTEXT(2) 
PARAMETRIC_REPRESENTATION_CONTEXT() REPRESENTATION_CONTEXT('2D SPACE',''
  ) );
#1733 = PCURVE('',#1734,#1739);
#1734 = B_SPLINE_SURFACE_WITH_KNOTS('',1,1,(
    (#1735,#1736)
    ,(#1737,#1738
    )),.UNSPECIFIED.,.F.,.F.,.F.,(2,2),(2,2),(0.,0.408046040792),(0.,
    5.349444393125),.PIECEWISE_BEZIER_KNOTS.);
#1735 = CARTESIAN_POINT('',(31.332174650564,27.990886002698,
    12.041226898801));
#1736 = CARTESIAN_POINT('',(31.332174650564,33.340330395823,
    12.041226898801));
#1737 = CARTESIAN_POINT('',(31.740220691356,27.990886002698,
    12.041226898801));
#1738 = CARTESIAN_POINT('',(31.740220691356,33.340330395823,
    12.041226898801));
#1739 = DEFINITIONAL_REPRESENTATION('',(#1740),#1743);
#1740 = B_SPLINE_CURVE_WITH_KNOTS('',1,(#1741,#1742),.UNSPECIFIED.,.F.,
  .F.,(2,2),(0.,0.408046040792),.PIECEWISE_BEZIER_KNOTS.);
#1741 = CARTESIAN_POINT('',(0.,0.));
#1742 = CARTESIAN_POINT('',(0.408046040792,0.));
#1743 = ( GEOMETRIC_REPRESENTATION_CONTEXT(2) 
PARAMETRIC_REPRESENTATION_CONTEXT() REPRESENTATION_CONTEXT('2D SPACE',''
  ) );
#1744 = ORIENTED_EDGE('',*,*,#1745,.T.);
#1745 = EDGE_CURVE('',#1721,#1239,#1746,.T.);
#1746 = SURFACE_CURVE('',#1747,(#1750,#1756),.PCURVE_S1.);
#1747 = B_SPLINE_CURVE_WITH_KNOTS('',1,(#1748,#1749),.UNSPECIFIED.,.F.,
  .F.,(2,2),(0.,14.373353088189),.PIECEWISE_BEZIER_KNOTS.);
#1748 = CARTESIAN_POINT('',(31.332174650564,27.990886002698,
    12.041226898801));
#1749 = CARTESIAN_POINT('',(31.332174650564,27.990886002698,
    26.414579986989));
#1750 = PCURVE('',#1252,#1751);
#1751 = DEFINITIONAL_REPRESENTATION('',(#1752),#1755);
#1752 = B_SPLINE_CURVE_WITH_KNOTS('',1,(#1753,#1754),.UNSPECIFIED.,.F.,
  .F.,(2,2),(0.,14.373353088189),.PIECEWISE_BEZIER_KNOTS.);
#1753 = CARTESIAN_POINT('',(0.,0.));
#1754 = CARTESIAN_POINT('',(14.373353088189,0.));
#1755 = ( GEOMETRIC_REPRESENTATION_CONTEXT(2) 
PARAMETRIC_REPRESENTATION_CONTEXT() REPRESENTATION_CONTEXT('2D SPACE',''
  ) );
#1756 = PCURVE('',#1277,#1757);
#1757 = DEFINITIONAL_REPRESENTATION('',(#1758),#1761);
#1758 = B_SPLINE_CURVE_WITH_KNOTS('',1,(#1759,#1760),.UNSPECIFIED.,.F.,
  .F.,(2,2),(0.,14.373353088189),.PIECEWISE_BEZIER_KNOTS.);
#1759 = CARTESIAN_POINT('',(0.,0.));
#1760 = CARTESIAN_POINT('',(14.373353088189,0.));
#1761 = ( GEOMETRIC_REPRESENTATION_CONTEXT(2) 
PARAMETRIC_REPRESENTATION_CONTEXT() REPRESENTATION_CONTEXT('2D SPACE',''
  ) );
#1762 = ORIENTED_EDGE('',*,*,#1236,.F.);
#1763 = ADVANCED_FACE('',(#1764),#1325,.F.);
#1764 = FACE_BOUND('',#1765,.F.);
#1765 = EDGE_LOOP('',(#1766,#1767,#1787,#1805));
#1766 = ORIENTED_EDGE('',*,*,#1700,.F.);
#1767 = ORIENTED_EDGE('',*,*,#1768,.T.);
#1768 = EDGE_CURVE('',#1701,#1769,#1771,.T.);
#1769 = VERTEX_POINT('',#1770);
#1770 = CARTESIAN_POINT('',(31.740220691356,33.340330395823,
    12.041226898801));
#1771 = SURFACE_CURVE('',#1772,(#1775,#1781),.PCURVE_S1.);
#1772 = B_SPLINE_CURVE_WITH_KNOTS('',1,(#1773,#1774),.UNSPECIFIED.,.F.,
  .F.,(2,2),(0.,5.349444393125),.PIECEWISE_BEZIER_KNOTS.);
#1773 = CARTESIAN_POINT('',(31.740220691356,27.990886002698,
    12.041226898801));
#1774 = CARTESIAN_POINT('',(31.740220691356,33.340330395823,
    12.041226898801));
#1775 = PCURVE('',#1325,#1776);
#1776 = DEFINITIONAL_REPRESENTATION('',(#1777),#1780);
#1777 = B_SPLINE_CURVE_WITH_KNOTS('',1,(#1778,#1779),.UNSPECIFIED.,.F.,
  .F.,(2,2),(0.,5.349444393125),.PIECEWISE_BEZIER_KNOTS.);
#1778 = CARTESIAN_POINT('',(0.,0.));
#1779 = CARTESIAN_POINT('',(0.,-5.349444393125));
#1780 = ( GEOMETRIC_REPRESENTATION_CONTEXT(2) 
PARAMETRIC_REPRESENTATION_CONTEXT() REPRESENTATION_CONTEXT('2D SPACE',''
  ) );
#1781 = PCURVE('',#1734,#1782);
#1782 = DEFINITIONAL_REPRESENTATION('',(#1783),#1786);
#1783 = B_SPLINE_CURVE_WITH_KNOTS('',1,(#1784,#1785),.UNSPECIFIED.,.F.,
  .F.,(2,2),(0.,5.349444393125),.PIECEWISE_BEZIER_KNOTS.);
#1784 = CARTESIAN_POINT('',(0.408046040792,0.));
#1785 = CARTESIAN_POINT('',(0.408046040792,5.349444393125));
#1786 = ( GEOMETRIC_REPRESENTATION_CONTEXT(2) 
PARAMETRIC_REPRESENTATION_CONTEXT() REPRESENTATION_CONTEXT('2D SPACE',''
  ) );
#1787 = ORIENTED_EDGE('',*,*,#1788,.T.);
#1788 = EDGE_CURVE('',#1769,#1289,#1789,.T.);
#1789 = SURFACE_CURVE('',#1790,(#1793,#1799),.PCURVE_S1.);
#1790 = B_SPLINE_CURVE_WITH_KNOTS('',1,(#1791,#1792),.UNSPECIFIED.,.F.,
  .F.,(2,2),(0.,14.373353088189),.PIECEWISE_BEZIER_KNOTS.);
#1791 = CARTESIAN_POINT('',(31.740220691356,33.340330395823,
    12.041226898801));
#1792 = CARTESIAN_POINT('',(31.740220691356,33.340330395823,
    26.414579986989));
#1793 = PCURVE('',#1325,#1794);
#1794 = DEFINITIONAL_REPRESENTATION('',(#1795),#1798);
#1795 = B_SPLINE_CURVE_WITH_KNOTS('',1,(#1796,#1797),.UNSPECIFIED.,.F.,
  .F.,(2,2),(0.,14.373353088189),.PIECEWISE_BEZIER_KNOTS.);
#1796 = CARTESIAN_POINT('',(0.,-5.349444393125));
#1797 = CARTESIAN_POINT('',(14.373353088189,-5.349444393125));
#1798 = ( GEOMETRIC_REPRESENTATION_CONTEXT(2) 
PARAMETRIC_REPRESENTATION_CONTEXT() REPRESENTATION_CONTEXT('2D SPACE',''
  ) );
#1799 = PCURVE('',#1302,#1800);
#1800 = DEFINITIONAL_REPRESENTATION('',(#1801),#1804);
#1801 = B_SPLINE_CURVE_WITH_KNOTS('',1,(#1802,#1803),.UNSPECIFIED.,.F.,
  .F.,(2,2),(0.,14.373353088189),.PIECEWISE_BEZIER_KNOTS.);
#1802 = CARTESIAN_POINT('',(0.,0.408046040792));
#1803 = CARTESIAN_POINT('',(14.373353088189,0.408046040792));
#1804 = ( GEOMETRIC_REPRESENTATION_CONTEXT(2) 
PARAMETRIC_REPRESENTATION_CONTEXT() REPRESENTATION_CONTEXT('2D SPACE',''
  ) );
#1805 = ORIENTED_EDGE('',*,*,#1313,.F.);
#1806 = ADVANCED_FACE('',(#1807),#1302,.F.);
#1807 = FACE_BOUND('',#1808,.F.);
#1808 = EDGE_LOOP('',(#1809,#1810,#1830,#1848));
#1809 = ORIENTED_EDGE('',*,*,#1788,.F.);
#1810 = ORIENTED_EDGE('',*,*,#1811,.F.);
#1811 = EDGE_CURVE('',#1812,#1769,#1814,.T.);
#1812 = VERTEX_POINT('',#1813);
#1813 = CARTESIAN_POINT('',(31.332174650564,33.340330395823,
    12.041226898801));
#1814 = SURFACE_CURVE('',#1815,(#1818,#1824),.PCURVE_S1.);
#1815 = B_SPLINE_CURVE_WITH_KNOTS('',1,(#1816,#1817),.UNSPECIFIED.,.F.,
  .F.,(2,2),(0.,0.408046040792),.PIECEWISE_BEZIER_KNOTS.);
#1816 = CARTESIAN_POINT('',(31.332174650564,33.340330395823,
    12.041226898801));
#1817 = CARTESIAN_POINT('',(31.740220691356,33.340330395823,
    12.041226898801));
#1818 = PCURVE('',#1302,#1819);
#1819 = DEFINITIONAL_REPRESENTATION('',(#1820),#1823);
#1820 = B_SPLINE_CURVE_WITH_KNOTS('',1,(#1821,#1822),.UNSPECIFIED.,.F.,
  .F.,(2,2),(0.,0.408046040792),.PIECEWISE_BEZIER_KNOTS.);
#1821 = CARTESIAN_POINT('',(0.,0.));
#1822 = CARTESIAN_POINT('',(0.,0.408046040792));
#1823 = ( GEOMETRIC_REPRESENTATION_CONTEXT(2) 
PARAMETRIC_REPRESENTATION_CONTEXT() REPRESENTATION_CONTEXT('2D SPACE',''
  ) );
#1824 = PCURVE('',#1734,#1825);
#1825 = DEFINITIONAL_REPRESENTATION('',(#1826),#1829);
#1826 = B_SPLINE_CURVE_WITH_KNOTS('',1,(#1827,#1828),.UNSPECIFIED.,.F.,
  .F.,(2,2),(0.,0.408046040792),.PIECEWISE_BEZIER_KNOTS.);
#1827 = CARTESIAN_POINT('',(0.,5.349444393125));
#1828 = CARTESIAN_POINT('',(0.408046040792,5.349444393125));
#1829 = ( GEOMETRIC_REPRESENTATION_CONTEXT(2) 
PARAMETRIC_REPRESENTATION_CONTEXT() REPRESENTATION_CONTEXT('2D SPACE',''
  ) );
#1830 = ORIENTED_EDGE('',*,*,#1831,.T.);
#1831 = EDGE_CURVE('',#1812,#1264,#1832,.T.);
#1832 = SURFACE_CURVE('',#1833,(#1836,#1842),.PCURVE_S1.);
#1833 = B_SPLINE_CURVE_WITH_KNOTS('',1,(#1834,#1835),.UNSPECIFIED.,.F.,
  .F.,(2,2),(0.,14.373353088189),.PIECEWISE_BEZIER_KNOTS.);
#1834 = CARTESIAN_POINT('',(31.332174650564,33.340330395823,
    12.041226898801));
#1835 = CARTESIAN_POINT('',(31.332174650564,33.340330395823,
    26.414579986989));
#1836 = PCURVE('',#1302,#1837);
#1837 = DEFINITIONAL_REPRESENTATION('',(#1838),#1841);
#1838 = B_SPLINE_CURVE_WITH_KNOTS('',1,(#1839,#1840),.UNSPECIFIED.,.F.,
  .F.,(2,2),(0.,14.373353088189),.PIECEWISE_BEZIER_KNOTS.);
#1839 = CARTESIAN_POINT('',(0.,0.));
#1840 = CARTESIAN_POINT('',(14.373353088189,0.));
#1841 = ( GEOMETRIC_REPRESENTATION_CONTEXT(2) 
PARAMETRIC_REPRESENTATION_CONTEXT() REPRESENTATION_CONTEXT('2D SPACE',''
  ) );
#1842 = PCURVE('',#1277,#1843);
#1843 = DEFINITIONAL_REPRESENTATION('',(#1844),#1847);
#1844 = B_SPLINE_CURVE_WITH_KNOTS('',1,(#1845,#1846),.UNSPECIFIED.,.F.,
  .F.,(2,2),(0.,14.373353088189),.PIECEWISE_BEZIER_KNOTS.);
#1845 = CARTESIAN_POINT('',(0.,-5.349444393125));
#1846 = CARTESIAN_POINT('',(14.373353088189,-5.349444393125));
#1847 = ( GEOMETRIC_REPRESENTATION_CONTEXT(2) 
PARAMETRIC_REPRESENTATION_CONTEXT() REPRESENTATION_CONTEXT('2D SPACE',''
  ) );
#1848 = ORIENTED_EDGE('',*,*,#1288,.F.);
#1849 = ADVANCED_FACE('',(#1850),#1277,.T.);
#1850 = FACE_BOUND('',#1851,.T.);
#1851 = EDGE_LOOP('',(#1852,#1853,#1871,#1872));
#1852 = ORIENTED_EDGE('',*,*,#1745,.F.);
#1853 = ORIENTED_EDGE('',*,*,#1854,.T.);
#1854 = EDGE_CURVE('',#1721,#1812,#1855,.T.);
#1855 = SURFACE_CURVE('',#1856,(#1859,#1865),.PCURVE_S1.);
#1856 = B_SPLINE_CURVE_WITH_KNOTS('',1,(#1857,#1858),.UNSPECIFIED.,.F.,
  .F.,(2,2),(0.,5.349444393125),.PIECEWISE_BEZIER_KNOTS.);
#1857 = CARTESIAN_POINT('',(31.332174650564,27.990886002698,
    12.041226898801));
#1858 = CARTESIAN_POINT('',(31.332174650564,33.340330395823,
    12.041226898801));
#1859 = PCURVE('',#1277,#1860);
#1860 = DEFINITIONAL_REPRESENTATION('',(#1861),#1864);
#1861 = B_SPLINE_CURVE_WITH_KNOTS('',1,(#1862,#1863),.UNSPECIFIED.,.F.,
  .F.,(2,2),(0.,5.349444393125),.PIECEWISE_BEZIER_KNOTS.);
#1862 = CARTESIAN_POINT('',(0.,0.));
#1863 = CARTESIAN_POINT('',(0.,-5.349444393125));
#1864 = ( GEOMETRIC_REPRESENTATION_CONTEXT(2) 
PARAMETRIC_REPRESENTATION_CONTEXT() REPRESENTATION_CONTEXT('2D SPACE',''
  ) );
#1865 = PCURVE('',#1734,#1866);
#1866 = DEFINITIONAL_REPRESENTATION('',(#1867),#1870);
#1867 = B_SPLINE_CURVE_WITH_KNOTS('',1,(#1868,#1869),.UNSPECIFIED.,.F.,
  .F.,(2,2),(0.,5.349444393125),.PIECEWISE_BEZIER_KNOTS.);
#1868 = CARTESIAN_POINT('',(0.,0.));
#1869 = CARTESIAN_POINT('',(0.,5.349444393125));
#1870 = ( GEOMETRIC_REPRESENTATION_CONTEXT(2) 
PARAMETRIC_REPRESENTATION_CONTEXT() REPRESENTATION_CONTEXT('2D SPACE',''
  ) );
#1871 = ORIENTED_EDGE('',*,*,#1831,.T.);
#1872 = ORIENTED_EDGE('',*,*,#1263,.F.);
#1873 = ADVANCED_FACE('',(#1874),#1354,.F.);
#1874 = FACE_BOUND('',#1875,.F.);
#1875 = EDGE_LOOP('',(#1876,#1896,#1921,#1939));
#1876 = ORIENTED_EDGE('',*,*,#1877,.F.);
#1877 = EDGE_CURVE('',#1878,#1339,#1880,.T.);
#1878 = VERTEX_POINT('',#1879);
#1879 = CARTESIAN_POINT('',(33.855726922963,26.37806737154,
    13.259074532747));
#1880 = SURFACE_CURVE('',#1881,(#1884,#1890),.PCURVE_S1.);
#1881 = B_SPLINE_CURVE_WITH_KNOTS('',1,(#1882,#1883),.UNSPECIFIED.,.F.,
  .F.,(2,2),(0.,13.155505454242),.PIECEWISE_BEZIER_KNOTS.);
#1882 = CARTESIAN_POINT('',(33.855726922963,26.37806737154,
    13.259074532747));
#1883 = CARTESIAN_POINT('',(33.855726922963,26.37806737154,
    26.414579986989));
#1884 = PCURVE('',#1354,#1885);
#1885 = DEFINITIONAL_REPRESENTATION('',(#1886),#1889);
#1886 = B_SPLINE_CURVE_WITH_KNOTS('',1,(#1887,#1888),.UNSPECIFIED.,.F.,
  .F.,(2,2),(0.,13.155505454242),.PIECEWISE_BEZIER_KNOTS.);
#1887 = CARTESIAN_POINT('',(0.,0.));
#1888 = CARTESIAN_POINT('',(13.155505454242,0.));
#1889 = ( GEOMETRIC_REPRESENTATION_CONTEXT(2) 
PARAMETRIC_REPRESENTATION_CONTEXT() REPRESENTATION_CONTEXT('2D SPACE',''
  ) );
#1890 = PCURVE('',#1379,#1891);
#1891 = DEFINITIONAL_REPRESENTATION('',(#1892),#1895);
#1892 = B_SPLINE_CURVE_WITH_KNOTS('',1,(#1893,#1894),.UNSPECIFIED.,.F.,
  .F.,(2,2),(0.,13.155505454242),.PIECEWISE_BEZIER_KNOTS.);
#1893 = CARTESIAN_POINT('',(0.,1.093096896757));
#1894 = CARTESIAN_POINT('',(13.155505454242,1.093096896757));
#1895 = ( GEOMETRIC_REPRESENTATION_CONTEXT(2) 
PARAMETRIC_REPRESENTATION_CONTEXT() REPRESENTATION_CONTEXT('2D SPACE',''
  ) );
#1896 = ORIENTED_EDGE('',*,*,#1897,.T.);
#1897 = EDGE_CURVE('',#1878,#1898,#1900,.T.);
#1898 = VERTEX_POINT('',#1899);
#1899 = CARTESIAN_POINT('',(33.855726922963,27.886714747098,
    13.259074532747));
#1900 = SURFACE_CURVE('',#1901,(#1904,#1910),.PCURVE_S1.);
#1901 = B_SPLINE_CURVE_WITH_KNOTS('',1,(#1902,#1903),.UNSPECIFIED.,.F.,
  .F.,(2,2),(0.,1.508647375558),.PIECEWISE_BEZIER_KNOTS.);
#1902 = CARTESIAN_POINT('',(33.855726922963,26.37806737154,
    13.259074532747));
#1903 = CARTESIAN_POINT('',(33.855726922963,27.886714747098,
    13.259074532747));
#1904 = PCURVE('',#1354,#1905);
#1905 = DEFINITIONAL_REPRESENTATION('',(#1906),#1909);
#1906 = B_SPLINE_CURVE_WITH_KNOTS('',1,(#1907,#1908),.UNSPECIFIED.,.F.,
  .F.,(2,2),(0.,1.508647375558),.PIECEWISE_BEZIER_KNOTS.);
#1907 = CARTESIAN_POINT('',(0.,0.));
#1908 = CARTESIAN_POINT('',(0.,-1.508647375558));
#1909 = ( GEOMETRIC_REPRESENTATION_CONTEXT(2) 
PARAMETRIC_REPRESENTATION_CONTEXT() REPRESENTATION_CONTEXT('2D SPACE',''
  ) );
#1910 = PCURVE('',#1911,#1916);
#1911 = B_SPLINE_SURFACE_WITH_KNOTS('',1,1,(
    (#1912,#1913)
    ,(#1914,#1915
    )),.UNSPECIFIED.,.F.,.F.,.F.,(2,2),(2,2),(0.,1.093096896757),(0.,
    1.508647375558),.PIECEWISE_BEZIER_KNOTS.);
#1912 = CARTESIAN_POINT('',(32.762630026206,26.37806737154,
    13.259074532747));
#1913 = CARTESIAN_POINT('',(32.762630026206,27.886714747098,
    13.259074532747));
#1914 = CARTESIAN_POINT('',(33.855726922963,26.37806737154,
    13.259074532747));
#1915 = CARTESIAN_POINT('',(33.855726922963,27.886714747098,
    13.259074532747));
#1916 = DEFINITIONAL_REPRESENTATION('',(#1917),#1920);
#1917 = B_SPLINE_CURVE_WITH_KNOTS('',1,(#1918,#1919),.UNSPECIFIED.,.F.,
  .F.,(2,2),(0.,1.508647375558),.PIECEWISE_BEZIER_KNOTS.);
#1918 = CARTESIAN_POINT('',(1.093096896757,0.));
#1919 = CARTESIAN_POINT('',(1.093096896757,1.508647375558));
#1920 = ( GEOMETRIC_REPRESENTATION_CONTEXT(2) 
PARAMETRIC_REPRESENTATION_CONTEXT() REPRESENTATION_CONTEXT('2D SPACE',''
  ) );
#1921 = ORIENTED_EDGE('',*,*,#1922,.T.);
#1922 = EDGE_CURVE('',#1898,#1341,#1923,.T.);
#1923 = SURFACE_CURVE('',#1924,(#1927,#1933),.PCURVE_S1.);
#1924 = B_SPLINE_CURVE_WITH_KNOTS('',1,(#1925,#1926),.UNSPECIFIED.,.F.,
  .F.,(2,2),(0.,13.155505454242),.PIECEWISE_BEZIER_KNOTS.);
#1925 = CARTESIAN_POINT('',(33.855726922963,27.886714747098,
    13.259074532747));
#1926 = CARTESIAN_POINT('',(33.855726922963,27.886714747098,
    26.414579986989));
#1927 = PCURVE('',#1354,#1928);
#1928 = DEFINITIONAL_REPRESENTATION('',(#1929),#1932);
#1929 = B_SPLINE_CURVE_WITH_KNOTS('',1,(#1930,#1931),.UNSPECIFIED.,.F.,
  .F.,(2,2),(0.,13.155505454242),.PIECEWISE_BEZIER_KNOTS.);
#1930 = CARTESIAN_POINT('',(0.,-1.508647375558));
#1931 = CARTESIAN_POINT('',(13.155505454242,-1.508647375558));
#1932 = ( GEOMETRIC_REPRESENTATION_CONTEXT(2) 
PARAMETRIC_REPRESENTATION_CONTEXT() REPRESENTATION_CONTEXT('2D SPACE',''
  ) );
#1933 = PCURVE('',#1522,#1934);
#1934 = DEFINITIONAL_REPRESENTATION('',(#1935),#1938);
#1935 = B_SPLINE_CURVE_WITH_KNOTS('',1,(#1936,#1937),.UNSPECIFIED.,.F.,
  .F.,(2,2),(0.,13.155505454242),.PIECEWISE_BEZIER_KNOTS.);
#1936 = CARTESIAN_POINT('',(0.,1.093096896757));
#1937 = CARTESIAN_POINT('',(13.155505454242,1.093096896757));
#1938 = ( GEOMETRIC_REPRESENTATION_CONTEXT(2) 
PARAMETRIC_REPRESENTATION_CONTEXT() REPRESENTATION_CONTEXT('2D SPACE',''
  ) );
#1939 = ORIENTED_EDGE('',*,*,#1338,.F.);
#1940 = ADVANCED_FACE('',(#1941),#1522,.F.);
#1941 = FACE_BOUND('',#1942,.F.);
#1942 = EDGE_LOOP('',(#1943,#1944,#1964,#1982));
#1943 = ORIENTED_EDGE('',*,*,#1922,.F.);
#1944 = ORIENTED_EDGE('',*,*,#1945,.F.);
#1945 = EDGE_CURVE('',#1946,#1898,#1948,.T.);
#1946 = VERTEX_POINT('',#1947);
#1947 = CARTESIAN_POINT('',(32.762630026206,27.886714747098,
    13.259074532747));
#1948 = SURFACE_CURVE('',#1949,(#1952,#1958),.PCURVE_S1.);
#1949 = B_SPLINE_CURVE_WITH_KNOTS('',1,(#1950,#1951),.UNSPECIFIED.,.F.,
  .F.,(2,2),(0.,1.093096896757),.PIECEWISE_BEZIER_KNOTS.);
#1950 = CARTESIAN_POINT('',(32.762630026206,27.886714747098,
    13.259074532747));
#1951 = CARTESIAN_POINT('',(33.855726922963,27.886714747098,
    13.259074532747));
#1952 = PCURVE('',#1522,#1953);
#1953 = DEFINITIONAL_REPRESENTATION('',(#1954),#1957);
#1954 = B_SPLINE_CURVE_WITH_KNOTS('',1,(#1955,#1956),.UNSPECIFIED.,.F.,
  .F.,(2,2),(0.,1.093096896757),.PIECEWISE_BEZIER_KNOTS.);
#1955 = CARTESIAN_POINT('',(0.,0.));
#1956 = CARTESIAN_POINT('',(0.,1.093096896757));
#1957 = ( GEOMETRIC_REPRESENTATION_CONTEXT(2) 
PARAMETRIC_REPRESENTATION_CONTEXT() REPRESENTATION_CONTEXT('2D SPACE',''
  ) );
#1958 = PCURVE('',#1911,#1959);
#1959 = DEFINITIONAL_REPRESENTATION('',(#1960),#1963);
#1960 = B_SPLINE_CURVE_WITH_KNOTS('',1,(#1961,#1962),.UNSPECIFIED.,.F.,
  .F.,(2,2),(0.,1.093096896757),.PIECEWISE_BEZIER_KNOTS.);
#1961 = CARTESIAN_POINT('',(0.,1.508647375558));
#1962 = CARTESIAN_POINT('',(1.093096896757,1.508647375558));
#1963 = ( GEOMETRIC_REPRESENTATION_CONTEXT(2) 
PARAMETRIC_REPRESENTATION_CONTEXT() REPRESENTATION_CONTEXT('2D SPACE',''
  ) );
#1964 = ORIENTED_EDGE('',*,*,#1965,.T.);
#1965 = EDGE_CURVE('',#1946,#1491,#1966,.T.);
#1966 = SURFACE_CURVE('',#1967,(#1970,#1976),.PCURVE_S1.);
#1967 = B_SPLINE_CURVE_WITH_KNOTS('',1,(#1968,#1969),.UNSPECIFIED.,.F.,
  .F.,(2,2),(0.,13.155505454242),.PIECEWISE_BEZIER_KNOTS.);
#1968 = CARTESIAN_POINT('',(32.762630026206,27.886714747098,
    13.259074532747));
#1969 = CARTESIAN_POINT('',(32.762630026206,27.886714747098,
    26.414579986989));
#1970 = PCURVE('',#1522,#1971);
#1971 = DEFINITIONAL_REPRESENTATION('',(#1972),#1975);
#1972 = B_SPLINE_CURVE_WITH_KNOTS('',1,(#1973,#1974),.UNSPECIFIED.,.F.,
  .F.,(2,2),(0.,13.155505454242),.PIECEWISE_BEZIER_KNOTS.);
#1973 = CARTESIAN_POINT('',(0.,0.));
#1974 = CARTESIAN_POINT('',(13.155505454242,0.));
#1975 = ( GEOMETRIC_REPRESENTATION_CONTEXT(2) 
PARAMETRIC_REPRESENTATION_CONTEXT() REPRESENTATION_CONTEXT('2D SPACE',''
  ) );
#1976 = PCURVE('',#1404,#1977);
#1977 = DEFINITIONAL_REPRESENTATION('',(#1978),#1981);
#1978 = B_SPLINE_CURVE_WITH_KNOTS('',1,(#1979,#1980),.UNSPECIFIED.,.F.,
  .F.,(2,2),(0.,13.155505454242),.PIECEWISE_BEZIER_KNOTS.);
#1979 = CARTESIAN_POINT('',(0.,-1.508647375558));
#1980 = CARTESIAN_POINT('',(13.155505454242,-1.508647375558));
#1981 = ( GEOMETRIC_REPRESENTATION_CONTEXT(2) 
PARAMETRIC_REPRESENTATION_CONTEXT() REPRESENTATION_CONTEXT('2D SPACE',''
  ) );
#1982 = ORIENTED_EDGE('',*,*,#1510,.F.);
#1983 = ADVANCED_FACE('',(#1984),#1404,.T.);
#1984 = FACE_BOUND('',#1985,.T.);
#1985 = EDGE_LOOP('',(#1986,#2006,#2024,#2025,#2026,#2046,#2071,#2089));
#1986 = ORIENTED_EDGE('',*,*,#1987,.F.);
#1987 = EDGE_CURVE('',#1988,#1366,#1990,.T.);
#1988 = VERTEX_POINT('',#1989);
#1989 = CARTESIAN_POINT('',(32.762630026206,26.37806737154,
    13.259074532747));
#1990 = SURFACE_CURVE('',#1991,(#1994,#2000),.PCURVE_S1.);
#1991 = B_SPLINE_CURVE_WITH_KNOTS('',1,(#1992,#1993),.UNSPECIFIED.,.F.,
  .F.,(2,2),(0.,13.155505454242),.PIECEWISE_BEZIER_KNOTS.);
#1992 = CARTESIAN_POINT('',(32.762630026206,26.37806737154,
    13.259074532747));
#1993 = CARTESIAN_POINT('',(32.762630026206,26.37806737154,
    26.414579986989));
#1994 = PCURVE('',#1404,#1995);
#1995 = DEFINITIONAL_REPRESENTATION('',(#1996),#1999);
#1996 = B_SPLINE_CURVE_WITH_KNOTS('',1,(#1997,#1998),.UNSPECIFIED.,.F.,
  .F.,(2,2),(0.,13.155505454242),.PIECEWISE_BEZIER_KNOTS.);
#1997 = CARTESIAN_POINT('',(0.,0.));
#1998 = CARTESIAN_POINT('',(13.155505454242,0.));
#1999 = ( GEOMETRIC_REPRESENTATION_CONTEXT(2) 
PARAMETRIC_REPRESENTATION_CONTEXT() REPRESENTATION_CONTEXT('2D SPACE',''
  ) );
#2000 = PCURVE('',#1379,#2001);
#2001 = DEFINITIONAL_REPRESENTATION('',(#2002),#2005);
#2002 = B_SPLINE_CURVE_WITH_KNOTS('',1,(#2003,#2004),.UNSPECIFIED.,.F.,
  .F.,(2,2),(0.,13.155505454242),.PIECEWISE_BEZIER_KNOTS.);
#2003 = CARTESIAN_POINT('',(0.,0.));
#2004 = CARTESIAN_POINT('',(13.155505454242,0.));
#2005 = ( GEOMETRIC_REPRESENTATION_CONTEXT(2) 
PARAMETRIC_REPRESENTATION_CONTEXT() REPRESENTATION_CONTEXT('2D SPACE',''
  ) );
#2006 = ORIENTED_EDGE('',*,*,#2007,.T.);
#2007 = EDGE_CURVE('',#1988,#1946,#2008,.T.);
#2008 = SURFACE_CURVE('',#2009,(#2012,#2018),.PCURVE_S1.);
#2009 = B_SPLINE_CURVE_WITH_KNOTS('',1,(#2010,#2011),.UNSPECIFIED.,.F.,
  .F.,(2,2),(0.,1.508647375558),.PIECEWISE_BEZIER_KNOTS.);
#2010 = CARTESIAN_POINT('',(32.762630026206,26.37806737154,
    13.259074532747));
#2011 = CARTESIAN_POINT('',(32.762630026206,27.886714747098,
    13.259074532747));
#2012 = PCURVE('',#1404,#2013);
#2013 = DEFINITIONAL_REPRESENTATION('',(#2014),#2017);
#2014 = B_SPLINE_CURVE_WITH_KNOTS('',1,(#2015,#2016),.UNSPECIFIED.,.F.,
  .F.,(2,2),(0.,1.508647375558),.PIECEWISE_BEZIER_KNOTS.);
#2015 = CARTESIAN_POINT('',(0.,0.));
#2016 = CARTESIAN_POINT('',(0.,-1.508647375558));
#2017 = ( GEOMETRIC_REPRESENTATION_CONTEXT(2) 
PARAMETRIC_REPRESENTATION_CONTEXT() REPRESENTATION_CONTEXT('2D SPACE',''
  ) );
#2018 = PCURVE('',#1911,#2019);
#2019 = DEFINITIONAL_REPRESENTATION('',(#2020),#2023);
#2020 = B_SPLINE_CURVE_WITH_KNOTS('',1,(#2021,#2022),.UNSPECIFIED.,.F.,
  .F.,(2,2),(0.,1.508647375558),.PIECEWISE_BEZIER_KNOTS.);
#2021 = CARTESIAN_POINT('',(0.,0.));
#2022 = CARTESIAN_POINT('',(0.,1.508647375558));
#2023 = ( GEOMETRIC_REPRESENTATION_CONTEXT(2) 
PARAMETRIC_REPRESENTATION_CONTEXT() REPRESENTATION_CONTEXT('2D SPACE',''
  ) );
#2024 = ORIENTED_EDGE('',*,*,#1965,.T.);
#2025 = ORIENTED_EDGE('',*,*,#1490,.F.);
#2026 = ORIENTED_EDGE('',*,*,#2027,.F.);
#2027 = EDGE_CURVE('',#2028,#1466,#2030,.T.);
#2028 = VERTEX_POINT('',#2029);
#2029 = CARTESIAN_POINT('',(32.762630026206,27.788997674144,
    14.871449716423));
#2030 = SURFACE_CURVE('',#2031,(#2034,#2040),.PCURVE_S1.);
#2031 = B_SPLINE_CURVE_WITH_KNOTS('',1,(#2032,#2033),.UNSPECIFIED.,.F.,
  .F.,(2,2),(0.806187591838,12.349317862404),.PIECEWISE_BEZIER_KNOTS.);
#2032 = CARTESIAN_POINT('',(32.762630026206,27.788997674144,
    14.871449716423));
#2033 = CARTESIAN_POINT('',(32.762630026206,27.788997674144,
    26.414579986989));
#2034 = PCURVE('',#1404,#2035);
#2035 = DEFINITIONAL_REPRESENTATION('',(#2036),#2039);
#2036 = B_SPLINE_CURVE_WITH_KNOTS('',1,(#2037,#2038),.UNSPECIFIED.,.F.,
  .F.,(2,2),(0.806187591838,12.349317862404),.PIECEWISE_BEZIER_KNOTS.);
#2037 = CARTESIAN_POINT('',(1.612375183677,-1.410930302604));
#2038 = CARTESIAN_POINT('',(13.155505454242,-1.410930302604));
#2039 = ( GEOMETRIC_REPRESENTATION_CONTEXT(2) 
PARAMETRIC_REPRESENTATION_CONTEXT() REPRESENTATION_CONTEXT('2D SPACE',''
  ) );
#2040 = PCURVE('',#1479,#2041);
#2041 = DEFINITIONAL_REPRESENTATION('',(#2042),#2045);
#2042 = B_SPLINE_CURVE_WITH_KNOTS('',1,(#2043,#2044),.UNSPECIFIED.,.F.,
  .F.,(2,2),(0.806187591838,12.349317862404),.PIECEWISE_BEZIER_KNOTS.);
#2043 = CARTESIAN_POINT('',(0.,0.429301539873));
#2044 = CARTESIAN_POINT('',(11.543130270566,0.429301539873));
#2045 = ( GEOMETRIC_REPRESENTATION_CONTEXT(2) 
PARAMETRIC_REPRESENTATION_CONTEXT() REPRESENTATION_CONTEXT('2D SPACE',''
  ) );
#2046 = ORIENTED_EDGE('',*,*,#2047,.T.);
#2047 = EDGE_CURVE('',#2028,#2048,#2050,.T.);
#2048 = VERTEX_POINT('',#2049);
#2049 = CARTESIAN_POINT('',(32.762630026206,26.475784444494,
    14.871449716423));
#2050 = SURFACE_CURVE('',#2051,(#2054,#2060),.PCURVE_S1.);
#2051 = B_SPLINE_CURVE_WITH_KNOTS('',1,(#2052,#2053),.UNSPECIFIED.,.F.,
  .F.,(2,2),(-1.362071766127,-4.885853647685E-02),
  .PIECEWISE_BEZIER_KNOTS.);
#2052 = CARTESIAN_POINT('',(32.762630026206,27.788997674144,
    14.871449716423));
#2053 = CARTESIAN_POINT('',(32.762630026206,26.475784444494,
    14.871449716423));
#2054 = PCURVE('',#1404,#2055);
#2055 = DEFINITIONAL_REPRESENTATION('',(#2056),#2059);
#2056 = B_SPLINE_CURVE_WITH_KNOTS('',1,(#2057,#2058),.UNSPECIFIED.,.F.,
  .F.,(2,2),(-1.362071766127,-4.885853647685E-02),
  .PIECEWISE_BEZIER_KNOTS.);
#2057 = CARTESIAN_POINT('',(1.612375183677,-1.410930302604));
#2058 = CARTESIAN_POINT('',(1.612375183677,-9.77170729537E-02));
#2059 = ( GEOMETRIC_REPRESENTATION_CONTEXT(2) 
PARAMETRIC_REPRESENTATION_CONTEXT() REPRESENTATION_CONTEXT('2D SPACE',''
  ) );
#2060 = PCURVE('',#2061,#2066);
#2061 = B_SPLINE_SURFACE_WITH_KNOTS('',1,1,(
    (#2062,#2063)
    ,(#2064,#2065
    )),.UNSPECIFIED.,.F.,.F.,.F.,(2,2),(2,2),(0.,0.429301539873),(0.,
    1.31321322965),.PIECEWISE_BEZIER_KNOTS.);
#2062 = CARTESIAN_POINT('',(32.333328486333,26.475784444494,
    14.871449716423));
#2063 = CARTESIAN_POINT('',(32.333328486333,27.788997674144,
    14.871449716423));
#2064 = CARTESIAN_POINT('',(32.762630026206,26.475784444494,
    14.871449716423));
#2065 = CARTESIAN_POINT('',(32.762630026206,27.788997674144,
    14.871449716423));
#2066 = DEFINITIONAL_REPRESENTATION('',(#2067),#2070);
#2067 = B_SPLINE_CURVE_WITH_KNOTS('',1,(#2068,#2069),.UNSPECIFIED.,.F.,
  .F.,(2,2),(-1.362071766127,-4.885853647685E-02),
  .PIECEWISE_BEZIER_KNOTS.);
#2068 = CARTESIAN_POINT('',(0.429301539873,1.31321322965));
#2069 = CARTESIAN_POINT('',(0.429301539873,0.));
#2070 = ( GEOMETRIC_REPRESENTATION_CONTEXT(2) 
PARAMETRIC_REPRESENTATION_CONTEXT() REPRESENTATION_CONTEXT('2D SPACE',''
  ) );
#2071 = ORIENTED_EDGE('',*,*,#2072,.T.);
#2072 = EDGE_CURVE('',#2048,#1391,#2073,.T.);
#2073 = SURFACE_CURVE('',#2074,(#2077,#2083),.PCURVE_S1.);
#2074 = B_SPLINE_CURVE_WITH_KNOTS('',1,(#2075,#2076),.UNSPECIFIED.,.F.,
  .F.,(2,2),(0.806187591838,12.349317862404),.PIECEWISE_BEZIER_KNOTS.);
#2075 = CARTESIAN_POINT('',(32.762630026206,26.475784444494,
    14.871449716423));
#2076 = CARTESIAN_POINT('',(32.762630026206,26.475784444494,
    26.414579986989));
#2077 = PCURVE('',#1404,#2078);
#2078 = DEFINITIONAL_REPRESENTATION('',(#2079),#2082);
#2079 = B_SPLINE_CURVE_WITH_KNOTS('',1,(#2080,#2081),.UNSPECIFIED.,.F.,
  .F.,(2,2),(0.806187591838,12.349317862404),.PIECEWISE_BEZIER_KNOTS.);
#2080 = CARTESIAN_POINT('',(1.612375183677,-9.77170729537E-02));
#2081 = CARTESIAN_POINT('',(13.155505454242,-9.77170729537E-02));
#2082 = ( GEOMETRIC_REPRESENTATION_CONTEXT(2) 
PARAMETRIC_REPRESENTATION_CONTEXT() REPRESENTATION_CONTEXT('2D SPACE',''
  ) );
#2083 = PCURVE('',#1429,#2084);
#2084 = DEFINITIONAL_REPRESENTATION('',(#2085),#2088);
#2085 = B_SPLINE_CURVE_WITH_KNOTS('',1,(#2086,#2087),.UNSPECIFIED.,.F.,
  .F.,(2,2),(0.806187591838,12.349317862404),.PIECEWISE_BEZIER_KNOTS.);
#2086 = CARTESIAN_POINT('',(0.,0.429301539873));
#2087 = CARTESIAN_POINT('',(11.543130270566,0.429301539873));
#2088 = ( GEOMETRIC_REPRESENTATION_CONTEXT(2) 
PARAMETRIC_REPRESENTATION_CONTEXT() REPRESENTATION_CONTEXT('2D SPACE',''
  ) );
#2089 = ORIENTED_EDGE('',*,*,#1390,.F.);
#2090 = ADVANCED_FACE('',(#2091),#1479,.F.);
#2091 = FACE_BOUND('',#2092,.F.);
#2092 = EDGE_LOOP('',(#2093,#2113,#2131,#2132));
#2093 = ORIENTED_EDGE('',*,*,#2094,.F.);
#2094 = EDGE_CURVE('',#2095,#2028,#2097,.T.);
#2095 = VERTEX_POINT('',#2096);
#2096 = CARTESIAN_POINT('',(32.333328486333,27.788997674144,
    14.871449716423));
#2097 = SURFACE_CURVE('',#2098,(#2101,#2107),.PCURVE_S1.);
#2098 = B_SPLINE_CURVE_WITH_KNOTS('',1,(#2099,#2100),.UNSPECIFIED.,.F.,
  .F.,(2,2),(0.,0.429301539873),.PIECEWISE_BEZIER_KNOTS.);
#2099 = CARTESIAN_POINT('',(32.333328486333,27.788997674144,
    14.871449716423));
#2100 = CARTESIAN_POINT('',(32.762630026206,27.788997674144,
    14.871449716423));
#2101 = PCURVE('',#1479,#2102);
#2102 = DEFINITIONAL_REPRESENTATION('',(#2103),#2106);
#2103 = B_SPLINE_CURVE_WITH_KNOTS('',1,(#2104,#2105),.UNSPECIFIED.,.F.,
  .F.,(2,2),(0.,0.429301539873),.PIECEWISE_BEZIER_KNOTS.);
#2104 = CARTESIAN_POINT('',(0.,0.));
#2105 = CARTESIAN_POINT('',(0.,0.429301539873));
#2106 = ( GEOMETRIC_REPRESENTATION_CONTEXT(2) 
PARAMETRIC_REPRESENTATION_CONTEXT() REPRESENTATION_CONTEXT('2D SPACE',''
  ) );
#2107 = PCURVE('',#2061,#2108);
#2108 = DEFINITIONAL_REPRESENTATION('',(#2109),#2112);
#2109 = B_SPLINE_CURVE_WITH_KNOTS('',1,(#2110,#2111),.UNSPECIFIED.,.F.,
  .F.,(2,2),(0.,0.429301539873),.PIECEWISE_BEZIER_KNOTS.);
#2110 = CARTESIAN_POINT('',(0.,1.31321322965));
#2111 = CARTESIAN_POINT('',(0.429301539873,1.31321322965));
#2112 = ( GEOMETRIC_REPRESENTATION_CONTEXT(2) 
PARAMETRIC_REPRESENTATION_CONTEXT() REPRESENTATION_CONTEXT('2D SPACE',''
  ) );
#2113 = ORIENTED_EDGE('',*,*,#2114,.T.);
#2114 = EDGE_CURVE('',#2095,#1441,#2115,.T.);
#2115 = SURFACE_CURVE('',#2116,(#2119,#2125),.PCURVE_S1.);
#2116 = B_SPLINE_CURVE_WITH_KNOTS('',1,(#2117,#2118),.UNSPECIFIED.,.F.,
  .F.,(2,2),(0.,11.543130270566),.PIECEWISE_BEZIER_KNOTS.);
#2117 = CARTESIAN_POINT('',(32.333328486333,27.788997674144,
    14.871449716423));
#2118 = CARTESIAN_POINT('',(32.333328486333,27.788997674144,
    26.414579986989));
#2119 = PCURVE('',#1479,#2120);
#2120 = DEFINITIONAL_REPRESENTATION('',(#2121),#2124);
#2121 = B_SPLINE_CURVE_WITH_KNOTS('',1,(#2122,#2123),.UNSPECIFIED.,.F.,
  .F.,(2,2),(0.,11.543130270566),.PIECEWISE_BEZIER_KNOTS.);
#2122 = CARTESIAN_POINT('',(0.,0.));
#2123 = CARTESIAN_POINT('',(11.543130270566,0.));
#2124 = ( GEOMETRIC_REPRESENTATION_CONTEXT(2) 
PARAMETRIC_REPRESENTATION_CONTEXT() REPRESENTATION_CONTEXT('2D SPACE',''
  ) );
#2125 = PCURVE('',#1454,#2126);
#2126 = DEFINITIONAL_REPRESENTATION('',(#2127),#2130);
#2127 = B_SPLINE_CURVE_WITH_KNOTS('',1,(#2128,#2129),.UNSPECIFIED.,.F.,
  .F.,(2,2),(0.,11.543130270566),.PIECEWISE_BEZIER_KNOTS.);
#2128 = CARTESIAN_POINT('',(0.,-1.31321322965));
#2129 = CARTESIAN_POINT('',(11.543130270566,-1.31321322965));
#2130 = ( GEOMETRIC_REPRESENTATION_CONTEXT(2) 
PARAMETRIC_REPRESENTATION_CONTEXT() REPRESENTATION_CONTEXT('2D SPACE',''
  ) );
#2131 = ORIENTED_EDGE('',*,*,#1465,.F.);
#2132 = ORIENTED_EDGE('',*,*,#2027,.F.);
#2133 = ADVANCED_FACE('',(#2134),#1454,.T.);
#2134 = FACE_BOUND('',#2135,.T.);
#2135 = EDGE_LOOP('',(#2136,#2156,#2174,#2175));
#2136 = ORIENTED_EDGE('',*,*,#2137,.F.);
#2137 = EDGE_CURVE('',#2138,#1416,#2140,.T.);
#2138 = VERTEX_POINT('',#2139);
#2139 = CARTESIAN_POINT('',(32.333328486333,26.475784444494,
    14.871449716423));
#2140 = SURFACE_CURVE('',#2141,(#2144,#2150),.PCURVE_S1.);
#2141 = B_SPLINE_CURVE_WITH_KNOTS('',1,(#2142,#2143),.UNSPECIFIED.,.F.,
  .F.,(2,2),(0.,11.543130270566),.PIECEWISE_BEZIER_KNOTS.);
#2142 = CARTESIAN_POINT('',(32.333328486333,26.475784444494,
    14.871449716423));
#2143 = CARTESIAN_POINT('',(32.333328486333,26.475784444494,
    26.414579986989));
#2144 = PCURVE('',#1454,#2145);
#2145 = DEFINITIONAL_REPRESENTATION('',(#2146),#2149);
#2146 = B_SPLINE_CURVE_WITH_KNOTS('',1,(#2147,#2148),.UNSPECIFIED.,.F.,
  .F.,(2,2),(0.,11.543130270566),.PIECEWISE_BEZIER_KNOTS.);
#2147 = CARTESIAN_POINT('',(0.,0.));
#2148 = CARTESIAN_POINT('',(11.543130270566,0.));
#2149 = ( GEOMETRIC_REPRESENTATION_CONTEXT(2) 
PARAMETRIC_REPRESENTATION_CONTEXT() REPRESENTATION_CONTEXT('2D SPACE',''
  ) );
#2150 = PCURVE('',#1429,#2151);
#2151 = DEFINITIONAL_REPRESENTATION('',(#2152),#2155);
#2152 = B_SPLINE_CURVE_WITH_KNOTS('',1,(#2153,#2154),.UNSPECIFIED.,.F.,
  .F.,(2,2),(0.,11.543130270566),.PIECEWISE_BEZIER_KNOTS.);
#2153 = CARTESIAN_POINT('',(0.,0.));
#2154 = CARTESIAN_POINT('',(11.543130270566,0.));
#2155 = ( GEOMETRIC_REPRESENTATION_CONTEXT(2) 
PARAMETRIC_REPRESENTATION_CONTEXT() REPRESENTATION_CONTEXT('2D SPACE',''
  ) );
#2156 = ORIENTED_EDGE('',*,*,#2157,.T.);
#2157 = EDGE_CURVE('',#2138,#2095,#2158,.T.);
#2158 = SURFACE_CURVE('',#2159,(#2162,#2168),.PCURVE_S1.);
#2159 = B_SPLINE_CURVE_WITH_KNOTS('',1,(#2160,#2161),.UNSPECIFIED.,.F.,
  .F.,(2,2),(0.,1.31321322965),.PIECEWISE_BEZIER_KNOTS.);
#2160 = CARTESIAN_POINT('',(32.333328486333,26.475784444494,
    14.871449716423));
#2161 = CARTESIAN_POINT('',(32.333328486333,27.788997674144,
    14.871449716423));
#2162 = PCURVE('',#1454,#2163);
#2163 = DEFINITIONAL_REPRESENTATION('',(#2164),#2167);
#2164 = B_SPLINE_CURVE_WITH_KNOTS('',1,(#2165,#2166),.UNSPECIFIED.,.F.,
  .F.,(2,2),(0.,1.31321322965),.PIECEWISE_BEZIER_KNOTS.);
#2165 = CARTESIAN_POINT('',(0.,0.));
#2166 = CARTESIAN_POINT('',(0.,-1.31321322965));
#2167 = ( GEOMETRIC_REPRESENTATION_CONTEXT(2) 
PARAMETRIC_REPRESENTATION_CONTEXT() REPRESENTATION_CONTEXT('2D SPACE',''
  ) );
#2168 = PCURVE('',#2061,#2169);
#2169 = DEFINITIONAL_REPRESENTATION('',(#2170),#2173);
#2170 = B_SPLINE_CURVE_WITH_KNOTS('',1,(#2171,#2172),.UNSPECIFIED.,.F.,
  .F.,(2,2),(0.,1.31321322965),.PIECEWISE_BEZIER_KNOTS.);
#2171 = CARTESIAN_POINT('',(0.,0.));
#2172 = CARTESIAN_POINT('',(0.,1.31321322965));
#2173 = ( GEOMETRIC_REPRESENTATION_CONTEXT(2) 
PARAMETRIC_REPRESENTATION_CONTEXT() REPRESENTATION_CONTEXT('2D SPACE',''
  ) );
#2174 = ORIENTED_EDGE('',*,*,#2114,.T.);
#2175 = ORIENTED_EDGE('',*,*,#1440,.F.);
#2176 = ADVANCED_FACE('',(#2177),#1429,.T.);
#2177 = FACE_BOUND('',#2178,.T.);
#2178 = EDGE_LOOP('',(#2179,#2197,#2198,#2199));
#2179 = ORIENTED_EDGE('',*,*,#2180,.F.);
#2180 = EDGE_CURVE('',#2138,#2048,#2181,.T.);
#2181 = SURFACE_CURVE('',#2182,(#2185,#2191),.PCURVE_S1.);
#2182 = B_SPLINE_CURVE_WITH_KNOTS('',1,(#2183,#2184),.UNSPECIFIED.,.F.,
  .F.,(2,2),(0.,0.429301539873),.PIECEWISE_BEZIER_KNOTS.);
#2183 = CARTESIAN_POINT('',(32.333328486333,26.475784444494,
    14.871449716423));
#2184 = CARTESIAN_POINT('',(32.762630026206,26.475784444494,
    14.871449716423));
#2185 = PCURVE('',#1429,#2186);
#2186 = DEFINITIONAL_REPRESENTATION('',(#2187),#2190);
#2187 = B_SPLINE_CURVE_WITH_KNOTS('',1,(#2188,#2189),.UNSPECIFIED.,.F.,
  .F.,(2,2),(0.,0.429301539873),.PIECEWISE_BEZIER_KNOTS.);
#2188 = CARTESIAN_POINT('',(0.,0.));
#2189 = CARTESIAN_POINT('',(0.,0.429301539873));
#2190 = ( GEOMETRIC_REPRESENTATION_CONTEXT(2) 
PARAMETRIC_REPRESENTATION_CONTEXT() REPRESENTATION_CONTEXT('2D SPACE',''
  ) );
#2191 = PCURVE('',#2061,#2192);
#2192 = DEFINITIONAL_REPRESENTATION('',(#2193),#2196);
#2193 = B_SPLINE_CURVE_WITH_KNOTS('',1,(#2194,#2195),.UNSPECIFIED.,.F.,
  .F.,(2,2),(0.,0.429301539873),.PIECEWISE_BEZIER_KNOTS.);
#2194 = CARTESIAN_POINT('',(0.,0.));
#2195 = CARTESIAN_POINT('',(0.429301539873,0.));
#2196 = ( GEOMETRIC_REPRESENTATION_CONTEXT(2) 
PARAMETRIC_REPRESENTATION_CONTEXT() REPRESENTATION_CONTEXT('2D SPACE',''
  ) );
#2197 = ORIENTED_EDGE('',*,*,#2137,.T.);
#2198 = ORIENTED_EDGE('',*,*,#1415,.F.);
#2199 = ORIENTED_EDGE('',*,*,#2072,.F.);
#2200 = ADVANCED_FACE('',(#2201),#1379,.T.);
#2201 = FACE_BOUND('',#2202,.T.);
#2202 = EDGE_LOOP('',(#2203,#2204,#2222,#2223));
#2203 = ORIENTED_EDGE('',*,*,#1877,.F.);
#2204 = ORIENTED_EDGE('',*,*,#2205,.F.);
#2205 = EDGE_CURVE('',#1988,#1878,#2206,.T.);
#2206 = SURFACE_CURVE('',#2207,(#2210,#2216),.PCURVE_S1.);
#2207 = B_SPLINE_CURVE_WITH_KNOTS('',1,(#2208,#2209),.UNSPECIFIED.,.F.,
  .F.,(2,2),(0.,1.093096896757),.PIECEWISE_BEZIER_KNOTS.);
#2208 = CARTESIAN_POINT('',(32.762630026206,26.37806737154,
    13.259074532747));
#2209 = CARTESIAN_POINT('',(33.855726922963,26.37806737154,
    13.259074532747));
#2210 = PCURVE('',#1379,#2211);
#2211 = DEFINITIONAL_REPRESENTATION('',(#2212),#2215);
#2212 = B_SPLINE_CURVE_WITH_KNOTS('',1,(#2213,#2214),.UNSPECIFIED.,.F.,
  .F.,(2,2),(0.,1.093096896757),.PIECEWISE_BEZIER_KNOTS.);
#2213 = CARTESIAN_POINT('',(0.,0.));
#2214 = CARTESIAN_POINT('',(0.,1.093096896757));
#2215 = ( GEOMETRIC_REPRESENTATION_CONTEXT(2) 
PARAMETRIC_REPRESENTATION_CONTEXT() REPRESENTATION_CONTEXT('2D SPACE',''
  ) );
#2216 = PCURVE('',#1911,#2217);
#2217 = DEFINITIONAL_REPRESENTATION('',(#2218),#2221);
#2218 = B_SPLINE_CURVE_WITH_KNOTS('',1,(#2219,#2220),.UNSPECIFIED.,.F.,
  .F.,(2,2),(0.,1.093096896757),.PIECEWISE_BEZIER_KNOTS.);
#2219 = CARTESIAN_POINT('',(0.,0.));
#2220 = CARTESIAN_POINT('',(1.093096896757,0.));
#2221 = ( GEOMETRIC_REPRESENTATION_CONTEXT(2) 
PARAMETRIC_REPRESENTATION_CONTEXT() REPRESENTATION_CONTEXT('2D SPACE',''
  ) );
#2222 = ORIENTED_EDGE('',*,*,#1987,.T.);
#2223 = ORIENTED_EDGE('',*,*,#1365,.F.);
#2224 = ADVANCED_FACE('',(#2225),#1551,.F.);
#2225 = FACE_BOUND('',#2226,.F.);
#2226 = EDGE_LOOP('',(#2227,#2247,#2272,#2290));
#2227 = ORIENTED_EDGE('',*,*,#2228,.F.);
#2228 = EDGE_CURVE('',#2229,#1536,#2231,.T.);
#2229 = VERTEX_POINT('',#2230);
#2230 = CARTESIAN_POINT('',(32.349656154542,31.896692673472,
    14.200434159599));
#2231 = SURFACE_CURVE('',#2232,(#2235,#2241),.PCURVE_S1.);
#2232 = B_SPLINE_CURVE_WITH_KNOTS('',1,(#2233,#2234),.UNSPECIFIED.,.F.,
  .F.,(2,2),(0.,12.21414582739),.PIECEWISE_BEZIER_KNOTS.);
#2233 = CARTESIAN_POINT('',(32.349656154542,31.896692673472,
    14.200434159599));
#2234 = CARTESIAN_POINT('',(32.349656154542,31.896692673472,
    26.414579986989));
#2235 = PCURVE('',#1551,#2236);
#2236 = DEFINITIONAL_REPRESENTATION('',(#2237),#2240);
#2237 = B_SPLINE_CURVE_WITH_KNOTS('',1,(#2238,#2239),.UNSPECIFIED.,.F.,
  .F.,(2,2),(0.,12.21414582739),.PIECEWISE_BEZIER_KNOTS.);
#2238 = CARTESIAN_POINT('',(0.,0.));
#2239 = CARTESIAN_POINT('',(12.21414582739,0.));
#2240 = ( GEOMETRIC_REPRESENTATION_CONTEXT(2) 
PARAMETRIC_REPRESENTATION_CONTEXT() REPRESENTATION_CONTEXT('2D SPACE',''
  ) );
#2241 = PCURVE('',#1576,#2242);
#2242 = DEFINITIONAL_REPRESENTATION('',(#2243),#2246);
#2243 = B_SPLINE_CURVE_WITH_KNOTS('',1,(#2244,#2245),.UNSPECIFIED.,.F.,
  .F.,(2,2),(0.,12.21414582739),.PIECEWISE_BEZIER_KNOTS.);
#2244 = CARTESIAN_POINT('',(0.,0.444929764749));
#2245 = CARTESIAN_POINT('',(12.21414582739,0.444929764749));
#2246 = ( GEOMETRIC_REPRESENTATION_CONTEXT(2) 
PARAMETRIC_REPRESENTATION_CONTEXT() REPRESENTATION_CONTEXT('2D SPACE',''
  ) );
#2247 = ORIENTED_EDGE('',*,*,#2248,.T.);
#2248 = EDGE_CURVE('',#2229,#2249,#2251,.T.);
#2249 = VERTEX_POINT('',#2250);
#2250 = CARTESIAN_POINT('',(32.349656154542,36.500958004932,
    14.200434159599));
#2251 = SURFACE_CURVE('',#2252,(#2255,#2261),.PCURVE_S1.);
#2252 = B_SPLINE_CURVE_WITH_KNOTS('',1,(#2253,#2254),.UNSPECIFIED.,.F.,
  .F.,(2,2),(0.,4.60426533146),.PIECEWISE_BEZIER_KNOTS.);
#2253 = CARTESIAN_POINT('',(32.349656154542,31.896692673472,
    14.200434159599));
#2254 = CARTESIAN_POINT('',(32.349656154542,36.500958004932,
    14.200434159599));
#2255 = PCURVE('',#1551,#2256);
#2256 = DEFINITIONAL_REPRESENTATION('',(#2257),#2260);
#2257 = B_SPLINE_CURVE_WITH_KNOTS('',1,(#2258,#2259),.UNSPECIFIED.,.F.,
  .F.,(2,2),(0.,4.60426533146),.PIECEWISE_BEZIER_KNOTS.);
#2258 = CARTESIAN_POINT('',(0.,0.));
#2259 = CARTESIAN_POINT('',(0.,-4.60426533146));
#2260 = ( GEOMETRIC_REPRESENTATION_CONTEXT(2) 
PARAMETRIC_REPRESENTATION_CONTEXT() REPRESENTATION_CONTEXT('2D SPACE',''
  ) );
#2261 = PCURVE('',#2262,#2267);
#2262 = B_SPLINE_SURFACE_WITH_KNOTS('',1,1,(
    (#2263,#2264)
    ,(#2265,#2266
    )),.UNSPECIFIED.,.F.,.F.,.F.,(2,2),(2,2),(0.,0.444929764749),(0.,
    4.60426533146),.PIECEWISE_BEZIER_KNOTS.);
#2263 = CARTESIAN_POINT('',(31.904726389794,31.896692673472,
    14.200434159599));
#2264 = CARTESIAN_POINT('',(31.904726389794,36.500958004932,
    14.200434159599));
#2265 = CARTESIAN_POINT('',(32.349656154542,31.896692673472,
    14.200434159599));
#2266 = CARTESIAN_POINT('',(32.349656154542,36.500958004932,
    14.200434159599));
#2267 = DEFINITIONAL_REPRESENTATION('',(#2268),#2271);
#2268 = B_SPLINE_CURVE_WITH_KNOTS('',1,(#2269,#2270),.UNSPECIFIED.,.F.,
  .F.,(2,2),(0.,4.60426533146),.PIECEWISE_BEZIER_KNOTS.);
#2269 = CARTESIAN_POINT('',(0.444929764749,0.));
#2270 = CARTESIAN_POINT('',(0.444929764749,4.60426533146));
#2271 = ( GEOMETRIC_REPRESENTATION_CONTEXT(2) 
PARAMETRIC_REPRESENTATION_CONTEXT() REPRESENTATION_CONTEXT('2D SPACE',''
  ) );
#2272 = ORIENTED_EDGE('',*,*,#2273,.T.);
#2273 = EDGE_CURVE('',#2249,#1538,#2274,.T.);
#2274 = SURFACE_CURVE('',#2275,(#2278,#2284),.PCURVE_S1.);
#2275 = B_SPLINE_CURVE_WITH_KNOTS('',1,(#2276,#2277),.UNSPECIFIED.,.F.,
  .F.,(2,2),(0.,12.21414582739),.PIECEWISE_BEZIER_KNOTS.);
#2276 = CARTESIAN_POINT('',(32.349656154542,36.500958004932,
    14.200434159599));
#2277 = CARTESIAN_POINT('',(32.349656154542,36.500958004932,
    26.414579986989));
#2278 = PCURVE('',#1551,#2279);
#2279 = DEFINITIONAL_REPRESENTATION('',(#2280),#2283);
#2280 = B_SPLINE_CURVE_WITH_KNOTS('',1,(#2281,#2282),.UNSPECIFIED.,.F.,
  .F.,(2,2),(0.,12.21414582739),.PIECEWISE_BEZIER_KNOTS.);
#2281 = CARTESIAN_POINT('',(0.,-4.60426533146));
#2282 = CARTESIAN_POINT('',(12.21414582739,-4.60426533146));
#2283 = ( GEOMETRIC_REPRESENTATION_CONTEXT(2) 
PARAMETRIC_REPRESENTATION_CONTEXT() REPRESENTATION_CONTEXT('2D SPACE',''
  ) );
#2284 = PCURVE('',#1624,#2285);
#2285 = DEFINITIONAL_REPRESENTATION('',(#2286),#2289);
#2286 = B_SPLINE_CURVE_WITH_KNOTS('',1,(#2287,#2288),.UNSPECIFIED.,.F.,
  .F.,(2,2),(0.,12.21414582739),.PIECEWISE_BEZIER_KNOTS.);
#2287 = CARTESIAN_POINT('',(0.,0.444929764749));
#2288 = CARTESIAN_POINT('',(12.21414582739,0.444929764749));
#2289 = ( GEOMETRIC_REPRESENTATION_CONTEXT(2) 
PARAMETRIC_REPRESENTATION_CONTEXT() REPRESENTATION_CONTEXT('2D SPACE',''
  ) );
#2290 = ORIENTED_EDGE('',*,*,#1535,.F.);
#2291 = ADVANCED_FACE('',(#2292),#1624,.F.);
#2292 = FACE_BOUND('',#2293,.F.);
#2293 = EDGE_LOOP('',(#2294,#2295,#2315,#2333));
#2294 = ORIENTED_EDGE('',*,*,#2273,.F.);
#2295 = ORIENTED_EDGE('',*,*,#2296,.F.);
#2296 = EDGE_CURVE('',#2297,#2249,#2299,.T.);
#2297 = VERTEX_POINT('',#2298);
#2298 = CARTESIAN_POINT('',(31.904726389794,36.500958004932,
    14.200434159599));
#2299 = SURFACE_CURVE('',#2300,(#2303,#2309),.PCURVE_S1.);
#2300 = B_SPLINE_CURVE_WITH_KNOTS('',1,(#2301,#2302),.UNSPECIFIED.,.F.,
  .F.,(2,2),(0.,0.444929764749),.PIECEWISE_BEZIER_KNOTS.);
#2301 = CARTESIAN_POINT('',(31.904726389794,36.500958004932,
    14.200434159599));
#2302 = CARTESIAN_POINT('',(32.349656154542,36.500958004932,
    14.200434159599));
#2303 = PCURVE('',#1624,#2304);
#2304 = DEFINITIONAL_REPRESENTATION('',(#2305),#2308);
#2305 = B_SPLINE_CURVE_WITH_KNOTS('',1,(#2306,#2307),.UNSPECIFIED.,.F.,
  .F.,(2,2),(0.,0.444929764749),.PIECEWISE_BEZIER_KNOTS.);
#2306 = CARTESIAN_POINT('',(0.,0.));
#2307 = CARTESIAN_POINT('',(0.,0.444929764749));
#2308 = ( GEOMETRIC_REPRESENTATION_CONTEXT(2) 
PARAMETRIC_REPRESENTATION_CONTEXT() REPRESENTATION_CONTEXT('2D SPACE',''
  ) );
#2309 = PCURVE('',#2262,#2310);
#2310 = DEFINITIONAL_REPRESENTATION('',(#2311),#2314);
#2311 = B_SPLINE_CURVE_WITH_KNOTS('',1,(#2312,#2313),.UNSPECIFIED.,.F.,
  .F.,(2,2),(0.,0.444929764749),.PIECEWISE_BEZIER_KNOTS.);
#2312 = CARTESIAN_POINT('',(0.,4.60426533146));
#2313 = CARTESIAN_POINT('',(0.444929764749,4.60426533146));
#2314 = ( GEOMETRIC_REPRESENTATION_CONTEXT(2) 
PARAMETRIC_REPRESENTATION_CONTEXT() REPRESENTATION_CONTEXT('2D SPACE',''
  ) );
#2315 = ORIENTED_EDGE('',*,*,#2316,.T.);
#2316 = EDGE_CURVE('',#2297,#1588,#2317,.T.);
#2317 = SURFACE_CURVE('',#2318,(#2321,#2327),.PCURVE_S1.);
#2318 = B_SPLINE_CURVE_WITH_KNOTS('',1,(#2319,#2320),.UNSPECIFIED.,.F.,
  .F.,(2,2),(0.,12.21414582739),.PIECEWISE_BEZIER_KNOTS.);
#2319 = CARTESIAN_POINT('',(31.904726389794,36.500958004932,
    14.200434159599));
#2320 = CARTESIAN_POINT('',(31.904726389794,36.500958004932,
    26.414579986989));
#2321 = PCURVE('',#1624,#2322);
#2322 = DEFINITIONAL_REPRESENTATION('',(#2323),#2326);
#2323 = B_SPLINE_CURVE_WITH_KNOTS('',1,(#2324,#2325),.UNSPECIFIED.,.F.,
  .F.,(2,2),(0.,12.21414582739),.PIECEWISE_BEZIER_KNOTS.);
#2324 = CARTESIAN_POINT('',(0.,0.));
#2325 = CARTESIAN_POINT('',(12.21414582739,0.));
#2326 = ( GEOMETRIC_REPRESENTATION_CONTEXT(2) 
PARAMETRIC_REPRESENTATION_CONTEXT() REPRESENTATION_CONTEXT('2D SPACE',''
  ) );
#2327 = PCURVE('',#1601,#2328);
#2328 = DEFINITIONAL_REPRESENTATION('',(#2329),#2332);
#2329 = B_SPLINE_CURVE_WITH_KNOTS('',1,(#2330,#2331),.UNSPECIFIED.,.F.,
  .F.,(2,2),(0.,12.21414582739),.PIECEWISE_BEZIER_KNOTS.);
#2330 = CARTESIAN_POINT('',(0.,-4.60426533146));
#2331 = CARTESIAN_POINT('',(12.21414582739,-4.60426533146));
#2332 = ( GEOMETRIC_REPRESENTATION_CONTEXT(2) 
PARAMETRIC_REPRESENTATION_CONTEXT() REPRESENTATION_CONTEXT('2D SPACE',''
  ) );
#2333 = ORIENTED_EDGE('',*,*,#1612,.F.);
#2334 = ADVANCED_FACE('',(#2335),#1601,.T.);
#2335 = FACE_BOUND('',#2336,.T.);
#2336 = EDGE_LOOP('',(#2337,#2357,#2375,#2376));
#2337 = ORIENTED_EDGE('',*,*,#2338,.F.);
#2338 = EDGE_CURVE('',#2339,#1563,#2341,.T.);
#2339 = VERTEX_POINT('',#2340);
#2340 = CARTESIAN_POINT('',(31.904726389794,31.896692673472,
    14.200434159599));
#2341 = SURFACE_CURVE('',#2342,(#2345,#2351),.PCURVE_S1.);
#2342 = B_SPLINE_CURVE_WITH_KNOTS('',1,(#2343,#2344),.UNSPECIFIED.,.F.,
  .F.,(2,2),(0.,12.21414582739),.PIECEWISE_BEZIER_KNOTS.);
#2343 = CARTESIAN_POINT('',(31.904726389794,31.896692673472,
    14.200434159599));
#2344 = CARTESIAN_POINT('',(31.904726389794,31.896692673472,
    26.414579986989));
#2345 = PCURVE('',#1601,#2346);
#2346 = DEFINITIONAL_REPRESENTATION('',(#2347),#2350);
#2347 = B_SPLINE_CURVE_WITH_KNOTS('',1,(#2348,#2349),.UNSPECIFIED.,.F.,
  .F.,(2,2),(0.,12.21414582739),.PIECEWISE_BEZIER_KNOTS.);
#2348 = CARTESIAN_POINT('',(0.,0.));
#2349 = CARTESIAN_POINT('',(12.21414582739,0.));
#2350 = ( GEOMETRIC_REPRESENTATION_CONTEXT(2) 
PARAMETRIC_REPRESENTATION_CONTEXT() REPRESENTATION_CONTEXT('2D SPACE',''
  ) );
#2351 = PCURVE('',#1576,#2352);
#2352 = DEFINITIONAL_REPRESENTATION('',(#2353),#2356);
#2353 = B_SPLINE_CURVE_WITH_KNOTS('',1,(#2354,#2355),.UNSPECIFIED.,.F.,
  .F.,(2,2),(0.,12.21414582739),.PIECEWISE_BEZIER_KNOTS.);
#2354 = CARTESIAN_POINT('',(0.,0.));
#2355 = CARTESIAN_POINT('',(12.21414582739,0.));
#2356 = ( GEOMETRIC_REPRESENTATION_CONTEXT(2) 
PARAMETRIC_REPRESENTATION_CONTEXT() REPRESENTATION_CONTEXT('2D SPACE',''
  ) );
#2357 = ORIENTED_EDGE('',*,*,#2358,.T.);
#2358 = EDGE_CURVE('',#2339,#2297,#2359,.T.);
#2359 = SURFACE_CURVE('',#2360,(#2363,#2369),.PCURVE_S1.);
#2360 = B_SPLINE_CURVE_WITH_KNOTS('',1,(#2361,#2362),.UNSPECIFIED.,.F.,
  .F.,(2,2),(0.,4.60426533146),.PIECEWISE_BEZIER_KNOTS.);
#2361 = CARTESIAN_POINT('',(31.904726389794,31.896692673472,
    14.200434159599));
#2362 = CARTESIAN_POINT('',(31.904726389794,36.500958004932,
    14.200434159599));
#2363 = PCURVE('',#1601,#2364);
#2364 = DEFINITIONAL_REPRESENTATION('',(#2365),#2368);
#2365 = B_SPLINE_CURVE_WITH_KNOTS('',1,(#2366,#2367),.UNSPECIFIED.,.F.,
  .F.,(2,2),(0.,4.60426533146),.PIECEWISE_BEZIER_KNOTS.);
#2366 = CARTESIAN_POINT('',(0.,0.));
#2367 = CARTESIAN_POINT('',(0.,-4.60426533146));
#2368 = ( GEOMETRIC_REPRESENTATION_CONTEXT(2) 
PARAMETRIC_REPRESENTATION_CONTEXT() REPRESENTATION_CONTEXT('2D SPACE',''
  ) );
#2369 = PCURVE('',#2262,#2370);
#2370 = DEFINITIONAL_REPRESENTATION('',(#2371),#2374);
#2371 = B_SPLINE_CURVE_WITH_KNOTS('',1,(#2372,#2373),.UNSPECIFIED.,.F.,
  .F.,(2,2),(0.,4.60426533146),.PIECEWISE_BEZIER_KNOTS.);
#2372 = CARTESIAN_POINT('',(0.,0.));
#2373 = CARTESIAN_POINT('',(0.,4.60426533146));
#2374 = ( GEOMETRIC_REPRESENTATION_CONTEXT(2) 
PARAMETRIC_REPRESENTATION_CONTEXT() REPRESENTATION_CONTEXT('2D SPACE',''
  ) );
#2375 = ORIENTED_EDGE('',*,*,#2316,.T.);
#2376 = ORIENTED_EDGE('',*,*,#1587,.F.);
#2377 = ADVANCED_FACE('',(#2378),#1576,.T.);
#2378 = FACE_BOUND('',#2379,.T.);
#2379 = EDGE_LOOP('',(#2380,#2381,#2399,#2400));
#2380 = ORIENTED_EDGE('',*,*,#2228,.F.);
#2381 = ORIENTED_EDGE('',*,*,#2382,.F.);
#2382 = EDGE_CURVE('',#2339,#2229,#2383,.T.);
#2383 = SURFACE_CURVE('',#2384,(#2387,#2393),.PCURVE_S1.);
#2384 = B_SPLINE_CURVE_WITH_KNOTS('',1,(#2385,#2386),.UNSPECIFIED.,.F.,
  .F.,(2,2),(0.,0.444929764749),.PIECEWISE_BEZIER_KNOTS.);
#2385 = CARTESIAN_POINT('',(31.904726389794,31.896692673472,
    14.200434159599));
#2386 = CARTESIAN_POINT('',(32.349656154542,31.896692673472,
    14.200434159599));
#2387 = PCURVE('',#1576,#2388);
#2388 = DEFINITIONAL_REPRESENTATION('',(#2389),#2392);
#2389 = B_SPLINE_CURVE_WITH_KNOTS('',1,(#2390,#2391),.UNSPECIFIED.,.F.,
  .F.,(2,2),(0.,0.444929764749),.PIECEWISE_BEZIER_KNOTS.);
#2390 = CARTESIAN_POINT('',(0.,0.));
#2391 = CARTESIAN_POINT('',(0.,0.444929764749));
#2392 = ( GEOMETRIC_REPRESENTATION_CONTEXT(2) 
PARAMETRIC_REPRESENTATION_CONTEXT() REPRESENTATION_CONTEXT('2D SPACE',''
  ) );
#2393 = PCURVE('',#2262,#2394);
#2394 = DEFINITIONAL_REPRESENTATION('',(#2395),#2398);
#2395 = B_SPLINE_CURVE_WITH_KNOTS('',1,(#2396,#2397),.UNSPECIFIED.,.F.,
  .F.,(2,2),(0.,0.444929764749),.PIECEWISE_BEZIER_KNOTS.);
#2396 = CARTESIAN_POINT('',(0.,0.));
#2397 = CARTESIAN_POINT('',(0.444929764749,0.));
#2398 = ( GEOMETRIC_REPRESENTATION_CONTEXT(2) 
PARAMETRIC_REPRESENTATION_CONTEXT() REPRESENTATION_CONTEXT('2D SPACE',''
  ) );
#2399 = ORIENTED_EDGE('',*,*,#2338,.T.);
#2400 = ORIENTED_EDGE('',*,*,#1562,.F.);
#2401 = ADVANCED_FACE('',(#2402),#1734,.T.);
#2402 = FACE_BOUND('',#2403,.T.);
#2403 = EDGE_LOOP('',(#2404,#2405,#2406,#2407));
#2404 = ORIENTED_EDGE('',*,*,#1854,.F.);
#2405 = ORIENTED_EDGE('',*,*,#1720,.T.);
#2406 = ORIENTED_EDGE('',*,*,#1768,.T.);
#2407 = ORIENTED_EDGE('',*,*,#1811,.F.);
#2408 = ADVANCED_FACE('',(#2409),#1911,.T.);
#2409 = FACE_BOUND('',#2410,.T.);
#2410 = EDGE_LOOP('',(#2411,#2412,#2413,#2414));
#2411 = ORIENTED_EDGE('',*,*,#2007,.F.);
#2412 = ORIENTED_EDGE('',*,*,#2205,.T.);
#2413 = ORIENTED_EDGE('',*,*,#1897,.T.);
#2414 = ORIENTED_EDGE('',*,*,#1945,.F.);
#2415 = ADVANCED_FACE('',(#2416),#2061,.T.);
#2416 = FACE_BOUND('',#2417,.T.);
#2417 = EDGE_LOOP('',(#2418,#2419,#2420,#2421));
#2418 = ORIENTED_EDGE('',*,*,#2094,.F.);
#2419 = ORIENTED_EDGE('',*,*,#2157,.F.);
#2420 = ORIENTED_EDGE('',*,*,#2180,.T.);
#2421 = ORIENTED_EDGE('',*,*,#2047,.F.);
#2422 = ADVANCED_FACE('',(#2423),#2262,.T.);
#2423 = FACE_BOUND('',#2424,.T.);
#2424 = EDGE_LOOP('',(#2425,#2426,#2427,#2428));
#2425 = ORIENTED_EDGE('',*,*,#2358,.F.);
#2426 = ORIENTED_EDGE('',*,*,#2382,.T.);
#2427 = ORIENTED_EDGE('',*,*,#2248,.T.);
#2428 = ORIENTED_EDGE('',*,*,#2296,.F.);
#2429 = ( GEOMETRIC_REPRESENTATION_CONTEXT(3) 
GLOBAL_UNCERTAINTY_ASSIGNED_CONTEXT((#2433)) 
GLOBAL_UNIT_ASSIGNED_CONTEXT((#2430,#2431,#2432)) REPRESENTATION_CONTEXT
('Context #1','3D Context with UNIT and UNCERTAINTY') );
#2430 = ( LENGTH_UNIT() NAMED_UNIT(*) SI_UNIT(.MILLI.,.METRE.) );
#2431 = ( NAMED_UNIT(*) PLANE_ANGLE_UNIT() SI_UNIT($,.RADIAN.) );
#2432 = ( NAMED_UNIT(*) SI_UNIT($,.STERADIAN.) SOLID_ANGLE_UNIT() );
#2433 = UNCERTAINTY_MEASURE_WITH_UNIT(LENGTH_MEASURE(1.E-07),#2430,
  'distance_accuracy_value','confusion accuracy');
#2434 = PRODUCT_RELATED_PRODUCT_CATEGORY('part',$,(#7));
ENDSEC;
END-ISO-10303-21;
