ISO-10303-21;
HEADER;
FILE_DESCRIPTION(('Open CASCADE Model'),'2;1');
FILE_NAME('Open CASCADE Shape Model','2025-10-14T13:48:03',('Author'),(
    'Open CASCADE'),'Open CASCADE STEP processor 7.5','Open CASCADE 7.5'
  ,'Unknown');
FILE_SCHEMA(('AUTOMOTIVE_DESIGN { 1 0 10303 214 1 1 1 1 }'));
ENDSEC;
DATA;
#1 = APPLICATION_PROTOCOL_DEFINITION('international standard',
  'automotive_design',2000,#2);
#2 = APPLICATION_CONTEXT(
  'core data for automotive mechanical design processes');
#3 = SHAPE_DEFINITION_REPRESENTATION(#4,#10);
#4 = PRODUCT_DEFINITION_SHAPE('','',#5);
#5 = PRODUCT_DEFINITION('design','',#6,#9);
#6 = PRODUCT_DEFINITION_FORMATION('','',#7);
#7 = PRODUCT('Open CASCADE STEP translator 7.5 1',
  'Open CASCADE STEP translator 7.5 1','',(#8));
#8 = PRODUCT_CONTEXT('',#2,'mechanical');
#9 = PRODUCT_DEFINITION_CONTEXT('part definition',#2,'design');
#10 = ADVANCED_BREP_SHAPE_REPRESENTATION('',(#11,#15),#7381);
#11 = AXIS2_PLACEMENT_3D('',#12,#13,#14);
#12 = CARTESIAN_POINT('',(0.,0.,0.));
#13 = DIRECTION('',(0.,0.,1.));
#14 = DIRECTION('',(1.,0.,-0.));
#15 = MANIFOLD_SOLID_BREP('',#16);
#16 = CLOSED_SHELL('',(#17,#133,#207,#420,#467,#674,#1171,#1214,#1448,
    #1551,#1578,#1605,#1612,#1659,#1758,#1834,#1883,#1932,#1959,#2091,
    #2140,#2235,#2284,#2389,#2438,#2538,#2587,#2636,#2685,#2780,#2829,
    #2878,#2905,#2979,#3127,#3152,#3159,#3680,#3846,#4396,#4494,#4541,
    #4592,#4599,#4652,#4679,#4686,#4735,#4742,#4751,#4825,#4872,#4921,
    #4993,#5125,#5174,#5269,#5318,#5423,#5472,#5572,#5621,#5670,#5719,
    #5814,#5863,#5912,#5939,#6015,#6064,#6113,#6140,#6185,#6254,#6281,
    #6306,#6375,#6422,#6469,#6516,#6563,#6610,#6657,#6704,#6751,#6798,
    #6845,#6892,#6939,#6964,#7033,#7080,#7127,#7152,#7159,#7186,#7215,
    #7222,#7275,#7302,#7309,#7358,#7365,#7374));
#17 = ADVANCED_FACE('',(#18),#32,.F.);
#18 = FACE_BOUND('',#19,.F.);
#19 = EDGE_LOOP('',(#20,#55,#81,#107));
#20 = ORIENTED_EDGE('',*,*,#21,.F.);
#21 = EDGE_CURVE('',#22,#24,#26,.T.);
#22 = VERTEX_POINT('',#23);
#23 = CARTESIAN_POINT('',(10.565537357543,3.091418937795,0.));
#24 = VERTEX_POINT('',#25);
#25 = CARTESIAN_POINT('',(10.565537357543,3.091418937795,9.490821124229)
  );
#26 = SURFACE_CURVE('',#27,(#31,#43),.PCURVE_S1.);
#27 = LINE('',#28,#29);
#28 = CARTESIAN_POINT('',(10.565537357543,3.091418937795,-13.46673339832
    ));
#29 = VECTOR('',#30,1.);
#30 = DIRECTION('',(0.,0.,1.));
#31 = PCURVE('',#32,#37);
#32 = PLANE('',#33);
#33 = AXIS2_PLACEMENT_3D('',#34,#35,#36);
#34 = CARTESIAN_POINT('',(10.565537357543,3.091418937795,-13.46673339832
    ));
#35 = DIRECTION('',(1.,0.,-0.));
#36 = DIRECTION('',(0.,0.,1.));
#37 = DEFINITIONAL_REPRESENTATION('',(#38),#42);
#38 = LINE('',#39,#40);
#39 = CARTESIAN_POINT('',(0.,0.));
#40 = VECTOR('',#41,1.);
#41 = DIRECTION('',(1.,0.));
#42 = ( GEOMETRIC_REPRESENTATION_CONTEXT(2) 
PARAMETRIC_REPRESENTATION_CONTEXT() REPRESENTATION_CONTEXT('2D SPACE',''
  ) );
#43 = PCURVE('',#44,#49);
#44 = PLANE('',#45);
#45 = AXIS2_PLACEMENT_3D('',#46,#47,#48);
#46 = CARTESIAN_POINT('',(10.565537357543,3.091418937795,-13.46673339832
    ));
#47 = DIRECTION('',(-0.,1.,0.));
#48 = DIRECTION('',(0.,0.,1.));
#49 = DEFINITIONAL_REPRESENTATION('',(#50),#54);
#50 = LINE('',#51,#52);
#51 = CARTESIAN_POINT('',(0.,0.));
#52 = VECTOR('',#53,1.);
#53 = DIRECTION('',(1.,0.));
#54 = ( GEOMETRIC_REPRESENTATION_CONTEXT(2) 
PARAMETRIC_REPRESENTATION_CONTEXT() REPRESENTATION_CONTEXT('2D SPACE',''
  ) );
#55 = ORIENTED_EDGE('',*,*,#56,.F.);
#56 = EDGE_CURVE('',#57,#22,#59,.T.);
#57 = VERTEX_POINT('',#58);
#58 = CARTESIAN_POINT('',(10.565537357543,21.220952547844,0.));
#59 = SURFACE_CURVE('',#60,(#64,#70),.PCURVE_S1.);
#60 = LINE('',#61,#62);
#61 = CARTESIAN_POINT('',(10.565537357543,-21.9085811372,0.));
#62 = VECTOR('',#63,1.);
#63 = DIRECTION('',(0.,-1.,0.));
#64 = PCURVE('',#32,#65);
#65 = DEFINITIONAL_REPRESENTATION('',(#66),#69);
#66 = B_SPLINE_CURVE_WITH_KNOTS('',1,(#67,#68),.UNSPECIFIED.,.F.,.F.,(2,
    2),(-46.10863036551,-25.000000075),.PIECEWISE_BEZIER_KNOTS.);
#67 = CARTESIAN_POINT('',(13.466733398328,-21.10863029051));
#68 = CARTESIAN_POINT('',(13.466733398328,0.));
#69 = ( GEOMETRIC_REPRESENTATION_CONTEXT(2) 
PARAMETRIC_REPRESENTATION_CONTEXT() REPRESENTATION_CONTEXT('2D SPACE',''
  ) );
#70 = PCURVE('',#71,#76);
#71 = PLANE('',#72);
#72 = AXIS2_PLACEMENT_3D('',#73,#74,#75);
#73 = CARTESIAN_POINT('',(-39.43446279245,-46.9085812122,0.));
#74 = DIRECTION('',(0.,0.,1.));
#75 = DIRECTION('',(1.,0.,-0.));
#76 = DEFINITIONAL_REPRESENTATION('',(#77),#80);
#77 = B_SPLINE_CURVE_WITH_KNOTS('',1,(#78,#79),.UNSPECIFIED.,.F.,.F.,(2,
    2),(-46.10863036551,-25.000000075),.PIECEWISE_BEZIER_KNOTS.);
#78 = CARTESIAN_POINT('',(50.00000015,71.108630440517));
#79 = CARTESIAN_POINT('',(50.00000015,50.00000015));
#80 = ( GEOMETRIC_REPRESENTATION_CONTEXT(2) 
PARAMETRIC_REPRESENTATION_CONTEXT() REPRESENTATION_CONTEXT('2D SPACE',''
  ) );
#81 = ORIENTED_EDGE('',*,*,#82,.F.);
#82 = EDGE_CURVE('',#83,#57,#85,.T.);
#83 = VERTEX_POINT('',#84);
#84 = CARTESIAN_POINT('',(10.565537357543,21.220952547844,9.490821124229
    ));
#85 = SURFACE_CURVE('',#86,(#90,#96),.PCURVE_S1.);
#86 = LINE('',#87,#88);
#87 = CARTESIAN_POINT('',(10.565537357543,21.220952547844,
    -1.987956137049));
#88 = VECTOR('',#89,1.);
#89 = DIRECTION('',(-0.,0.,-1.));
#90 = PCURVE('',#32,#91);
#91 = DEFINITIONAL_REPRESENTATION('',(#92),#95);
#92 = B_SPLINE_CURVE_WITH_KNOTS('',1,(#93,#94),.UNSPECIFIED.,.F.,.F.,(2,
    2),(-11.47877726127,-1.987956137049),.PIECEWISE_BEZIER_KNOTS.);
#93 = CARTESIAN_POINT('',(22.957554522557,-18.12953361004));
#94 = CARTESIAN_POINT('',(13.466733398328,-18.12953361004));
#95 = ( GEOMETRIC_REPRESENTATION_CONTEXT(2) 
PARAMETRIC_REPRESENTATION_CONTEXT() REPRESENTATION_CONTEXT('2D SPACE',''
  ) );
#96 = PCURVE('',#97,#102);
#97 = PLANE('',#98);
#98 = AXIS2_PLACEMENT_3D('',#99,#100,#101);
#99 = CARTESIAN_POINT('',(9.129122655654,22.546401631959,9.490821124229)
  );
#100 = DIRECTION('',(-0.678149651778,-0.734923839451,-0.));
#101 = DIRECTION('',(0.734923839451,-0.678149651778,0.));
#102 = DEFINITIONAL_REPRESENTATION('',(#103),#106);
#103 = B_SPLINE_CURVE_WITH_KNOTS('',1,(#104,#105),.UNSPECIFIED.,.F.,.F.,
  (2,2),(-11.47877726127,-1.987956137049),.PIECEWISE_BEZIER_KNOTS.);
#104 = CARTESIAN_POINT('',(1.954508242598,0.));
#105 = CARTESIAN_POINT('',(1.954508242598,-9.490821124229));
#106 = ( GEOMETRIC_REPRESENTATION_CONTEXT(2) 
PARAMETRIC_REPRESENTATION_CONTEXT() REPRESENTATION_CONTEXT('2D SPACE',''
  ) );
#107 = ORIENTED_EDGE('',*,*,#108,.F.);
#108 = EDGE_CURVE('',#24,#83,#109,.T.);
#109 = SURFACE_CURVE('',#110,(#114,#121),.PCURVE_S1.);
#110 = LINE('',#111,#112);
#111 = CARTESIAN_POINT('',(10.565537357543,3.091418937795,9.490821124229
    ));
#112 = VECTOR('',#113,1.);
#113 = DIRECTION('',(-0.,1.,0.));
#114 = PCURVE('',#32,#115);
#115 = DEFINITIONAL_REPRESENTATION('',(#116),#120);
#116 = LINE('',#117,#118);
#117 = CARTESIAN_POINT('',(22.957554522557,0.));
#118 = VECTOR('',#119,1.);
#119 = DIRECTION('',(0.,-1.));
#120 = ( GEOMETRIC_REPRESENTATION_CONTEXT(2) 
PARAMETRIC_REPRESENTATION_CONTEXT() REPRESENTATION_CONTEXT('2D SPACE',''
  ) );
#121 = PCURVE('',#122,#127);
#122 = PLANE('',#123);
#123 = AXIS2_PLACEMENT_3D('',#124,#125,#126);
#124 = CARTESIAN_POINT('',(10.565537357543,3.091418937795,9.490821124229
    ));
#125 = DIRECTION('',(0.,0.,1.));
#126 = DIRECTION('',(1.,0.,-0.));
#127 = DEFINITIONAL_REPRESENTATION('',(#128),#132);
#128 = LINE('',#129,#130);
#129 = CARTESIAN_POINT('',(0.,0.));
#130 = VECTOR('',#131,1.);
#131 = DIRECTION('',(0.,1.));
#132 = ( GEOMETRIC_REPRESENTATION_CONTEXT(2) 
PARAMETRIC_REPRESENTATION_CONTEXT() REPRESENTATION_CONTEXT('2D SPACE',''
  ) );
#133 = ADVANCED_FACE('',(#134),#44,.F.);
#134 = FACE_BOUND('',#135,.F.);
#135 = EDGE_LOOP('',(#136,#166,#185,#186));
#136 = ORIENTED_EDGE('',*,*,#137,.F.);
#137 = EDGE_CURVE('',#138,#140,#142,.T.);
#138 = VERTEX_POINT('',#139);
#139 = CARTESIAN_POINT('',(26.968601659484,3.091418937795,0.));
#140 = VERTEX_POINT('',#141);
#141 = CARTESIAN_POINT('',(26.968601659484,3.091418937795,9.490821124229
    ));
#142 = SURFACE_CURVE('',#143,(#147,#154),.PCURVE_S1.);
#143 = LINE('',#144,#145);
#144 = CARTESIAN_POINT('',(26.968601659484,3.091418937795,
    -13.46673339832));
#145 = VECTOR('',#146,1.);
#146 = DIRECTION('',(0.,0.,1.));
#147 = PCURVE('',#44,#148);
#148 = DEFINITIONAL_REPRESENTATION('',(#149),#153);
#149 = LINE('',#150,#151);
#150 = CARTESIAN_POINT('',(0.,16.403064301941));
#151 = VECTOR('',#152,1.);
#152 = DIRECTION('',(1.,0.));
#153 = ( GEOMETRIC_REPRESENTATION_CONTEXT(2) 
PARAMETRIC_REPRESENTATION_CONTEXT() REPRESENTATION_CONTEXT('2D SPACE',''
  ) );
#154 = PCURVE('',#155,#160);
#155 = PLANE('',#156);
#156 = AXIS2_PLACEMENT_3D('',#157,#158,#159);
#157 = CARTESIAN_POINT('',(26.968601659484,3.091418937795,
    -13.46673339832));
#158 = DIRECTION('',(1.,0.,-0.));
#159 = DIRECTION('',(0.,0.,1.));
#160 = DEFINITIONAL_REPRESENTATION('',(#161),#165);
#161 = LINE('',#162,#163);
#162 = CARTESIAN_POINT('',(0.,0.));
#163 = VECTOR('',#164,1.);
#164 = DIRECTION('',(1.,0.));
#165 = ( GEOMETRIC_REPRESENTATION_CONTEXT(2) 
PARAMETRIC_REPRESENTATION_CONTEXT() REPRESENTATION_CONTEXT('2D SPACE',''
  ) );
#166 = ORIENTED_EDGE('',*,*,#167,.F.);
#167 = EDGE_CURVE('',#22,#138,#168,.T.);
#168 = SURFACE_CURVE('',#169,(#173,#179),.PCURVE_S1.);
#169 = LINE('',#170,#171);
#170 = CARTESIAN_POINT('',(-14.43446271745,3.091418937795,0.));
#171 = VECTOR('',#172,1.);
#172 = DIRECTION('',(1.,0.,-0.));
#173 = PCURVE('',#44,#174);
#174 = DEFINITIONAL_REPRESENTATION('',(#175),#178);
#175 = B_SPLINE_CURVE_WITH_KNOTS('',1,(#176,#177),.UNSPECIFIED.,.F.,.F.,
  (2,2),(25.000000075,41.403064376941),.PIECEWISE_BEZIER_KNOTS.);
#176 = CARTESIAN_POINT('',(13.466733398328,0.));
#177 = CARTESIAN_POINT('',(13.466733398328,16.403064301941));
#178 = ( GEOMETRIC_REPRESENTATION_CONTEXT(2) 
PARAMETRIC_REPRESENTATION_CONTEXT() REPRESENTATION_CONTEXT('2D SPACE',''
  ) );
#179 = PCURVE('',#71,#180);
#180 = DEFINITIONAL_REPRESENTATION('',(#181),#184);
#181 = B_SPLINE_CURVE_WITH_KNOTS('',1,(#182,#183),.UNSPECIFIED.,.F.,.F.,
  (2,2),(25.000000075,41.403064376941),.PIECEWISE_BEZIER_KNOTS.);
#182 = CARTESIAN_POINT('',(50.00000015,50.00000015));
#183 = CARTESIAN_POINT('',(66.403064451941,50.00000015));
#184 = ( GEOMETRIC_REPRESENTATION_CONTEXT(2) 
PARAMETRIC_REPRESENTATION_CONTEXT() REPRESENTATION_CONTEXT('2D SPACE',''
  ) );
#185 = ORIENTED_EDGE('',*,*,#21,.T.);
#186 = ORIENTED_EDGE('',*,*,#187,.T.);
#187 = EDGE_CURVE('',#24,#140,#188,.T.);
#188 = SURFACE_CURVE('',#189,(#193,#200),.PCURVE_S1.);
#189 = LINE('',#190,#191);
#190 = CARTESIAN_POINT('',(10.565537357543,3.091418937795,9.490821124229
    ));
#191 = VECTOR('',#192,1.);
#192 = DIRECTION('',(1.,0.,-0.));
#193 = PCURVE('',#44,#194);
#194 = DEFINITIONAL_REPRESENTATION('',(#195),#199);
#195 = LINE('',#196,#197);
#196 = CARTESIAN_POINT('',(22.957554522557,0.));
#197 = VECTOR('',#198,1.);
#198 = DIRECTION('',(0.,1.));
#199 = ( GEOMETRIC_REPRESENTATION_CONTEXT(2) 
PARAMETRIC_REPRESENTATION_CONTEXT() REPRESENTATION_CONTEXT('2D SPACE',''
  ) );
#200 = PCURVE('',#122,#201);
#201 = DEFINITIONAL_REPRESENTATION('',(#202),#206);
#202 = LINE('',#203,#204);
#203 = CARTESIAN_POINT('',(0.,0.));
#204 = VECTOR('',#205,1.);
#205 = DIRECTION('',(1.,0.));
#206 = ( GEOMETRIC_REPRESENTATION_CONTEXT(2) 
PARAMETRIC_REPRESENTATION_CONTEXT() REPRESENTATION_CONTEXT('2D SPACE',''
  ) );
#207 = ADVANCED_FACE('',(#208),#122,.T.);
#208 = FACE_BOUND('',#209,.T.);
#209 = EDGE_LOOP('',(#210,#240,#268,#296,#324,#345,#346,#347,#370,#396)
  );
#210 = ORIENTED_EDGE('',*,*,#211,.F.);
#211 = EDGE_CURVE('',#212,#214,#216,.T.);
#212 = VERTEX_POINT('',#213);
#213 = CARTESIAN_POINT('',(14.917952412104,24.200049228312,
    9.490821124229));
#214 = VERTEX_POINT('',#215);
#215 = CARTESIAN_POINT('',(16.876043330869,24.200049228312,
    9.490821124229));
#216 = SURFACE_CURVE('',#217,(#221,#228),.PCURVE_S1.);
#217 = LINE('',#218,#219);
#218 = CARTESIAN_POINT('',(10.565537357543,24.200049228312,
    9.490821124229));
#219 = VECTOR('',#220,1.);
#220 = DIRECTION('',(1.,0.,-0.));
#221 = PCURVE('',#122,#222);
#222 = DEFINITIONAL_REPRESENTATION('',(#223),#227);
#223 = LINE('',#224,#225);
#224 = CARTESIAN_POINT('',(0.,21.108630290517));
#225 = VECTOR('',#226,1.);
#226 = DIRECTION('',(1.,0.));
#227 = ( GEOMETRIC_REPRESENTATION_CONTEXT(2) 
PARAMETRIC_REPRESENTATION_CONTEXT() REPRESENTATION_CONTEXT('2D SPACE',''
  ) );
#228 = PCURVE('',#229,#234);
#229 = PLANE('',#230);
#230 = AXIS2_PLACEMENT_3D('',#231,#232,#233);
#231 = CARTESIAN_POINT('',(10.565537357543,24.200049228312,
    -13.46673339832));
#232 = DIRECTION('',(-0.,1.,0.));
#233 = DIRECTION('',(0.,0.,1.));
#234 = DEFINITIONAL_REPRESENTATION('',(#235),#239);
#235 = LINE('',#236,#237);
#236 = CARTESIAN_POINT('',(22.957554522557,0.));
#237 = VECTOR('',#238,1.);
#238 = DIRECTION('',(0.,1.));
#239 = ( GEOMETRIC_REPRESENTATION_CONTEXT(2) 
PARAMETRIC_REPRESENTATION_CONTEXT() REPRESENTATION_CONTEXT('2D SPACE',''
  ) );
#240 = ORIENTED_EDGE('',*,*,#241,.F.);
#241 = EDGE_CURVE('',#242,#212,#244,.T.);
#242 = VERTEX_POINT('',#243);
#243 = CARTESIAN_POINT('',(14.974955668728,22.781274356306,
    9.490821124229));
#244 = SURFACE_CURVE('',#245,(#249,#256),.PCURVE_S1.);
#245 = LINE('',#246,#247);
#246 = CARTESIAN_POINT('',(14.974955668728,22.781274356306,
    9.490821124229));
#247 = VECTOR('',#248,1.);
#248 = DIRECTION('',(-4.014541309975E-02,0.999193847963,0.));
#249 = PCURVE('',#122,#250);
#250 = DEFINITIONAL_REPRESENTATION('',(#251),#255);
#251 = LINE('',#252,#253);
#252 = CARTESIAN_POINT('',(4.409418311185,19.689855418511));
#253 = VECTOR('',#254,1.);
#254 = DIRECTION('',(-4.014541309975E-02,0.999193847963));
#255 = ( GEOMETRIC_REPRESENTATION_CONTEXT(2) 
PARAMETRIC_REPRESENTATION_CONTEXT() REPRESENTATION_CONTEXT('2D SPACE',''
  ) );
#256 = PCURVE('',#257,#262);
#257 = PLANE('',#258);
#258 = AXIS2_PLACEMENT_3D('',#259,#260,#261);
#259 = CARTESIAN_POINT('',(14.974955668728,22.781274356306,
    9.490821124229));
#260 = DIRECTION('',(0.999193847963,4.014541309975E-02,0.));
#261 = DIRECTION('',(-4.014541309975E-02,0.999193847963,0.));
#262 = DEFINITIONAL_REPRESENTATION('',(#263),#267);
#263 = LINE('',#264,#265);
#264 = CARTESIAN_POINT('',(0.,0.));
#265 = VECTOR('',#266,1.);
#266 = DIRECTION('',(1.,0.));
#267 = ( GEOMETRIC_REPRESENTATION_CONTEXT(2) 
PARAMETRIC_REPRESENTATION_CONTEXT() REPRESENTATION_CONTEXT('2D SPACE',''
  ) );
#268 = ORIENTED_EDGE('',*,*,#269,.F.);
#269 = EDGE_CURVE('',#270,#242,#272,.T.);
#270 = VERTEX_POINT('',#271);
#271 = CARTESIAN_POINT('',(13.331543449128,21.000276880216,
    9.490821124229));
#272 = SURFACE_CURVE('',#273,(#277,#284),.PCURVE_S1.);
#273 = LINE('',#274,#275);
#274 = CARTESIAN_POINT('',(13.331543449128,21.000276880216,
    9.490821124229));
#275 = VECTOR('',#276,1.);
#276 = DIRECTION('',(0.678149651778,0.734923839451,0.));
#277 = PCURVE('',#122,#278);
#278 = DEFINITIONAL_REPRESENTATION('',(#279),#283);
#279 = LINE('',#280,#281);
#280 = CARTESIAN_POINT('',(2.766006091586,17.908857942421));
#281 = VECTOR('',#282,1.);
#282 = DIRECTION('',(0.678149651778,0.734923839451));
#283 = ( GEOMETRIC_REPRESENTATION_CONTEXT(2) 
PARAMETRIC_REPRESENTATION_CONTEXT() REPRESENTATION_CONTEXT('2D SPACE',''
  ) );
#284 = PCURVE('',#285,#290);
#285 = PLANE('',#286);
#286 = AXIS2_PLACEMENT_3D('',#287,#288,#289);
#287 = CARTESIAN_POINT('',(13.331543449128,21.000276880216,
    9.490821124229));
#288 = DIRECTION('',(0.734923839451,-0.678149651778,0.));
#289 = DIRECTION('',(0.678149651778,0.734923839451,0.));
#290 = DEFINITIONAL_REPRESENTATION('',(#291),#295);
#291 = LINE('',#292,#293);
#292 = CARTESIAN_POINT('',(0.,0.));
#293 = VECTOR('',#294,1.);
#294 = DIRECTION('',(1.,0.));
#295 = ( GEOMETRIC_REPRESENTATION_CONTEXT(2) 
PARAMETRIC_REPRESENTATION_CONTEXT() REPRESENTATION_CONTEXT('2D SPACE',''
  ) );
#296 = ORIENTED_EDGE('',*,*,#297,.F.);
#297 = EDGE_CURVE('',#298,#270,#300,.T.);
#298 = VERTEX_POINT('',#299);
#299 = CARTESIAN_POINT('',(10.910120131745,20.90298941236,9.490821124229
    ));
#300 = SURFACE_CURVE('',#301,(#305,#312),.PCURVE_S1.);
#301 = LINE('',#302,#303);
#302 = CARTESIAN_POINT('',(10.910120131745,20.90298941236,9.490821124229
    ));
#303 = VECTOR('',#304,1.);
#304 = DIRECTION('',(0.999193847963,4.014541309975E-02,0.));
#305 = PCURVE('',#122,#306);
#306 = DEFINITIONAL_REPRESENTATION('',(#307),#311);
#307 = LINE('',#308,#309);
#308 = CARTESIAN_POINT('',(0.344582774202,17.811570474565));
#309 = VECTOR('',#310,1.);
#310 = DIRECTION('',(0.999193847963,4.014541309975E-02));
#311 = ( GEOMETRIC_REPRESENTATION_CONTEXT(2) 
PARAMETRIC_REPRESENTATION_CONTEXT() REPRESENTATION_CONTEXT('2D SPACE',''
  ) );
#312 = PCURVE('',#313,#318);
#313 = PLANE('',#314);
#314 = AXIS2_PLACEMENT_3D('',#315,#316,#317);
#315 = CARTESIAN_POINT('',(10.910120131745,20.90298941236,9.490821124229
    ));
#316 = DIRECTION('',(4.014541309975E-02,-0.999193847963,0.));
#317 = DIRECTION('',(0.999193847963,4.014541309975E-02,0.));
#318 = DEFINITIONAL_REPRESENTATION('',(#319),#323);
#319 = LINE('',#320,#321);
#320 = CARTESIAN_POINT('',(0.,0.));
#321 = VECTOR('',#322,1.);
#322 = DIRECTION('',(1.,0.));
#323 = ( GEOMETRIC_REPRESENTATION_CONTEXT(2) 
PARAMETRIC_REPRESENTATION_CONTEXT() REPRESENTATION_CONTEXT('2D SPACE',''
  ) );
#324 = ORIENTED_EDGE('',*,*,#325,.F.);
#325 = EDGE_CURVE('',#83,#298,#326,.T.);
#326 = SURFACE_CURVE('',#327,(#331,#338),.PCURVE_S1.);
#327 = LINE('',#328,#329);
#328 = CARTESIAN_POINT('',(9.129122655654,22.546401631959,9.490821124229
    ));
#329 = VECTOR('',#330,1.);
#330 = DIRECTION('',(0.734923839451,-0.678149651778,0.));
#331 = PCURVE('',#122,#332);
#332 = DEFINITIONAL_REPRESENTATION('',(#333),#337);
#333 = LINE('',#334,#335);
#334 = CARTESIAN_POINT('',(-1.436414701889,19.454982694164));
#335 = VECTOR('',#336,1.);
#336 = DIRECTION('',(0.734923839451,-0.678149651778));
#337 = ( GEOMETRIC_REPRESENTATION_CONTEXT(2) 
PARAMETRIC_REPRESENTATION_CONTEXT() REPRESENTATION_CONTEXT('2D SPACE',''
  ) );
#338 = PCURVE('',#97,#339);
#339 = DEFINITIONAL_REPRESENTATION('',(#340),#344);
#340 = LINE('',#341,#342);
#341 = CARTESIAN_POINT('',(0.,0.));
#342 = VECTOR('',#343,1.);
#343 = DIRECTION('',(1.,0.));
#344 = ( GEOMETRIC_REPRESENTATION_CONTEXT(2) 
PARAMETRIC_REPRESENTATION_CONTEXT() REPRESENTATION_CONTEXT('2D SPACE',''
  ) );
#345 = ORIENTED_EDGE('',*,*,#108,.F.);
#346 = ORIENTED_EDGE('',*,*,#187,.T.);
#347 = ORIENTED_EDGE('',*,*,#348,.T.);
#348 = EDGE_CURVE('',#140,#349,#351,.T.);
#349 = VERTEX_POINT('',#350);
#350 = CARTESIAN_POINT('',(26.968601659484,16.019475888555,
    9.490821124229));
#351 = SURFACE_CURVE('',#352,(#356,#363),.PCURVE_S1.);
#352 = LINE('',#353,#354);
#353 = CARTESIAN_POINT('',(26.968601659484,3.091418937795,9.490821124229
    ));
#354 = VECTOR('',#355,1.);
#355 = DIRECTION('',(-0.,1.,0.));
#356 = PCURVE('',#122,#357);
#357 = DEFINITIONAL_REPRESENTATION('',(#358),#362);
#358 = LINE('',#359,#360);
#359 = CARTESIAN_POINT('',(16.403064301941,0.));
#360 = VECTOR('',#361,1.);
#361 = DIRECTION('',(0.,1.));
#362 = ( GEOMETRIC_REPRESENTATION_CONTEXT(2) 
PARAMETRIC_REPRESENTATION_CONTEXT() REPRESENTATION_CONTEXT('2D SPACE',''
  ) );
#363 = PCURVE('',#155,#364);
#364 = DEFINITIONAL_REPRESENTATION('',(#365),#369);
#365 = LINE('',#366,#367);
#366 = CARTESIAN_POINT('',(22.957554522557,0.));
#367 = VECTOR('',#368,1.);
#368 = DIRECTION('',(0.,-1.));
#369 = ( GEOMETRIC_REPRESENTATION_CONTEXT(2) 
PARAMETRIC_REPRESENTATION_CONTEXT() REPRESENTATION_CONTEXT('2D SPACE',''
  ) );
#370 = ORIENTED_EDGE('',*,*,#371,.F.);
#371 = EDGE_CURVE('',#372,#349,#374,.T.);
#372 = VERTEX_POINT('',#373);
#373 = CARTESIAN_POINT('',(16.876043330869,16.019475888555,
    9.490821124229));
#374 = SURFACE_CURVE('',#375,(#379,#385),.PCURVE_S1.);
#375 = LINE('',#376,#377);
#376 = CARTESIAN_POINT('',(13.720790344206,16.019475888555,
    9.490821124229));
#377 = VECTOR('',#378,1.);
#378 = DIRECTION('',(1.,0.,-0.));
#379 = PCURVE('',#122,#380);
#380 = DEFINITIONAL_REPRESENTATION('',(#381),#384);
#381 = B_SPLINE_CURVE_WITH_KNOTS('',1,(#382,#383),.UNSPECIFIED.,.F.,.F.,
  (2,2),(3.155252986663,13.247811315278),.PIECEWISE_BEZIER_KNOTS.);
#382 = CARTESIAN_POINT('',(6.310505973327,12.92805695076));
#383 = CARTESIAN_POINT('',(16.403064301941,12.92805695076));
#384 = ( GEOMETRIC_REPRESENTATION_CONTEXT(2) 
PARAMETRIC_REPRESENTATION_CONTEXT() REPRESENTATION_CONTEXT('2D SPACE',''
  ) );
#385 = PCURVE('',#386,#391);
#386 = PLANE('',#387);
#387 = AXIS2_PLACEMENT_3D('',#388,#389,#390);
#388 = CARTESIAN_POINT('',(16.876043330869,16.019475888555,
    -5.247048642192));
#389 = DIRECTION('',(-0.,1.,0.));
#390 = DIRECTION('',(0.,0.,1.));
#391 = DEFINITIONAL_REPRESENTATION('',(#392),#395);
#392 = B_SPLINE_CURVE_WITH_KNOTS('',1,(#393,#394),.UNSPECIFIED.,.F.,.F.,
  (2,2),(3.155252986663,13.247811315278),.PIECEWISE_BEZIER_KNOTS.);
#393 = CARTESIAN_POINT('',(14.737869766422,0.));
#394 = CARTESIAN_POINT('',(14.737869766422,10.092558328615));
#395 = ( GEOMETRIC_REPRESENTATION_CONTEXT(2) 
PARAMETRIC_REPRESENTATION_CONTEXT() REPRESENTATION_CONTEXT('2D SPACE',''
  ) );
#396 = ORIENTED_EDGE('',*,*,#397,.F.);
#397 = EDGE_CURVE('',#214,#372,#398,.T.);
#398 = SURFACE_CURVE('',#399,(#403,#409),.PCURVE_S1.);
#399 = LINE('',#400,#401);
#400 = CARTESIAN_POINT('',(16.876043330869,9.555447413175,9.490821124229
    ));
#401 = VECTOR('',#402,1.);
#402 = DIRECTION('',(0.,-1.,0.));
#403 = PCURVE('',#122,#404);
#404 = DEFINITIONAL_REPRESENTATION('',(#405),#408);
#405 = B_SPLINE_CURVE_WITH_KNOTS('',1,(#406,#407),.UNSPECIFIED.,.F.,.F.,
  (2,2),(-14.64460181513,-6.46402847538),.PIECEWISE_BEZIER_KNOTS.);
#406 = CARTESIAN_POINT('',(6.310505973327,21.108630290517));
#407 = CARTESIAN_POINT('',(6.310505973327,12.92805695076));
#408 = ( GEOMETRIC_REPRESENTATION_CONTEXT(2) 
PARAMETRIC_REPRESENTATION_CONTEXT() REPRESENTATION_CONTEXT('2D SPACE',''
  ) );
#409 = PCURVE('',#410,#415);
#410 = PLANE('',#411);
#411 = AXIS2_PLACEMENT_3D('',#412,#413,#414);
#412 = CARTESIAN_POINT('',(16.876043330869,16.019475888555,
    -5.247048642192));
#413 = DIRECTION('',(1.,0.,-0.));
#414 = DIRECTION('',(0.,0.,1.));
#415 = DEFINITIONAL_REPRESENTATION('',(#416),#419);
#416 = B_SPLINE_CURVE_WITH_KNOTS('',1,(#417,#418),.UNSPECIFIED.,.F.,.F.,
  (2,2),(-14.64460181513,-6.46402847538),.PIECEWISE_BEZIER_KNOTS.);
#417 = CARTESIAN_POINT('',(14.737869766422,-8.180573339757));
#418 = CARTESIAN_POINT('',(14.737869766422,0.));
#419 = ( GEOMETRIC_REPRESENTATION_CONTEXT(2) 
PARAMETRIC_REPRESENTATION_CONTEXT() REPRESENTATION_CONTEXT('2D SPACE',''
  ) );
#420 = ADVANCED_FACE('',(#421),#97,.F.);
#421 = FACE_BOUND('',#422,.F.);
#422 = EDGE_LOOP('',(#423,#424,#425,#446));
#423 = ORIENTED_EDGE('',*,*,#325,.F.);
#424 = ORIENTED_EDGE('',*,*,#82,.T.);
#425 = ORIENTED_EDGE('',*,*,#426,.T.);
#426 = EDGE_CURVE('',#57,#427,#429,.T.);
#427 = VERTEX_POINT('',#428);
#428 = CARTESIAN_POINT('',(10.910120131745,20.90298941236,0.));
#429 = SURFACE_CURVE('',#430,(#434,#440),.PCURVE_S1.);
#430 = LINE('',#431,#432);
#431 = CARTESIAN_POINT('',(13.321986536898,18.677444022497,0.));
#432 = VECTOR('',#433,1.);
#433 = DIRECTION('',(0.734923839451,-0.678149651778,0.));
#434 = PCURVE('',#97,#435);
#435 = DEFINITIONAL_REPRESENTATION('',(#436),#439);
#436 = B_SPLINE_CURVE_WITH_KNOTS('',1,(#437,#438),.UNSPECIFIED.,.F.,.F.,
  (2,2),(-3.750659634902,-3.28179094987),.PIECEWISE_BEZIER_KNOTS.);
#437 = CARTESIAN_POINT('',(1.954508242598,-9.490821124229));
#438 = CARTESIAN_POINT('',(2.42337692763,-9.490821124229));
#439 = ( GEOMETRIC_REPRESENTATION_CONTEXT(2) 
PARAMETRIC_REPRESENTATION_CONTEXT() REPRESENTATION_CONTEXT('2D SPACE',''
  ) );
#440 = PCURVE('',#71,#441);
#441 = DEFINITIONAL_REPRESENTATION('',(#442),#445);
#442 = B_SPLINE_CURVE_WITH_KNOTS('',1,(#443,#444),.UNSPECIFIED.,.F.,.F.,
  (2,2),(-3.750659634902,-3.28179094987),.PIECEWISE_BEZIER_KNOTS.);
#443 = CARTESIAN_POINT('',(50.00000015,68.129533760049));
#444 = CARTESIAN_POINT('',(50.344582924202,67.811570624565));
#445 = ( GEOMETRIC_REPRESENTATION_CONTEXT(2) 
PARAMETRIC_REPRESENTATION_CONTEXT() REPRESENTATION_CONTEXT('2D SPACE',''
  ) );
#446 = ORIENTED_EDGE('',*,*,#447,.F.);
#447 = EDGE_CURVE('',#298,#427,#448,.T.);
#448 = SURFACE_CURVE('',#449,(#453,#460),.PCURVE_S1.);
#449 = LINE('',#450,#451);
#450 = CARTESIAN_POINT('',(10.910120131745,20.90298941236,9.490821124229
    ));
#451 = VECTOR('',#452,1.);
#452 = DIRECTION('',(0.,0.,-1.));
#453 = PCURVE('',#97,#454);
#454 = DEFINITIONAL_REPRESENTATION('',(#455),#459);
#455 = LINE('',#456,#457);
#456 = CARTESIAN_POINT('',(2.42337692763,0.));
#457 = VECTOR('',#458,1.);
#458 = DIRECTION('',(0.,-1.));
#459 = ( GEOMETRIC_REPRESENTATION_CONTEXT(2) 
PARAMETRIC_REPRESENTATION_CONTEXT() REPRESENTATION_CONTEXT('2D SPACE',''
  ) );
#460 = PCURVE('',#313,#461);
#461 = DEFINITIONAL_REPRESENTATION('',(#462),#466);
#462 = LINE('',#463,#464);
#463 = CARTESIAN_POINT('',(0.,0.));
#464 = VECTOR('',#465,1.);
#465 = DIRECTION('',(0.,-1.));
#466 = ( GEOMETRIC_REPRESENTATION_CONTEXT(2) 
PARAMETRIC_REPRESENTATION_CONTEXT() REPRESENTATION_CONTEXT('2D SPACE',''
  ) );
#467 = ADVANCED_FACE('',(#468),#71,.F.);
#468 = FACE_BOUND('',#469,.F.);
#469 = EDGE_LOOP('',(#470,#493,#514,#535,#554,#555,#556,#557,#578,#599,
    #627,#655));
#470 = ORIENTED_EDGE('',*,*,#471,.F.);
#471 = EDGE_CURVE('',#472,#474,#476,.T.);
#472 = VERTEX_POINT('',#473);
#473 = CARTESIAN_POINT('',(14.917952412104,24.200049228312,0.));
#474 = VERTEX_POINT('',#475);
#475 = CARTESIAN_POINT('',(16.876043330869,24.200049228312,0.));
#476 = SURFACE_CURVE('',#477,(#481,#487),.PCURVE_S1.);
#477 = LINE('',#478,#479);
#478 = CARTESIAN_POINT('',(-14.43446271745,24.200049228312,0.));
#479 = VECTOR('',#480,1.);
#480 = DIRECTION('',(1.,0.,-0.));
#481 = PCURVE('',#71,#482);
#482 = DEFINITIONAL_REPRESENTATION('',(#483),#486);
#483 = B_SPLINE_CURVE_WITH_KNOTS('',1,(#484,#485),.UNSPECIFIED.,.F.,.F.,
  (2,2),(25.000000075,41.403064376941),.PIECEWISE_BEZIER_KNOTS.);
#484 = CARTESIAN_POINT('',(50.00000015,71.108630440517));
#485 = CARTESIAN_POINT('',(66.403064451941,71.108630440517));
#486 = ( GEOMETRIC_REPRESENTATION_CONTEXT(2) 
PARAMETRIC_REPRESENTATION_CONTEXT() REPRESENTATION_CONTEXT('2D SPACE',''
  ) );
#487 = PCURVE('',#229,#488);
#488 = DEFINITIONAL_REPRESENTATION('',(#489),#492);
#489 = B_SPLINE_CURVE_WITH_KNOTS('',1,(#490,#491),.UNSPECIFIED.,.F.,.F.,
  (2,2),(25.000000075,41.403064376941),.PIECEWISE_BEZIER_KNOTS.);
#490 = CARTESIAN_POINT('',(13.466733398328,0.));
#491 = CARTESIAN_POINT('',(13.466733398328,16.403064301941));
#492 = ( GEOMETRIC_REPRESENTATION_CONTEXT(2) 
PARAMETRIC_REPRESENTATION_CONTEXT() REPRESENTATION_CONTEXT('2D SPACE',''
  ) );
#493 = ORIENTED_EDGE('',*,*,#494,.F.);
#494 = EDGE_CURVE('',#495,#472,#497,.T.);
#495 = VERTEX_POINT('',#496);
#496 = CARTESIAN_POINT('',(14.974955668728,22.781274356306,0.));
#497 = SURFACE_CURVE('',#498,(#502,#508),.PCURVE_S1.);
#498 = LINE('',#499,#500);
#499 = CARTESIAN_POINT('',(16.328847408279,-10.916231598,
    -8.881784197001E-16));
#500 = VECTOR('',#501,1.);
#501 = DIRECTION('',(-4.014541309975E-02,0.999193847963,0.));
#502 = PCURVE('',#71,#503);
#503 = DEFINITIONAL_REPRESENTATION('',(#504),#507);
#504 = B_SPLINE_CURVE_WITH_KNOTS('',1,(#505,#506),.UNSPECIFIED.,.F.,.F.,
  (2,2),(33.724693184422,36.148070112052),.PIECEWISE_BEZIER_KNOTS.);
#505 = CARTESIAN_POINT('',(54.409418461185,69.689855568511));
#506 = CARTESIAN_POINT('',(54.312130993329,72.111278885895));
#507 = ( GEOMETRIC_REPRESENTATION_CONTEXT(2) 
PARAMETRIC_REPRESENTATION_CONTEXT() REPRESENTATION_CONTEXT('2D SPACE',''
  ) );
#508 = PCURVE('',#257,#509);
#509 = DEFINITIONAL_REPRESENTATION('',(#510),#513);
#510 = B_SPLINE_CURVE_WITH_KNOTS('',1,(#511,#512),.UNSPECIFIED.,.F.,.F.,
  (2,2),(33.724693184422,36.148070112052),.PIECEWISE_BEZIER_KNOTS.);
#511 = CARTESIAN_POINT('',(0.,-9.490821124229));
#512 = CARTESIAN_POINT('',(2.42337692763,-9.490821124229));
#513 = ( GEOMETRIC_REPRESENTATION_CONTEXT(2) 
PARAMETRIC_REPRESENTATION_CONTEXT() REPRESENTATION_CONTEXT('2D SPACE',''
  ) );
#514 = ORIENTED_EDGE('',*,*,#515,.F.);
#515 = EDGE_CURVE('',#516,#495,#518,.T.);
#516 = VERTEX_POINT('',#517);
#517 = CARTESIAN_POINT('',(13.331543449128,21.000276880216,0.));
#518 = SURFACE_CURVE('',#519,(#523,#529),.PCURVE_S1.);
#519 = LINE('',#520,#521);
#520 = CARTESIAN_POINT('',(-15.72414711855,-10.48793462871,
    -8.881784197001E-16));
#521 = VECTOR('',#522,1.);
#522 = DIRECTION('',(0.678149651778,0.734923839451,-0.));
#523 = PCURVE('',#71,#524);
#524 = DEFINITIONAL_REPRESENTATION('',(#525),#528);
#525 = B_SPLINE_CURVE_WITH_KNOTS('',1,(#526,#527),.UNSPECIFIED.,.F.,.F.,
  (2,2),(42.84554374023,45.26892066786),.PIECEWISE_BEZIER_KNOTS.);
#526 = CARTESIAN_POINT('',(52.766006241586,67.908858092421));
#527 = CARTESIAN_POINT('',(54.409418461185,69.689855568511));
#528 = ( GEOMETRIC_REPRESENTATION_CONTEXT(2) 
PARAMETRIC_REPRESENTATION_CONTEXT() REPRESENTATION_CONTEXT('2D SPACE',''
  ) );
#529 = PCURVE('',#285,#530);
#530 = DEFINITIONAL_REPRESENTATION('',(#531),#534);
#531 = B_SPLINE_CURVE_WITH_KNOTS('',1,(#532,#533),.UNSPECIFIED.,.F.,.F.,
  (2,2),(42.84554374023,45.26892066786),.PIECEWISE_BEZIER_KNOTS.);
#532 = CARTESIAN_POINT('',(0.,-9.490821124229));
#533 = CARTESIAN_POINT('',(2.42337692763,-9.490821124229));
#534 = ( GEOMETRIC_REPRESENTATION_CONTEXT(2) 
PARAMETRIC_REPRESENTATION_CONTEXT() REPRESENTATION_CONTEXT('2D SPACE',''
  ) );
#535 = ORIENTED_EDGE('',*,*,#536,.F.);
#536 = EDGE_CURVE('',#427,#516,#537,.T.);
#537 = SURFACE_CURVE('',#538,(#542,#548),.PCURVE_S1.);
#538 = LINE('',#539,#540);
#539 = CARTESIAN_POINT('',(-15.58166675578,19.838607630468,
    -8.881784197001E-16));
#540 = VECTOR('',#541,1.);
#541 = DIRECTION('',(0.999193847963,4.014541309975E-02,-0.));
#542 = PCURVE('',#71,#543);
#543 = DEFINITIONAL_REPRESENTATION('',(#544),#547);
#544 = B_SPLINE_CURVE_WITH_KNOTS('',1,(#545,#546),.UNSPECIFIED.,.F.,.F.,
  (2,2),(26.513160525895,28.936537453525),.PIECEWISE_BEZIER_KNOTS.);
#545 = CARTESIAN_POINT('',(50.344582924202,67.811570624565));
#546 = CARTESIAN_POINT('',(52.766006241586,67.908858092421));
#547 = ( GEOMETRIC_REPRESENTATION_CONTEXT(2) 
PARAMETRIC_REPRESENTATION_CONTEXT() REPRESENTATION_CONTEXT('2D SPACE',''
  ) );
#548 = PCURVE('',#313,#549);
#549 = DEFINITIONAL_REPRESENTATION('',(#550),#553);
#550 = B_SPLINE_CURVE_WITH_KNOTS('',1,(#551,#552),.UNSPECIFIED.,.F.,.F.,
  (2,2),(26.513160525895,28.936537453525),.PIECEWISE_BEZIER_KNOTS.);
#551 = CARTESIAN_POINT('',(0.,-9.490821124229));
#552 = CARTESIAN_POINT('',(2.42337692763,-9.490821124229));
#553 = ( GEOMETRIC_REPRESENTATION_CONTEXT(2) 
PARAMETRIC_REPRESENTATION_CONTEXT() REPRESENTATION_CONTEXT('2D SPACE',''
  ) );
#554 = ORIENTED_EDGE('',*,*,#426,.F.);
#555 = ORIENTED_EDGE('',*,*,#56,.T.);
#556 = ORIENTED_EDGE('',*,*,#167,.T.);
#557 = ORIENTED_EDGE('',*,*,#558,.F.);
#558 = EDGE_CURVE('',#559,#138,#561,.T.);
#559 = VERTEX_POINT('',#560);
#560 = CARTESIAN_POINT('',(26.968601659484,16.019475888555,0.));
#561 = SURFACE_CURVE('',#562,(#566,#572),.PCURVE_S1.);
#562 = LINE('',#563,#564);
#563 = CARTESIAN_POINT('',(26.968601659484,-21.9085811372,0.));
#564 = VECTOR('',#565,1.);
#565 = DIRECTION('',(0.,-1.,0.));
#566 = PCURVE('',#71,#567);
#567 = DEFINITIONAL_REPRESENTATION('',(#568),#571);
#568 = B_SPLINE_CURVE_WITH_KNOTS('',1,(#569,#570),.UNSPECIFIED.,.F.,.F.,
  (2,2),(-46.10863036551,-25.000000075),.PIECEWISE_BEZIER_KNOTS.);
#569 = CARTESIAN_POINT('',(66.403064451941,71.108630440517));
#570 = CARTESIAN_POINT('',(66.403064451941,50.00000015));
#571 = ( GEOMETRIC_REPRESENTATION_CONTEXT(2) 
PARAMETRIC_REPRESENTATION_CONTEXT() REPRESENTATION_CONTEXT('2D SPACE',''
  ) );
#572 = PCURVE('',#155,#573);
#573 = DEFINITIONAL_REPRESENTATION('',(#574),#577);
#574 = B_SPLINE_CURVE_WITH_KNOTS('',1,(#575,#576),.UNSPECIFIED.,.F.,.F.,
  (2,2),(-46.10863036551,-25.000000075),.PIECEWISE_BEZIER_KNOTS.);
#575 = CARTESIAN_POINT('',(13.466733398328,-21.10863029051));
#576 = CARTESIAN_POINT('',(13.466733398328,0.));
#577 = ( GEOMETRIC_REPRESENTATION_CONTEXT(2) 
PARAMETRIC_REPRESENTATION_CONTEXT() REPRESENTATION_CONTEXT('2D SPACE',''
  ) );
#578 = ORIENTED_EDGE('',*,*,#579,.T.);
#579 = EDGE_CURVE('',#559,#580,#582,.T.);
#580 = VERTEX_POINT('',#581);
#581 = CARTESIAN_POINT('',(35.,16.019475888555,0.));
#582 = SURFACE_CURVE('',#583,(#587,#593),.PCURVE_S1.);
#583 = LINE('',#584,#585);
#584 = CARTESIAN_POINT('',(-11.27920973079,16.019475888555,0.));
#585 = VECTOR('',#586,1.);
#586 = DIRECTION('',(1.,0.,-0.));
#587 = PCURVE('',#71,#588);
#588 = DEFINITIONAL_REPRESENTATION('',(#589),#592);
#589 = B_SPLINE_CURVE_WITH_KNOTS('',1,(#590,#591),.UNSPECIFIED.,.F.,.F.,
  (2,2),(28.155253061663,57.862029192069),.PIECEWISE_BEZIER_KNOTS.);
#590 = CARTESIAN_POINT('',(56.310506123327,62.92805710076));
#591 = CARTESIAN_POINT('',(86.017282253732,62.92805710076));
#592 = ( GEOMETRIC_REPRESENTATION_CONTEXT(2) 
PARAMETRIC_REPRESENTATION_CONTEXT() REPRESENTATION_CONTEXT('2D SPACE',''
  ) );
#593 = PCURVE('',#386,#594);
#594 = DEFINITIONAL_REPRESENTATION('',(#595),#598);
#595 = B_SPLINE_CURVE_WITH_KNOTS('',1,(#596,#597),.UNSPECIFIED.,.F.,.F.,
  (2,2),(28.155253061663,57.862029192069),.PIECEWISE_BEZIER_KNOTS.);
#596 = CARTESIAN_POINT('',(5.247048642192,0.));
#597 = CARTESIAN_POINT('',(5.247048642192,29.706776130405));
#598 = ( GEOMETRIC_REPRESENTATION_CONTEXT(2) 
PARAMETRIC_REPRESENTATION_CONTEXT() REPRESENTATION_CONTEXT('2D SPACE',''
  ) );
#599 = ORIENTED_EDGE('',*,*,#600,.T.);
#600 = EDGE_CURVE('',#580,#601,#603,.T.);
#601 = VERTEX_POINT('',#602);
#602 = CARTESIAN_POINT('',(35.,25.,0.));
#603 = SURFACE_CURVE('',#604,(#608,#615),.PCURVE_S1.);
#604 = LINE('',#605,#606);
#605 = CARTESIAN_POINT('',(35.,0.,0.));
#606 = VECTOR('',#607,1.);
#607 = DIRECTION('',(-0.,1.,0.));
#608 = PCURVE('',#71,#609);
#609 = DEFINITIONAL_REPRESENTATION('',(#610),#614);
#610 = LINE('',#611,#612);
#611 = CARTESIAN_POINT('',(74.434462792457,46.908581212205));
#612 = VECTOR('',#613,1.);
#613 = DIRECTION('',(0.,1.));
#614 = ( GEOMETRIC_REPRESENTATION_CONTEXT(2) 
PARAMETRIC_REPRESENTATION_CONTEXT() REPRESENTATION_CONTEXT('2D SPACE',''
  ) );
#615 = PCURVE('',#616,#621);
#616 = PLANE('',#617);
#617 = AXIS2_PLACEMENT_3D('',#618,#619,#620);
#618 = CARTESIAN_POINT('',(35.,0.,0.));
#619 = DIRECTION('',(1.,0.,-0.));
#620 = DIRECTION('',(0.,0.,1.));
#621 = DEFINITIONAL_REPRESENTATION('',(#622),#626);
#622 = LINE('',#623,#624);
#623 = CARTESIAN_POINT('',(0.,0.));
#624 = VECTOR('',#625,1.);
#625 = DIRECTION('',(0.,-1.));
#626 = ( GEOMETRIC_REPRESENTATION_CONTEXT(2) 
PARAMETRIC_REPRESENTATION_CONTEXT() REPRESENTATION_CONTEXT('2D SPACE',''
  ) );
#627 = ORIENTED_EDGE('',*,*,#628,.F.);
#628 = EDGE_CURVE('',#629,#601,#631,.T.);
#629 = VERTEX_POINT('',#630);
#630 = CARTESIAN_POINT('',(16.876043330869,25.,0.));
#631 = SURFACE_CURVE('',#632,(#636,#643),.PCURVE_S1.);
#632 = LINE('',#633,#634);
#633 = CARTESIAN_POINT('',(10.,25.,0.));
#634 = VECTOR('',#635,1.);
#635 = DIRECTION('',(1.,0.,-0.));
#636 = PCURVE('',#71,#637);
#637 = DEFINITIONAL_REPRESENTATION('',(#638),#642);
#638 = LINE('',#639,#640);
#639 = CARTESIAN_POINT('',(49.434462792457,71.908581212205));
#640 = VECTOR('',#641,1.);
#641 = DIRECTION('',(1.,0.));
#642 = ( GEOMETRIC_REPRESENTATION_CONTEXT(2) 
PARAMETRIC_REPRESENTATION_CONTEXT() REPRESENTATION_CONTEXT('2D SPACE',''
  ) );
#643 = PCURVE('',#644,#649);
#644 = PLANE('',#645);
#645 = AXIS2_PLACEMENT_3D('',#646,#647,#648);
#646 = CARTESIAN_POINT('',(10.,25.,0.));
#647 = DIRECTION('',(-0.,1.,0.));
#648 = DIRECTION('',(0.,0.,1.));
#649 = DEFINITIONAL_REPRESENTATION('',(#650),#654);
#650 = LINE('',#651,#652);
#651 = CARTESIAN_POINT('',(0.,0.));
#652 = VECTOR('',#653,1.);
#653 = DIRECTION('',(0.,1.));
#654 = ( GEOMETRIC_REPRESENTATION_CONTEXT(2) 
PARAMETRIC_REPRESENTATION_CONTEXT() REPRESENTATION_CONTEXT('2D SPACE',''
  ) );
#655 = ORIENTED_EDGE('',*,*,#656,.T.);
#656 = EDGE_CURVE('',#629,#474,#657,.T.);
#657 = SURFACE_CURVE('',#658,(#662,#668),.PCURVE_S1.);
#658 = LINE('',#659,#660);
#659 = CARTESIAN_POINT('',(16.876043330869,-15.44455266182,0.));
#660 = VECTOR('',#661,1.);
#661 = DIRECTION('',(0.,-1.,0.));
#662 = PCURVE('',#71,#663);
#663 = DEFINITIONAL_REPRESENTATION('',(#664),#667);
#664 = B_SPLINE_CURVE_WITH_KNOTS('',1,(#665,#666),.UNSPECIFIED.,.F.,.F.,
  (2,2),(-47.23900834584,-31.46402855038),.PIECEWISE_BEZIER_KNOTS.);
#665 = CARTESIAN_POINT('',(56.310506123327,78.703036896226));
#666 = CARTESIAN_POINT('',(56.310506123327,62.92805710076));
#667 = ( GEOMETRIC_REPRESENTATION_CONTEXT(2) 
PARAMETRIC_REPRESENTATION_CONTEXT() REPRESENTATION_CONTEXT('2D SPACE',''
  ) );
#668 = PCURVE('',#410,#669);
#669 = DEFINITIONAL_REPRESENTATION('',(#670),#673);
#670 = B_SPLINE_CURVE_WITH_KNOTS('',1,(#671,#672),.UNSPECIFIED.,.F.,.F.,
  (2,2),(-47.23900834584,-31.46402855038),.PIECEWISE_BEZIER_KNOTS.);
#671 = CARTESIAN_POINT('',(5.247048642192,-15.77497979546));
#672 = CARTESIAN_POINT('',(5.247048642192,0.));
#673 = ( GEOMETRIC_REPRESENTATION_CONTEXT(2) 
PARAMETRIC_REPRESENTATION_CONTEXT() REPRESENTATION_CONTEXT('2D SPACE',''
  ) );
#674 = ADVANCED_FACE('',(#675,#699,#805),#155,.T.);
#675 = FACE_BOUND('',#676,.T.);
#676 = EDGE_LOOP('',(#677,#678,#679,#680));
#677 = ORIENTED_EDGE('',*,*,#348,.F.);
#678 = ORIENTED_EDGE('',*,*,#137,.F.);
#679 = ORIENTED_EDGE('',*,*,#558,.F.);
#680 = ORIENTED_EDGE('',*,*,#681,.F.);
#681 = EDGE_CURVE('',#349,#559,#682,.T.);
#682 = SURFACE_CURVE('',#683,(#687,#693),.PCURVE_S1.);
#683 = LINE('',#684,#685);
#684 = CARTESIAN_POINT('',(26.968601659484,16.019475888555,
    -9.35689102026));
#685 = VECTOR('',#686,1.);
#686 = DIRECTION('',(-0.,0.,-1.));
#687 = PCURVE('',#155,#688);
#688 = DEFINITIONAL_REPRESENTATION('',(#689),#692);
#689 = B_SPLINE_CURVE_WITH_KNOTS('',1,(#690,#691),.UNSPECIFIED.,.F.,.F.,
  (2,2),(-18.84771214448,-4.109842378068),.PIECEWISE_BEZIER_KNOTS.);
#690 = CARTESIAN_POINT('',(22.957554522557,-12.92805695076));
#691 = CARTESIAN_POINT('',(8.219684756135,-12.92805695076));
#692 = ( GEOMETRIC_REPRESENTATION_CONTEXT(2) 
PARAMETRIC_REPRESENTATION_CONTEXT() REPRESENTATION_CONTEXT('2D SPACE',''
  ) );
#693 = PCURVE('',#386,#694);
#694 = DEFINITIONAL_REPRESENTATION('',(#695),#698);
#695 = B_SPLINE_CURVE_WITH_KNOTS('',1,(#696,#697),.UNSPECIFIED.,.F.,.F.,
  (2,2),(-18.84771214448,-4.109842378068),.PIECEWISE_BEZIER_KNOTS.);
#696 = CARTESIAN_POINT('',(14.737869766422,10.092558328615));
#697 = CARTESIAN_POINT('',(0.,10.092558328615));
#698 = ( GEOMETRIC_REPRESENTATION_CONTEXT(2) 
PARAMETRIC_REPRESENTATION_CONTEXT() REPRESENTATION_CONTEXT('2D SPACE',''
  ) );
#699 = FACE_BOUND('',#700,.T.);
#700 = EDGE_LOOP('',(#701,#729,#755,#781));
#701 = ORIENTED_EDGE('',*,*,#702,.T.);
#702 = EDGE_CURVE('',#703,#705,#707,.T.);
#703 = VERTEX_POINT('',#704);
#704 = CARTESIAN_POINT('',(26.968601659484,9.842586755055,2.699291555992
    ));
#705 = VERTEX_POINT('',#706);
#706 = CARTESIAN_POINT('',(26.968601659484,9.068890973362,2.699291555992
    ));
#707 = SURFACE_CURVE('',#708,(#712,#718),.PCURVE_S1.);
#708 = LINE('',#709,#710);
#709 = CARTESIAN_POINT('',(26.968601659484,6.080154955578,2.699291555992
    ));
#710 = VECTOR('',#711,1.);
#711 = DIRECTION('',(0.,-1.,0.));
#712 = PCURVE('',#155,#713);
#713 = DEFINITIONAL_REPRESENTATION('',(#714),#717);
#714 = B_SPLINE_CURVE_WITH_KNOTS('',1,(#715,#716),.UNSPECIFIED.,.F.,.F.,
  (2,2),(-3.762431799477,-2.988736017784),.PIECEWISE_BEZIER_KNOTS.);
#715 = CARTESIAN_POINT('',(16.16602495432,-6.751167817261));
#716 = CARTESIAN_POINT('',(16.16602495432,-5.977472035567));
#717 = ( GEOMETRIC_REPRESENTATION_CONTEXT(2) 
PARAMETRIC_REPRESENTATION_CONTEXT() REPRESENTATION_CONTEXT('2D SPACE',''
  ) );
#718 = PCURVE('',#719,#724);
#719 = PLANE('',#720);
#720 = AXIS2_PLACEMENT_3D('',#721,#722,#723);
#721 = CARTESIAN_POINT('',(24.554206967566,9.068890973362,2.699291555992
    ));
#722 = DIRECTION('',(0.,0.,1.));
#723 = DIRECTION('',(1.,0.,0.));
#724 = DEFINITIONAL_REPRESENTATION('',(#725),#728);
#725 = B_SPLINE_CURVE_WITH_KNOTS('',1,(#726,#727),.UNSPECIFIED.,.F.,.F.,
  (2,2),(-3.762431799477,-2.988736017784),.PIECEWISE_BEZIER_KNOTS.);
#726 = CARTESIAN_POINT('',(2.414394691918,0.773695781693));
#727 = CARTESIAN_POINT('',(2.414394691918,0.));
#728 = ( GEOMETRIC_REPRESENTATION_CONTEXT(2) 
PARAMETRIC_REPRESENTATION_CONTEXT() REPRESENTATION_CONTEXT('2D SPACE',''
  ) );
#729 = ORIENTED_EDGE('',*,*,#730,.T.);
#730 = EDGE_CURVE('',#705,#731,#733,.T.);
#731 = VERTEX_POINT('',#732);
#732 = CARTESIAN_POINT('',(26.968601659484,9.068890973362,4.716581636898
    ));
#733 = SURFACE_CURVE('',#734,(#738,#744),.PCURVE_S1.);
#734 = LINE('',#735,#736);
#735 = CARTESIAN_POINT('',(26.968601659484,9.068890973362,
    -5.383720921168));
#736 = VECTOR('',#737,1.);
#737 = DIRECTION('',(0.,-0.,1.));
#738 = PCURVE('',#155,#739);
#739 = DEFINITIONAL_REPRESENTATION('',(#740),#743);
#740 = B_SPLINE_CURVE_WITH_KNOTS('',1,(#741,#742),.UNSPECIFIED.,.F.,.F.,
  (2,2),(8.08301247716,10.100302558066),.PIECEWISE_BEZIER_KNOTS.);
#741 = CARTESIAN_POINT('',(16.16602495432,-5.977472035567));
#742 = CARTESIAN_POINT('',(18.183315035226,-5.977472035567));
#743 = ( GEOMETRIC_REPRESENTATION_CONTEXT(2) 
PARAMETRIC_REPRESENTATION_CONTEXT() REPRESENTATION_CONTEXT('2D SPACE',''
  ) );
#744 = PCURVE('',#745,#750);
#745 = PLANE('',#746);
#746 = AXIS2_PLACEMENT_3D('',#747,#748,#749);
#747 = CARTESIAN_POINT('',(24.554206967566,9.068890973362,2.699291555992
    ));
#748 = DIRECTION('',(0.,1.,0.));
#749 = DIRECTION('',(1.,0.,0.));
#750 = DEFINITIONAL_REPRESENTATION('',(#751),#754);
#751 = B_SPLINE_CURVE_WITH_KNOTS('',1,(#752,#753),.UNSPECIFIED.,.F.,.F.,
  (2,2),(8.08301247716,10.100302558066),.PIECEWISE_BEZIER_KNOTS.);
#752 = CARTESIAN_POINT('',(2.414394691918,0.));
#753 = CARTESIAN_POINT('',(2.414394691918,-2.017290080906));
#754 = ( GEOMETRIC_REPRESENTATION_CONTEXT(2) 
PARAMETRIC_REPRESENTATION_CONTEXT() REPRESENTATION_CONTEXT('2D SPACE',''
  ) );
#755 = ORIENTED_EDGE('',*,*,#756,.F.);
#756 = EDGE_CURVE('',#757,#731,#759,.T.);
#757 = VERTEX_POINT('',#758);
#758 = CARTESIAN_POINT('',(26.968601659484,9.842586755055,4.716581636898
    ));
#759 = SURFACE_CURVE('',#760,(#764,#770),.PCURVE_S1.);
#760 = LINE('',#761,#762);
#761 = CARTESIAN_POINT('',(26.968601659484,6.080154955578,4.716581636898
    ));
#762 = VECTOR('',#763,1.);
#763 = DIRECTION('',(0.,-1.,0.));
#764 = PCURVE('',#155,#765);
#765 = DEFINITIONAL_REPRESENTATION('',(#766),#769);
#766 = B_SPLINE_CURVE_WITH_KNOTS('',1,(#767,#768),.UNSPECIFIED.,.F.,.F.,
  (2,2),(-3.762431799477,-2.988736017784),.PIECEWISE_BEZIER_KNOTS.);
#767 = CARTESIAN_POINT('',(18.183315035226,-6.751167817261));
#768 = CARTESIAN_POINT('',(18.183315035226,-5.977472035567));
#769 = ( GEOMETRIC_REPRESENTATION_CONTEXT(2) 
PARAMETRIC_REPRESENTATION_CONTEXT() REPRESENTATION_CONTEXT('2D SPACE',''
  ) );
#770 = PCURVE('',#771,#776);
#771 = PLANE('',#772);
#772 = AXIS2_PLACEMENT_3D('',#773,#774,#775);
#773 = CARTESIAN_POINT('',(24.554206967566,9.068890973362,4.716581636898
    ));
#774 = DIRECTION('',(0.,0.,1.));
#775 = DIRECTION('',(1.,0.,0.));
#776 = DEFINITIONAL_REPRESENTATION('',(#777),#780);
#777 = B_SPLINE_CURVE_WITH_KNOTS('',1,(#778,#779),.UNSPECIFIED.,.F.,.F.,
  (2,2),(-3.762431799477,-2.988736017784),.PIECEWISE_BEZIER_KNOTS.);
#778 = CARTESIAN_POINT('',(2.414394691918,0.773695781693));
#779 = CARTESIAN_POINT('',(2.414394691918,0.));
#780 = ( GEOMETRIC_REPRESENTATION_CONTEXT(2) 
PARAMETRIC_REPRESENTATION_CONTEXT() REPRESENTATION_CONTEXT('2D SPACE',''
  ) );
#781 = ORIENTED_EDGE('',*,*,#782,.F.);
#782 = EDGE_CURVE('',#703,#757,#783,.T.);
#783 = SURFACE_CURVE('',#784,(#788,#794),.PCURVE_S1.);
#784 = LINE('',#785,#786);
#785 = CARTESIAN_POINT('',(26.968601659484,9.842586755055,
    -5.383720921168));
#786 = VECTOR('',#787,1.);
#787 = DIRECTION('',(0.,-0.,1.));
#788 = PCURVE('',#155,#789);
#789 = DEFINITIONAL_REPRESENTATION('',(#790),#793);
#790 = B_SPLINE_CURVE_WITH_KNOTS('',1,(#791,#792),.UNSPECIFIED.,.F.,.F.,
  (2,2),(8.08301247716,10.100302558066),.PIECEWISE_BEZIER_KNOTS.);
#791 = CARTESIAN_POINT('',(16.16602495432,-6.751167817261));
#792 = CARTESIAN_POINT('',(18.183315035226,-6.751167817261));
#793 = ( GEOMETRIC_REPRESENTATION_CONTEXT(2) 
PARAMETRIC_REPRESENTATION_CONTEXT() REPRESENTATION_CONTEXT('2D SPACE',''
  ) );
#794 = PCURVE('',#795,#800);
#795 = PLANE('',#796);
#796 = AXIS2_PLACEMENT_3D('',#797,#798,#799);
#797 = CARTESIAN_POINT('',(24.554206967566,9.842586755055,2.699291555992
    ));
#798 = DIRECTION('',(0.,1.,0.));
#799 = DIRECTION('',(1.,0.,0.));
#800 = DEFINITIONAL_REPRESENTATION('',(#801),#804);
#801 = B_SPLINE_CURVE_WITH_KNOTS('',1,(#802,#803),.UNSPECIFIED.,.F.,.F.,
  (2,2),(8.08301247716,10.100302558066),.PIECEWISE_BEZIER_KNOTS.);
#802 = CARTESIAN_POINT('',(2.414394691918,0.));
#803 = CARTESIAN_POINT('',(2.414394691918,-2.017290080906));
#804 = ( GEOMETRIC_REPRESENTATION_CONTEXT(2) 
PARAMETRIC_REPRESENTATION_CONTEXT() REPRESENTATION_CONTEXT('2D SPACE',''
  ) );
#805 = FACE_BOUND('',#806,.T.);
#806 = EDGE_LOOP('',(#807,#835,#861,#887,#913,#939,#965,#991,#1017,#1043
    ,#1069,#1095,#1121,#1147));
#807 = ORIENTED_EDGE('',*,*,#808,.T.);
#808 = EDGE_CURVE('',#809,#811,#813,.T.);
#809 = VERTEX_POINT('',#810);
#810 = CARTESIAN_POINT('',(26.968601659484,7.206405793371,1.132769815474
    ));
#811 = VERTEX_POINT('',#812);
#812 = CARTESIAN_POINT('',(26.968601659484,7.206405793371,4.353278362807
    ));
#813 = SURFACE_CURVE('',#814,(#818,#824),.PCURVE_S1.);
#814 = LINE('',#815,#816);
#815 = CARTESIAN_POINT('',(26.968601659484,7.206405793371,
    -6.166981791427));
#816 = VECTOR('',#817,1.);
#817 = DIRECTION('',(0.,-0.,1.));
#818 = PCURVE('',#155,#819);
#819 = DEFINITIONAL_REPRESENTATION('',(#820),#823);
#820 = B_SPLINE_CURVE_WITH_KNOTS('',1,(#821,#822),.UNSPECIFIED.,.F.,.F.,
  (2,2),(7.299751606901,10.539460723364),.PIECEWISE_BEZIER_KNOTS.);
#821 = CARTESIAN_POINT('',(14.599503213801,-4.114986855576));
#822 = CARTESIAN_POINT('',(17.839212330264,-4.114986855576));
#823 = ( GEOMETRIC_REPRESENTATION_CONTEXT(2) 
PARAMETRIC_REPRESENTATION_CONTEXT() REPRESENTATION_CONTEXT('2D SPACE',''
  ) );
#824 = PCURVE('',#825,#830);
#825 = PLANE('',#826);
#826 = AXIS2_PLACEMENT_3D('',#827,#828,#829);
#827 = CARTESIAN_POINT('',(24.376649785289,7.206405793371,1.132769815474
    ));
#828 = DIRECTION('',(0.,1.,0.));
#829 = DIRECTION('',(1.,0.,0.));
#830 = DEFINITIONAL_REPRESENTATION('',(#831),#834);
#831 = B_SPLINE_CURVE_WITH_KNOTS('',1,(#832,#833),.UNSPECIFIED.,.F.,.F.,
  (2,2),(7.299751606901,10.539460723364),.PIECEWISE_BEZIER_KNOTS.);
#832 = CARTESIAN_POINT('',(2.591951874195,0.));
#833 = CARTESIAN_POINT('',(2.591951874195,-3.239709116463));
#834 = ( GEOMETRIC_REPRESENTATION_CONTEXT(2) 
PARAMETRIC_REPRESENTATION_CONTEXT() REPRESENTATION_CONTEXT('2D SPACE',''
  ) );
#835 = ORIENTED_EDGE('',*,*,#836,.T.);
#836 = EDGE_CURVE('',#811,#837,#839,.T.);
#837 = VERTEX_POINT('',#838);
#838 = CARTESIAN_POINT('',(26.968601659484,5.280976572698,4.353278362807
    ));
#839 = SURFACE_CURVE('',#840,(#844,#850),.PCURVE_S1.);
#840 = LINE('',#841,#842);
#841 = CARTESIAN_POINT('',(26.968601659484,4.186197755246,4.353278362807
    ));
#842 = VECTOR('',#843,1.);
#843 = DIRECTION('',(0.,-1.,0.));
#844 = PCURVE('',#155,#845);
#845 = DEFINITIONAL_REPRESENTATION('',(#846),#849);
#846 = B_SPLINE_CURVE_WITH_KNOTS('',1,(#847,#848),.UNSPECIFIED.,.F.,.F.,
  (2,2),(-3.020208038124,-1.094778817452),.PIECEWISE_BEZIER_KNOTS.);
#847 = CARTESIAN_POINT('',(17.820011761135,-4.114986855576));
#848 = CARTESIAN_POINT('',(17.820011761135,-2.189557634903));
#849 = ( GEOMETRIC_REPRESENTATION_CONTEXT(2) 
PARAMETRIC_REPRESENTATION_CONTEXT() REPRESENTATION_CONTEXT('2D SPACE',''
  ) );
#850 = PCURVE('',#851,#856);
#851 = PLANE('',#852);
#852 = AXIS2_PLACEMENT_3D('',#853,#854,#855);
#853 = CARTESIAN_POINT('',(24.84369693729,5.280976572698,4.353278362807)
  );
#854 = DIRECTION('',(0.,0.,1.));
#855 = DIRECTION('',(1.,0.,0.));
#856 = DEFINITIONAL_REPRESENTATION('',(#857),#860);
#857 = B_SPLINE_CURVE_WITH_KNOTS('',1,(#858,#859),.UNSPECIFIED.,.F.,.F.,
  (2,2),(-3.020208038124,-1.094778817452),.PIECEWISE_BEZIER_KNOTS.);
#858 = CARTESIAN_POINT('',(2.124904722194,1.925429220673));
#859 = CARTESIAN_POINT('',(2.124904722194,0.));
#860 = ( GEOMETRIC_REPRESENTATION_CONTEXT(2) 
PARAMETRIC_REPRESENTATION_CONTEXT() REPRESENTATION_CONTEXT('2D SPACE',''
  ) );
#861 = ORIENTED_EDGE('',*,*,#862,.T.);
#862 = EDGE_CURVE('',#837,#863,#865,.T.);
#863 = VERTEX_POINT('',#864);
#864 = CARTESIAN_POINT('',(26.968601659484,5.280976572698,4.973219275562
    ));
#865 = SURFACE_CURVE('',#866,(#870,#876),.PCURVE_S1.);
#866 = LINE('',#867,#868);
#867 = CARTESIAN_POINT('',(26.968601659484,5.280976572698,-4.55672751776
    ));
#868 = VECTOR('',#869,1.);
#869 = DIRECTION('',(0.,-0.,1.));
#870 = PCURVE('',#155,#871);
#871 = DEFINITIONAL_REPRESENTATION('',(#872),#875);
#872 = B_SPLINE_CURVE_WITH_KNOTS('',1,(#873,#874),.UNSPECIFIED.,.F.,.F.,
  (2,2),(8.910005880568,9.529946793322),.PIECEWISE_BEZIER_KNOTS.);
#873 = CARTESIAN_POINT('',(17.820011761135,-2.189557634903));
#874 = CARTESIAN_POINT('',(18.439952673889,-2.189557634903));
#875 = ( GEOMETRIC_REPRESENTATION_CONTEXT(2) 
PARAMETRIC_REPRESENTATION_CONTEXT() REPRESENTATION_CONTEXT('2D SPACE',''
  ) );
#876 = PCURVE('',#877,#882);
#877 = PLANE('',#878);
#878 = AXIS2_PLACEMENT_3D('',#879,#880,#881);
#879 = CARTESIAN_POINT('',(24.84369693729,5.280976572698,4.353278362807)
  );
#880 = DIRECTION('',(0.,1.,0.));
#881 = DIRECTION('',(1.,0.,0.));
#882 = DEFINITIONAL_REPRESENTATION('',(#883),#886);
#883 = B_SPLINE_CURVE_WITH_KNOTS('',1,(#884,#885),.UNSPECIFIED.,.F.,.F.,
  (2,2),(8.910005880568,9.529946793322),.PIECEWISE_BEZIER_KNOTS.);
#884 = CARTESIAN_POINT('',(2.124904722194,0.));
#885 = CARTESIAN_POINT('',(2.124904722194,-0.619940912754));
#886 = ( GEOMETRIC_REPRESENTATION_CONTEXT(2) 
PARAMETRIC_REPRESENTATION_CONTEXT() REPRESENTATION_CONTEXT('2D SPACE',''
  ) );
#887 = ORIENTED_EDGE('',*,*,#888,.F.);
#888 = EDGE_CURVE('',#889,#863,#891,.T.);
#889 = VERTEX_POINT('',#890);
#890 = CARTESIAN_POINT('',(26.968601659484,8.851439934466,4.973219275562
    ));
#891 = SURFACE_CURVE('',#892,(#896,#902),.PCURVE_S1.);
#892 = LINE('',#893,#894);
#893 = CARTESIAN_POINT('',(26.968601659484,4.186197755246,4.973219275562
    ));
#894 = VECTOR('',#895,1.);
#895 = DIRECTION('',(0.,-1.,0.));
#896 = PCURVE('',#155,#897);
#897 = DEFINITIONAL_REPRESENTATION('',(#898),#901);
#898 = B_SPLINE_CURVE_WITH_KNOTS('',1,(#899,#900),.UNSPECIFIED.,.F.,.F.,
  (2,2),(-4.665242179219,-1.094778817452),.PIECEWISE_BEZIER_KNOTS.);
#899 = CARTESIAN_POINT('',(18.439952673889,-5.760020996671));
#900 = CARTESIAN_POINT('',(18.439952673889,-2.189557634903));
#901 = ( GEOMETRIC_REPRESENTATION_CONTEXT(2) 
PARAMETRIC_REPRESENTATION_CONTEXT() REPRESENTATION_CONTEXT('2D SPACE',''
  ) );
#902 = PCURVE('',#903,#908);
#903 = PLANE('',#904);
#904 = AXIS2_PLACEMENT_3D('',#905,#906,#907);
#905 = CARTESIAN_POINT('',(24.84369693729,5.280976572698,4.973219275562)
  );
#906 = DIRECTION('',(0.,0.,1.));
#907 = DIRECTION('',(1.,0.,0.));
#908 = DEFINITIONAL_REPRESENTATION('',(#909),#912);
#909 = B_SPLINE_CURVE_WITH_KNOTS('',1,(#910,#911),.UNSPECIFIED.,.F.,.F.,
  (2,2),(-4.665242179219,-1.094778817452),.PIECEWISE_BEZIER_KNOTS.);
#910 = CARTESIAN_POINT('',(2.124904722194,3.570463361768));
#911 = CARTESIAN_POINT('',(2.124904722194,0.));
#912 = ( GEOMETRIC_REPRESENTATION_CONTEXT(2) 
PARAMETRIC_REPRESENTATION_CONTEXT() REPRESENTATION_CONTEXT('2D SPACE',''
  ) );
#913 = ORIENTED_EDGE('',*,*,#914,.F.);
#914 = EDGE_CURVE('',#915,#889,#917,.T.);
#915 = VERTEX_POINT('',#916);
#916 = CARTESIAN_POINT('',(26.968601659484,8.851439934466,4.966345437846
    ));
#917 = SURFACE_CURVE('',#918,(#922,#928),.PCURVE_S1.);
#918 = LINE('',#919,#920);
#919 = CARTESIAN_POINT('',(26.968601659484,8.851439934466,-4.55672751776
    ));
#920 = VECTOR('',#921,1.);
#921 = DIRECTION('',(0.,-0.,1.));
#922 = PCURVE('',#155,#923);
#923 = DEFINITIONAL_REPRESENTATION('',(#924),#927);
#924 = B_SPLINE_CURVE_WITH_KNOTS('',1,(#925,#926),.UNSPECIFIED.,.F.,.F.,
  (2,2),(9.107439736776,9.529946793322),.PIECEWISE_BEZIER_KNOTS.);
#925 = CARTESIAN_POINT('',(18.017445617344,-5.760020996671));
#926 = CARTESIAN_POINT('',(18.439952673889,-5.760020996671));
#927 = ( GEOMETRIC_REPRESENTATION_CONTEXT(2) 
PARAMETRIC_REPRESENTATION_CONTEXT() REPRESENTATION_CONTEXT('2D SPACE',''
  ) );
#928 = PCURVE('',#929,#934);
#929 = PLANE('',#930);
#930 = AXIS2_PLACEMENT_3D('',#931,#932,#933);
#931 = CARTESIAN_POINT('',(24.84369693729,8.851439934466,4.353278362807)
  );
#932 = DIRECTION('',(0.,1.,0.));
#933 = DIRECTION('',(1.,0.,0.));
#934 = DEFINITIONAL_REPRESENTATION('',(#935),#938);
#935 = B_SPLINE_CURVE_WITH_KNOTS('',1,(#936,#937),.UNSPECIFIED.,.F.,.F.,
  (2,2),(9.107439736776,9.529946793322),.PIECEWISE_BEZIER_KNOTS.);
#936 = CARTESIAN_POINT('',(2.124904722194,-0.197433856209));
#937 = CARTESIAN_POINT('',(2.124904722194,-0.619940912754));
#938 = ( GEOMETRIC_REPRESENTATION_CONTEXT(2) 
PARAMETRIC_REPRESENTATION_CONTEXT() REPRESENTATION_CONTEXT('2D SPACE',''
  ) );
#939 = ORIENTED_EDGE('',*,*,#940,.F.);
#940 = EDGE_CURVE('',#941,#915,#943,.T.);
#941 = VERTEX_POINT('',#942);
#942 = CARTESIAN_POINT('',(26.968601659484,9.060340014682,4.966345437846
    ));
#943 = SURFACE_CURVE('',#944,(#948,#954),.PCURVE_S1.);
#944 = LINE('',#945,#946);
#945 = CARTESIAN_POINT('',(26.968601659484,5.543553372096,4.966345437846
    ));
#946 = VECTOR('',#947,1.);
#947 = DIRECTION('',(0.,-1.,0.));
#948 = PCURVE('',#155,#949);
#949 = DEFINITIONAL_REPRESENTATION('',(#950),#953);
#950 = B_SPLINE_CURVE_WITH_KNOTS('',1,(#951,#952),.UNSPECIFIED.,.F.,.F.,
  (2,2),(-3.516786642586,-3.30788656237),.PIECEWISE_BEZIER_KNOTS.);
#951 = CARTESIAN_POINT('',(18.433078836173,-5.968921076887));
#952 = CARTESIAN_POINT('',(18.433078836173,-5.760020996671));
#953 = ( GEOMETRIC_REPRESENTATION_CONTEXT(2) 
PARAMETRIC_REPRESENTATION_CONTEXT() REPRESENTATION_CONTEXT('2D SPACE',''
  ) );
#954 = PCURVE('',#955,#960);
#955 = PLANE('',#956);
#956 = AXIS2_PLACEMENT_3D('',#957,#958,#959);
#957 = CARTESIAN_POINT('',(24.877916889471,7.995687806397,4.966345437846
    ));
#958 = DIRECTION('',(0.,0.,1.));
#959 = DIRECTION('',(1.,0.,0.));
#960 = DEFINITIONAL_REPRESENTATION('',(#961),#964);
#961 = B_SPLINE_CURVE_WITH_KNOTS('',1,(#962,#963),.UNSPECIFIED.,.F.,.F.,
  (2,2),(-3.516786642586,-3.30788656237),.PIECEWISE_BEZIER_KNOTS.);
#962 = CARTESIAN_POINT('',(2.090684770013,1.064652208285));
#963 = CARTESIAN_POINT('',(2.090684770013,0.855752128068));
#964 = ( GEOMETRIC_REPRESENTATION_CONTEXT(2) 
PARAMETRIC_REPRESENTATION_CONTEXT() REPRESENTATION_CONTEXT('2D SPACE',''
  ) );
#965 = ORIENTED_EDGE('',*,*,#966,.F.);
#966 = EDGE_CURVE('',#967,#941,#969,.T.);
#967 = VERTEX_POINT('',#968);
#968 = CARTESIAN_POINT('',(26.968601659484,9.060340014682,4.360152200524
    ));
#969 = SURFACE_CURVE('',#970,(#974,#980),.PCURVE_S1.);
#970 = LINE('',#971,#972);
#971 = CARTESIAN_POINT('',(26.968601659484,9.060340014682,
    -4.553290598902));
#972 = VECTOR('',#973,1.);
#973 = DIRECTION('',(0.,-0.,1.));
#974 = PCURVE('',#155,#975);
#975 = DEFINITIONAL_REPRESENTATION('',(#976),#979);
#976 = B_SPLINE_CURVE_WITH_KNOTS('',1,(#977,#978),.UNSPECIFIED.,.F.,.F.,
  (2,2),(8.913442799426,9.519636036748),.PIECEWISE_BEZIER_KNOTS.);
#977 = CARTESIAN_POINT('',(17.826885598851,-5.968921076887));
#978 = CARTESIAN_POINT('',(18.433078836173,-5.968921076887));
#979 = ( GEOMETRIC_REPRESENTATION_CONTEXT(2) 
PARAMETRIC_REPRESENTATION_CONTEXT() REPRESENTATION_CONTEXT('2D SPACE',''
  ) );
#980 = PCURVE('',#981,#986);
#981 = PLANE('',#982);
#982 = AXIS2_PLACEMENT_3D('',#983,#984,#985);
#983 = CARTESIAN_POINT('',(24.877916889471,9.060340014682,4.360152200524
    ));
#984 = DIRECTION('',(0.,1.,0.));
#985 = DIRECTION('',(1.,0.,0.));
#986 = DEFINITIONAL_REPRESENTATION('',(#987),#990);
#987 = B_SPLINE_CURVE_WITH_KNOTS('',1,(#988,#989),.UNSPECIFIED.,.F.,.F.,
  (2,2),(8.913442799426,9.519636036748),.PIECEWISE_BEZIER_KNOTS.);
#988 = CARTESIAN_POINT('',(2.090684770013,0.));
#989 = CARTESIAN_POINT('',(2.090684770013,-0.606193237322));
#990 = ( GEOMETRIC_REPRESENTATION_CONTEXT(2) 
PARAMETRIC_REPRESENTATION_CONTEXT() REPRESENTATION_CONTEXT('2D SPACE',''
  ) );
#991 = ORIENTED_EDGE('',*,*,#992,.T.);
#992 = EDGE_CURVE('',#967,#993,#995,.T.);
#993 = VERTEX_POINT('',#994);
#994 = CARTESIAN_POINT('',(26.968601659484,8.885672976143,4.360152200524
    ));
#995 = SURFACE_CURVE('',#996,(#1000,#1006),.PCURVE_S1.);
#996 = LINE('',#997,#998);
#997 = CARTESIAN_POINT('',(26.968601659484,5.543553372096,4.360152200524
    ));
#998 = VECTOR('',#999,1.);
#999 = DIRECTION('',(0.,-1.,0.));
#1000 = PCURVE('',#155,#1001);
#1001 = DEFINITIONAL_REPRESENTATION('',(#1002),#1005);
#1002 = B_SPLINE_CURVE_WITH_KNOTS('',1,(#1003,#1004),.UNSPECIFIED.,.F.,
  .F.,(2,2),(-3.516786642586,-3.342119604047),.PIECEWISE_BEZIER_KNOTS.);
#1003 = CARTESIAN_POINT('',(17.826885598851,-5.968921076887));
#1004 = CARTESIAN_POINT('',(17.826885598851,-5.794254038348));
#1005 = ( GEOMETRIC_REPRESENTATION_CONTEXT(2) 
PARAMETRIC_REPRESENTATION_CONTEXT() REPRESENTATION_CONTEXT('2D SPACE',''
  ) );
#1006 = PCURVE('',#1007,#1012);
#1007 = PLANE('',#1008);
#1008 = AXIS2_PLACEMENT_3D('',#1009,#1010,#1011);
#1009 = CARTESIAN_POINT('',(24.877916889471,7.995687806397,
    4.360152200524));
#1010 = DIRECTION('',(0.,0.,1.));
#1011 = DIRECTION('',(1.,0.,0.));
#1012 = DEFINITIONAL_REPRESENTATION('',(#1013),#1016);
#1013 = B_SPLINE_CURVE_WITH_KNOTS('',1,(#1014,#1015),.UNSPECIFIED.,.F.,
  .F.,(2,2),(-3.516786642586,-3.342119604047),.PIECEWISE_BEZIER_KNOTS.);
#1014 = CARTESIAN_POINT('',(2.090684770013,1.064652208285));
#1015 = CARTESIAN_POINT('',(2.090684770013,0.889985169746));
#1016 = ( GEOMETRIC_REPRESENTATION_CONTEXT(2) 
PARAMETRIC_REPRESENTATION_CONTEXT() REPRESENTATION_CONTEXT('2D SPACE',''
  ) );
#1017 = ORIENTED_EDGE('',*,*,#1018,.F.);
#1018 = EDGE_CURVE('',#1019,#993,#1021,.T.);
#1019 = VERTEX_POINT('',#1020);
#1020 = CARTESIAN_POINT('',(26.968601659484,8.885672976143,
    2.865160973874));
#1021 = SURFACE_CURVE('',#1022,(#1026,#1032),.PCURVE_S1.);
#1022 = LINE('',#1023,#1024);
#1023 = CARTESIAN_POINT('',(26.968601659484,8.885672976143,
    -5.300786212227));
#1024 = VECTOR('',#1025,1.);
#1025 = DIRECTION('',(0.,-0.,1.));
#1026 = PCURVE('',#155,#1027);
#1027 = DEFINITIONAL_REPRESENTATION('',(#1028),#1031);
#1028 = B_SPLINE_CURVE_WITH_KNOTS('',1,(#1029,#1030),.UNSPECIFIED.,.F.,
  .F.,(2,2),(8.165947186101,9.851498431243),.PIECEWISE_BEZIER_KNOTS.);
#1029 = CARTESIAN_POINT('',(16.331894372201,-5.794254038348));
#1030 = CARTESIAN_POINT('',(18.017445617344,-5.794254038348));
#1031 = ( GEOMETRIC_REPRESENTATION_CONTEXT(2) 
PARAMETRIC_REPRESENTATION_CONTEXT() REPRESENTATION_CONTEXT('2D SPACE',''
  ) );
#1032 = PCURVE('',#1033,#1038);
#1033 = PLANE('',#1034);
#1034 = AXIS2_PLACEMENT_3D('',#1035,#1036,#1037);
#1035 = CARTESIAN_POINT('',(24.049469200174,8.885672976143,
    2.865160973874));
#1036 = DIRECTION('',(0.,1.,0.));
#1037 = DIRECTION('',(1.,0.,0.));
#1038 = DEFINITIONAL_REPRESENTATION('',(#1039),#1042);
#1039 = B_SPLINE_CURVE_WITH_KNOTS('',1,(#1040,#1041),.UNSPECIFIED.,.F.,
  .F.,(2,2),(8.165947186101,9.851498431243),.PIECEWISE_BEZIER_KNOTS.);
#1040 = CARTESIAN_POINT('',(2.91913245931,0.));
#1041 = CARTESIAN_POINT('',(2.91913245931,-1.685551245142));
#1042 = ( GEOMETRIC_REPRESENTATION_CONTEXT(2) 
PARAMETRIC_REPRESENTATION_CONTEXT() REPRESENTATION_CONTEXT('2D SPACE',''
  ) );
#1043 = ORIENTED_EDGE('',*,*,#1044,.T.);
#1044 = EDGE_CURVE('',#1019,#1045,#1047,.T.);
#1045 = VERTEX_POINT('',#1046);
#1046 = CARTESIAN_POINT('',(26.968601659484,8.170354844936,
    2.865160973874));
#1047 = SURFACE_CURVE('',#1048,(#1052,#1058),.PCURVE_S1.);
#1048 = LINE('',#1049,#1050);
#1049 = CARTESIAN_POINT('',(26.968601659484,5.630886891366,
    2.865160973874));
#1050 = VECTOR('',#1051,1.);
#1051 = DIRECTION('',(0.,-1.,0.));
#1052 = PCURVE('',#155,#1053);
#1053 = DEFINITIONAL_REPRESENTATION('',(#1054),#1057);
#1054 = B_SPLINE_CURVE_WITH_KNOTS('',1,(#1055,#1056),.UNSPECIFIED.,.F.,
  .F.,(2,2),(-3.254786084777,-2.539467953571),.PIECEWISE_BEZIER_KNOTS.);
#1055 = CARTESIAN_POINT('',(16.331894372201,-5.794254038348));
#1056 = CARTESIAN_POINT('',(16.331894372201,-5.078935907141));
#1057 = ( GEOMETRIC_REPRESENTATION_CONTEXT(2) 
PARAMETRIC_REPRESENTATION_CONTEXT() REPRESENTATION_CONTEXT('2D SPACE',''
  ) );
#1058 = PCURVE('',#1059,#1064);
#1059 = PLANE('',#1060);
#1060 = AXIS2_PLACEMENT_3D('',#1061,#1062,#1063);
#1061 = CARTESIAN_POINT('',(24.049469200174,8.170354844936,
    2.865160973874));
#1062 = DIRECTION('',(0.,0.,1.));
#1063 = DIRECTION('',(1.,0.,0.));
#1064 = DEFINITIONAL_REPRESENTATION('',(#1065),#1068);
#1065 = B_SPLINE_CURVE_WITH_KNOTS('',1,(#1066,#1067),.UNSPECIFIED.,.F.,
  .F.,(2,2),(-3.254786084777,-2.539467953571),.PIECEWISE_BEZIER_KNOTS.);
#1066 = CARTESIAN_POINT('',(2.91913245931,0.715318131207));
#1067 = CARTESIAN_POINT('',(2.91913245931,0.));
#1068 = ( GEOMETRIC_REPRESENTATION_CONTEXT(2) 
PARAMETRIC_REPRESENTATION_CONTEXT() REPRESENTATION_CONTEXT('2D SPACE',''
  ) );
#1069 = ORIENTED_EDGE('',*,*,#1070,.T.);
#1070 = EDGE_CURVE('',#1045,#1071,#1073,.T.);
#1071 = VERTEX_POINT('',#1072);
#1072 = CARTESIAN_POINT('',(26.968601659484,8.170354844936,
    4.353278362807));
#1073 = SURFACE_CURVE('',#1074,(#1078,#1084),.PCURVE_S1.);
#1074 = LINE('',#1075,#1076);
#1075 = CARTESIAN_POINT('',(26.968601659484,8.170354844936,
    -5.300786212227));
#1076 = VECTOR('',#1077,1.);
#1077 = DIRECTION('',(0.,-0.,1.));
#1078 = PCURVE('',#155,#1079);
#1079 = DEFINITIONAL_REPRESENTATION('',(#1080),#1083);
#1080 = B_SPLINE_CURVE_WITH_KNOTS('',1,(#1081,#1082),.UNSPECIFIED.,.F.,
  .F.,(2,2),(8.165947186101,9.851498431243),.PIECEWISE_BEZIER_KNOTS.);
#1081 = CARTESIAN_POINT('',(16.331894372201,-5.078935907141));
#1082 = CARTESIAN_POINT('',(18.017445617344,-5.078935907141));
#1083 = ( GEOMETRIC_REPRESENTATION_CONTEXT(2) 
PARAMETRIC_REPRESENTATION_CONTEXT() REPRESENTATION_CONTEXT('2D SPACE',''
  ) );
#1084 = PCURVE('',#1085,#1090);
#1085 = PLANE('',#1086);
#1086 = AXIS2_PLACEMENT_3D('',#1087,#1088,#1089);
#1087 = CARTESIAN_POINT('',(24.049469200174,8.170354844936,
    2.865160973874));
#1088 = DIRECTION('',(0.,1.,0.));
#1089 = DIRECTION('',(1.,0.,0.));
#1090 = DEFINITIONAL_REPRESENTATION('',(#1091),#1094);
#1091 = B_SPLINE_CURVE_WITH_KNOTS('',1,(#1092,#1093),.UNSPECIFIED.,.F.,
  .F.,(2,2),(8.165947186101,9.851498431243),.PIECEWISE_BEZIER_KNOTS.);
#1092 = CARTESIAN_POINT('',(2.91913245931,0.));
#1093 = CARTESIAN_POINT('',(2.91913245931,-1.685551245142));
#1094 = ( GEOMETRIC_REPRESENTATION_CONTEXT(2) 
PARAMETRIC_REPRESENTATION_CONTEXT() REPRESENTATION_CONTEXT('2D SPACE',''
  ) );
#1095 = ORIENTED_EDGE('',*,*,#1096,.T.);
#1096 = EDGE_CURVE('',#1071,#1097,#1099,.T.);
#1097 = VERTEX_POINT('',#1098);
#1098 = CARTESIAN_POINT('',(26.968601659484,7.994172120371,
    4.353278362807));
#1099 = SURFACE_CURVE('',#1100,(#1104,#1110),.PCURVE_S1.);
#1100 = LINE('',#1101,#1102);
#1101 = CARTESIAN_POINT('',(26.968601659484,4.186197755246,
    4.353278362807));
#1102 = VECTOR('',#1103,1.);
#1103 = DIRECTION('',(0.,-1.,0.));
#1104 = PCURVE('',#155,#1105);
#1105 = DEFINITIONAL_REPRESENTATION('',(#1106),#1109);
#1106 = B_SPLINE_CURVE_WITH_KNOTS('',1,(#1107,#1108),.UNSPECIFIED.,.F.,
  .F.,(2,2),(-3.98415708969,-3.807974365124),.PIECEWISE_BEZIER_KNOTS.);
#1107 = CARTESIAN_POINT('',(17.820011761135,-5.078935907141));
#1108 = CARTESIAN_POINT('',(17.820011761135,-4.902753182576));
#1109 = ( GEOMETRIC_REPRESENTATION_CONTEXT(2) 
PARAMETRIC_REPRESENTATION_CONTEXT() REPRESENTATION_CONTEXT('2D SPACE',''
  ) );
#1110 = PCURVE('',#1111,#1116);
#1111 = PLANE('',#1112);
#1112 = AXIS2_PLACEMENT_3D('',#1113,#1114,#1115);
#1113 = CARTESIAN_POINT('',(24.84369693729,5.280976572698,4.353278362807
    ));
#1114 = DIRECTION('',(0.,0.,1.));
#1115 = DIRECTION('',(1.,0.,0.));
#1116 = DEFINITIONAL_REPRESENTATION('',(#1117),#1120);
#1117 = B_SPLINE_CURVE_WITH_KNOTS('',1,(#1118,#1119),.UNSPECIFIED.,.F.,
  .F.,(2,2),(-3.98415708969,-3.807974365124),.PIECEWISE_BEZIER_KNOTS.);
#1118 = CARTESIAN_POINT('',(2.124904722194,2.889378272238));
#1119 = CARTESIAN_POINT('',(2.124904722194,2.713195547673));
#1120 = ( GEOMETRIC_REPRESENTATION_CONTEXT(2) 
PARAMETRIC_REPRESENTATION_CONTEXT() REPRESENTATION_CONTEXT('2D SPACE',''
  ) );
#1121 = ORIENTED_EDGE('',*,*,#1122,.F.);
#1122 = EDGE_CURVE('',#1123,#1097,#1125,.T.);
#1123 = VERTEX_POINT('',#1124);
#1124 = CARTESIAN_POINT('',(26.968601659484,7.994172120371,
    1.132769815474));
#1125 = SURFACE_CURVE('',#1126,(#1130,#1136),.PCURVE_S1.);
#1126 = LINE('',#1127,#1128);
#1127 = CARTESIAN_POINT('',(26.968601659484,7.994172120371,
    -6.166981791427));
#1128 = VECTOR('',#1129,1.);
#1129 = DIRECTION('',(0.,-0.,1.));
#1130 = PCURVE('',#155,#1131);
#1131 = DEFINITIONAL_REPRESENTATION('',(#1132),#1135);
#1132 = B_SPLINE_CURVE_WITH_KNOTS('',1,(#1133,#1134),.UNSPECIFIED.,.F.,
  .F.,(2,2),(7.299751606901,10.539460723364),.PIECEWISE_BEZIER_KNOTS.);
#1133 = CARTESIAN_POINT('',(14.599503213801,-4.902753182576));
#1134 = CARTESIAN_POINT('',(17.839212330264,-4.902753182576));
#1135 = ( GEOMETRIC_REPRESENTATION_CONTEXT(2) 
PARAMETRIC_REPRESENTATION_CONTEXT() REPRESENTATION_CONTEXT('2D SPACE',''
  ) );
#1136 = PCURVE('',#1137,#1142);
#1137 = PLANE('',#1138);
#1138 = AXIS2_PLACEMENT_3D('',#1139,#1140,#1141);
#1139 = CARTESIAN_POINT('',(24.376649785289,7.994172120371,
    1.132769815474));
#1140 = DIRECTION('',(0.,1.,0.));
#1141 = DIRECTION('',(1.,0.,0.));
#1142 = DEFINITIONAL_REPRESENTATION('',(#1143),#1146);
#1143 = B_SPLINE_CURVE_WITH_KNOTS('',1,(#1144,#1145),.UNSPECIFIED.,.F.,
  .F.,(2,2),(7.299751606901,10.539460723364),.PIECEWISE_BEZIER_KNOTS.);
#1144 = CARTESIAN_POINT('',(2.591951874195,0.));
#1145 = CARTESIAN_POINT('',(2.591951874195,-3.239709116463));
#1146 = ( GEOMETRIC_REPRESENTATION_CONTEXT(2) 
PARAMETRIC_REPRESENTATION_CONTEXT() REPRESENTATION_CONTEXT('2D SPACE',''
  ) );
#1147 = ORIENTED_EDGE('',*,*,#1148,.T.);
#1148 = EDGE_CURVE('',#1123,#809,#1149,.T.);
#1149 = SURFACE_CURVE('',#1150,(#1154,#1160),.PCURVE_S1.);
#1150 = LINE('',#1151,#1152);
#1151 = CARTESIAN_POINT('',(26.968601659484,5.148912365583,
    1.132769815474));
#1152 = VECTOR('',#1153,1.);
#1153 = DIRECTION('',(0.,-1.,0.));
#1154 = PCURVE('',#155,#1155);
#1155 = DEFINITIONAL_REPRESENTATION('',(#1156),#1159);
#1156 = B_SPLINE_CURVE_WITH_KNOTS('',1,(#1157,#1158),.UNSPECIFIED.,.F.,
  .F.,(2,2),(-2.845259754788,-2.057493427788),.PIECEWISE_BEZIER_KNOTS.);
#1157 = CARTESIAN_POINT('',(14.599503213801,-4.902753182576));
#1158 = CARTESIAN_POINT('',(14.599503213801,-4.114986855576));
#1159 = ( GEOMETRIC_REPRESENTATION_CONTEXT(2) 
PARAMETRIC_REPRESENTATION_CONTEXT() REPRESENTATION_CONTEXT('2D SPACE',''
  ) );
#1160 = PCURVE('',#1161,#1166);
#1161 = PLANE('',#1162);
#1162 = AXIS2_PLACEMENT_3D('',#1163,#1164,#1165);
#1163 = CARTESIAN_POINT('',(24.376649785289,7.206405793371,
    1.132769815474));
#1164 = DIRECTION('',(0.,0.,1.));
#1165 = DIRECTION('',(1.,0.,0.));
#1166 = DEFINITIONAL_REPRESENTATION('',(#1167),#1170);
#1167 = B_SPLINE_CURVE_WITH_KNOTS('',1,(#1168,#1169),.UNSPECIFIED.,.F.,
  .F.,(2,2),(-2.845259754788,-2.057493427788),.PIECEWISE_BEZIER_KNOTS.);
#1168 = CARTESIAN_POINT('',(2.591951874195,0.787766327));
#1169 = CARTESIAN_POINT('',(2.591951874195,0.));
#1170 = ( GEOMETRIC_REPRESENTATION_CONTEXT(2) 
PARAMETRIC_REPRESENTATION_CONTEXT() REPRESENTATION_CONTEXT('2D SPACE',''
  ) );
#1171 = ADVANCED_FACE('',(#1172),#229,.T.);
#1172 = FACE_BOUND('',#1173,.T.);
#1173 = EDGE_LOOP('',(#1174,#1175,#1194,#1195));
#1174 = ORIENTED_EDGE('',*,*,#471,.F.);
#1175 = ORIENTED_EDGE('',*,*,#1176,.F.);
#1176 = EDGE_CURVE('',#212,#472,#1177,.T.);
#1177 = SURFACE_CURVE('',#1178,(#1182,#1188),.PCURVE_S1.);
#1178 = LINE('',#1179,#1180);
#1179 = CARTESIAN_POINT('',(14.917952412104,24.200049228312,
    -1.987956137049));
#1180 = VECTOR('',#1181,1.);
#1181 = DIRECTION('',(0.,0.,-1.));
#1182 = PCURVE('',#229,#1183);
#1183 = DEFINITIONAL_REPRESENTATION('',(#1184),#1187);
#1184 = B_SPLINE_CURVE_WITH_KNOTS('',1,(#1185,#1186),.UNSPECIFIED.,.F.,
  .F.,(2,2),(-11.47877726127,-1.987956137049),.PIECEWISE_BEZIER_KNOTS.);
#1185 = CARTESIAN_POINT('',(22.957554522557,4.352415054562));
#1186 = CARTESIAN_POINT('',(13.466733398328,4.352415054562));
#1187 = ( GEOMETRIC_REPRESENTATION_CONTEXT(2) 
PARAMETRIC_REPRESENTATION_CONTEXT() REPRESENTATION_CONTEXT('2D SPACE',''
  ) );
#1188 = PCURVE('',#257,#1189);
#1189 = DEFINITIONAL_REPRESENTATION('',(#1190),#1193);
#1190 = B_SPLINE_CURVE_WITH_KNOTS('',1,(#1191,#1192),.UNSPECIFIED.,.F.,
  .F.,(2,2),(-11.47877726127,-1.987956137049),.PIECEWISE_BEZIER_KNOTS.);
#1191 = CARTESIAN_POINT('',(1.419919543038,0.));
#1192 = CARTESIAN_POINT('',(1.419919543038,-9.490821124229));
#1193 = ( GEOMETRIC_REPRESENTATION_CONTEXT(2) 
PARAMETRIC_REPRESENTATION_CONTEXT() REPRESENTATION_CONTEXT('2D SPACE',''
  ) );
#1194 = ORIENTED_EDGE('',*,*,#211,.T.);
#1195 = ORIENTED_EDGE('',*,*,#1196,.F.);
#1196 = EDGE_CURVE('',#474,#214,#1197,.T.);
#1197 = SURFACE_CURVE('',#1198,(#1202,#1208),.PCURVE_S1.);
#1198 = LINE('',#1199,#1200);
#1199 = CARTESIAN_POINT('',(16.876043330869,24.200049228312,
    -9.35689102026));
#1200 = VECTOR('',#1201,1.);
#1201 = DIRECTION('',(0.,0.,1.));
#1202 = PCURVE('',#229,#1203);
#1203 = DEFINITIONAL_REPRESENTATION('',(#1204),#1207);
#1204 = B_SPLINE_CURVE_WITH_KNOTS('',1,(#1205,#1206),.UNSPECIFIED.,.F.,
  .F.,(2,2),(4.109842378068,18.847712144489),.PIECEWISE_BEZIER_KNOTS.);
#1205 = CARTESIAN_POINT('',(8.219684756135,6.310505973327));
#1206 = CARTESIAN_POINT('',(22.957554522557,6.310505973327));
#1207 = ( GEOMETRIC_REPRESENTATION_CONTEXT(2) 
PARAMETRIC_REPRESENTATION_CONTEXT() REPRESENTATION_CONTEXT('2D SPACE',''
  ) );
#1208 = PCURVE('',#410,#1209);
#1209 = DEFINITIONAL_REPRESENTATION('',(#1210),#1213);
#1210 = B_SPLINE_CURVE_WITH_KNOTS('',1,(#1211,#1212),.UNSPECIFIED.,.F.,
  .F.,(2,2),(4.109842378068,18.847712144489),.PIECEWISE_BEZIER_KNOTS.);
#1211 = CARTESIAN_POINT('',(0.,-8.180573339757));
#1212 = CARTESIAN_POINT('',(14.737869766422,-8.180573339757));
#1213 = ( GEOMETRIC_REPRESENTATION_CONTEXT(2) 
PARAMETRIC_REPRESENTATION_CONTEXT() REPRESENTATION_CONTEXT('2D SPACE',''
  ) );
#1214 = ADVANCED_FACE('',(#1215),#410,.F.);
#1215 = FACE_BOUND('',#1216,.F.);
#1216 = EDGE_LOOP('',(#1217,#1245,#1271,#1299,#1327,#1348,#1349,#1350,
    #1351,#1372,#1398,#1424));
#1217 = ORIENTED_EDGE('',*,*,#1218,.F.);
#1218 = EDGE_CURVE('',#1219,#1221,#1223,.T.);
#1219 = VERTEX_POINT('',#1220);
#1220 = CARTESIAN_POINT('',(16.876043330869,31.482077447578,
    36.579546199465));
#1221 = VERTEX_POINT('',#1222);
#1222 = CARTESIAN_POINT('',(16.876043330869,31.482077447578,35.));
#1223 = SURFACE_CURVE('',#1224,(#1228,#1234),.PCURVE_S1.);
#1224 = LINE('',#1225,#1226);
#1225 = CARTESIAN_POINT('',(16.876043330869,31.482077447578,
    -5.186588249203));
#1226 = VECTOR('',#1227,1.);
#1227 = DIRECTION('',(-0.,0.,-1.));
#1228 = PCURVE('',#410,#1229);
#1229 = DEFINITIONAL_REPRESENTATION('',(#1230),#1233);
#1230 = B_SPLINE_CURVE_WITH_KNOTS('',1,(#1231,#1232),.UNSPECIFIED.,.F.,
  .F.,(2,2),(-41.76613444866,-6.04603929894E-02),
  .PIECEWISE_BEZIER_KNOTS.);
#1231 = CARTESIAN_POINT('',(41.826594841658,-15.46260155902));
#1232 = CARTESIAN_POINT('',(0.120920785979,-15.46260155902));
#1233 = ( GEOMETRIC_REPRESENTATION_CONTEXT(2) 
PARAMETRIC_REPRESENTATION_CONTEXT() REPRESENTATION_CONTEXT('2D SPACE',''
  ) );
#1234 = PCURVE('',#1235,#1240);
#1235 = PLANE('',#1236);
#1236 = AXIS2_PLACEMENT_3D('',#1237,#1238,#1239);
#1237 = CARTESIAN_POINT('',(15.659747950026,31.482077447578,
    -5.126127856214));
#1238 = DIRECTION('',(-0.,1.,0.));
#1239 = DIRECTION('',(0.,0.,1.));
#1240 = DEFINITIONAL_REPRESENTATION('',(#1241),#1244);
#1241 = B_SPLINE_CURVE_WITH_KNOTS('',1,(#1242,#1243),.UNSPECIFIED.,.F.,
  .F.,(2,2),(-41.76613444866,-6.04603929894E-02),
  .PIECEWISE_BEZIER_KNOTS.);
#1242 = CARTESIAN_POINT('',(41.705674055679,1.216295380843));
#1243 = CARTESIAN_POINT('',(0.,1.216295380843));
#1244 = ( GEOMETRIC_REPRESENTATION_CONTEXT(2) 
PARAMETRIC_REPRESENTATION_CONTEXT() REPRESENTATION_CONTEXT('2D SPACE',''
  ) );
#1245 = ORIENTED_EDGE('',*,*,#1246,.T.);
#1246 = EDGE_CURVE('',#1219,#1247,#1249,.T.);
#1247 = VERTEX_POINT('',#1248);
#1248 = CARTESIAN_POINT('',(16.876043330869,31.794455684021,
    36.579546199465));
#1249 = SURFACE_CURVE('',#1250,(#1254,#1260),.PCURVE_S1.);
#1250 = LINE('',#1251,#1252);
#1251 = CARTESIAN_POINT('',(16.876043330869,23.750776668066,
    36.579546199465));
#1252 = VECTOR('',#1253,1.);
#1253 = DIRECTION('',(-0.,1.,0.));
#1254 = PCURVE('',#410,#1255);
#1255 = DEFINITIONAL_REPRESENTATION('',(#1256),#1259);
#1256 = B_SPLINE_CURVE_WITH_KNOTS('',1,(#1257,#1258),.UNSPECIFIED.,.F.,
  .F.,(2,2),(7.731300779511,8.043679015954),.PIECEWISE_BEZIER_KNOTS.);
#1257 = CARTESIAN_POINT('',(41.826594841658,-15.46260155902));
#1258 = CARTESIAN_POINT('',(41.826594841658,-15.77497979546));
#1259 = ( GEOMETRIC_REPRESENTATION_CONTEXT(2) 
PARAMETRIC_REPRESENTATION_CONTEXT() REPRESENTATION_CONTEXT('2D SPACE',''
  ) );
#1260 = PCURVE('',#1261,#1266);
#1261 = PLANE('',#1262);
#1262 = AXIS2_PLACEMENT_3D('',#1263,#1264,#1265);
#1263 = CARTESIAN_POINT('',(15.659747950026,31.482077447578,
    36.579546199465));
#1264 = DIRECTION('',(0.,0.,1.));
#1265 = DIRECTION('',(1.,0.,-0.));
#1266 = DEFINITIONAL_REPRESENTATION('',(#1267),#1270);
#1267 = B_SPLINE_CURVE_WITH_KNOTS('',1,(#1268,#1269),.UNSPECIFIED.,.F.,
  .F.,(2,2),(7.731300779511,8.043679015954),.PIECEWISE_BEZIER_KNOTS.);
#1268 = CARTESIAN_POINT('',(1.216295380843,0.));
#1269 = CARTESIAN_POINT('',(1.216295380843,0.312378236443));
#1270 = ( GEOMETRIC_REPRESENTATION_CONTEXT(2) 
PARAMETRIC_REPRESENTATION_CONTEXT() REPRESENTATION_CONTEXT('2D SPACE',''
  ) );
#1271 = ORIENTED_EDGE('',*,*,#1272,.T.);
#1272 = EDGE_CURVE('',#1247,#1273,#1275,.T.);
#1273 = VERTEX_POINT('',#1274);
#1274 = CARTESIAN_POINT('',(16.876043330869,31.794455684021,
    45.265717903365));
#1275 = SURFACE_CURVE('',#1276,(#1280,#1287),.PCURVE_S1.);
#1276 = LINE('',#1277,#1278);
#1277 = CARTESIAN_POINT('',(16.876043330869,31.794455684021,
    -5.247048642192));
#1278 = VECTOR('',#1279,1.);
#1279 = DIRECTION('',(0.,0.,1.));
#1280 = PCURVE('',#410,#1281);
#1281 = DEFINITIONAL_REPRESENTATION('',(#1282),#1286);
#1282 = LINE('',#1283,#1284);
#1283 = CARTESIAN_POINT('',(0.,-15.77497979546));
#1284 = VECTOR('',#1285,1.);
#1285 = DIRECTION('',(1.,0.));
#1286 = ( GEOMETRIC_REPRESENTATION_CONTEXT(2) 
PARAMETRIC_REPRESENTATION_CONTEXT() REPRESENTATION_CONTEXT('2D SPACE',''
  ) );
#1287 = PCURVE('',#1288,#1293);
#1288 = PLANE('',#1289);
#1289 = AXIS2_PLACEMENT_3D('',#1290,#1291,#1292);
#1290 = CARTESIAN_POINT('',(16.876043330869,31.794455684021,
    -5.247048642192));
#1291 = DIRECTION('',(-0.,1.,0.));
#1292 = DIRECTION('',(0.,0.,1.));
#1293 = DEFINITIONAL_REPRESENTATION('',(#1294),#1298);
#1294 = LINE('',#1295,#1296);
#1295 = CARTESIAN_POINT('',(0.,0.));
#1296 = VECTOR('',#1297,1.);
#1297 = DIRECTION('',(1.,0.));
#1298 = ( GEOMETRIC_REPRESENTATION_CONTEXT(2) 
PARAMETRIC_REPRESENTATION_CONTEXT() REPRESENTATION_CONTEXT('2D SPACE',''
  ) );
#1299 = ORIENTED_EDGE('',*,*,#1300,.F.);
#1300 = EDGE_CURVE('',#1301,#1273,#1303,.T.);
#1301 = VERTEX_POINT('',#1302);
#1302 = CARTESIAN_POINT('',(16.876043330869,16.019475888555,
    45.265717903365));
#1303 = SURFACE_CURVE('',#1304,(#1308,#1315),.PCURVE_S1.);
#1304 = LINE('',#1305,#1306);
#1305 = CARTESIAN_POINT('',(16.876043330869,16.019475888555,
    45.265717903365));
#1306 = VECTOR('',#1307,1.);
#1307 = DIRECTION('',(-0.,1.,0.));
#1308 = PCURVE('',#410,#1309);
#1309 = DEFINITIONAL_REPRESENTATION('',(#1310),#1314);
#1310 = LINE('',#1311,#1312);
#1311 = CARTESIAN_POINT('',(50.512766545558,0.));
#1312 = VECTOR('',#1313,1.);
#1313 = DIRECTION('',(0.,-1.));
#1314 = ( GEOMETRIC_REPRESENTATION_CONTEXT(2) 
PARAMETRIC_REPRESENTATION_CONTEXT() REPRESENTATION_CONTEXT('2D SPACE',''
  ) );
#1315 = PCURVE('',#1316,#1321);
#1316 = PLANE('',#1317);
#1317 = AXIS2_PLACEMENT_3D('',#1318,#1319,#1320);
#1318 = CARTESIAN_POINT('',(16.876043330869,16.019475888555,
    45.265717903365));
#1319 = DIRECTION('',(0.,0.,1.));
#1320 = DIRECTION('',(1.,0.,-0.));
#1321 = DEFINITIONAL_REPRESENTATION('',(#1322),#1326);
#1322 = LINE('',#1323,#1324);
#1323 = CARTESIAN_POINT('',(0.,0.));
#1324 = VECTOR('',#1325,1.);
#1325 = DIRECTION('',(0.,1.));
#1326 = ( GEOMETRIC_REPRESENTATION_CONTEXT(2) 
PARAMETRIC_REPRESENTATION_CONTEXT() REPRESENTATION_CONTEXT('2D SPACE',''
  ) );
#1327 = ORIENTED_EDGE('',*,*,#1328,.F.);
#1328 = EDGE_CURVE('',#372,#1301,#1329,.T.);
#1329 = SURFACE_CURVE('',#1330,(#1334,#1341),.PCURVE_S1.);
#1330 = LINE('',#1331,#1332);
#1331 = CARTESIAN_POINT('',(16.876043330869,16.019475888555,
    -5.247048642192));
#1332 = VECTOR('',#1333,1.);
#1333 = DIRECTION('',(0.,0.,1.));
#1334 = PCURVE('',#410,#1335);
#1335 = DEFINITIONAL_REPRESENTATION('',(#1336),#1340);
#1336 = LINE('',#1337,#1338);
#1337 = CARTESIAN_POINT('',(0.,0.));
#1338 = VECTOR('',#1339,1.);
#1339 = DIRECTION('',(1.,0.));
#1340 = ( GEOMETRIC_REPRESENTATION_CONTEXT(2) 
PARAMETRIC_REPRESENTATION_CONTEXT() REPRESENTATION_CONTEXT('2D SPACE',''
  ) );
#1341 = PCURVE('',#386,#1342);
#1342 = DEFINITIONAL_REPRESENTATION('',(#1343),#1347);
#1343 = LINE('',#1344,#1345);
#1344 = CARTESIAN_POINT('',(0.,0.));
#1345 = VECTOR('',#1346,1.);
#1346 = DIRECTION('',(1.,0.));
#1347 = ( GEOMETRIC_REPRESENTATION_CONTEXT(2) 
PARAMETRIC_REPRESENTATION_CONTEXT() REPRESENTATION_CONTEXT('2D SPACE',''
  ) );
#1348 = ORIENTED_EDGE('',*,*,#397,.F.);
#1349 = ORIENTED_EDGE('',*,*,#1196,.F.);
#1350 = ORIENTED_EDGE('',*,*,#656,.F.);
#1351 = ORIENTED_EDGE('',*,*,#1352,.T.);
#1352 = EDGE_CURVE('',#629,#1353,#1355,.T.);
#1353 = VERTEX_POINT('',#1354);
#1354 = CARTESIAN_POINT('',(16.876043330869,25.,15.));
#1355 = SURFACE_CURVE('',#1356,(#1360,#1366),.PCURVE_S1.);
#1356 = LINE('',#1357,#1358);
#1357 = CARTESIAN_POINT('',(16.876043330869,25.,-2.623524321096));
#1358 = VECTOR('',#1359,1.);
#1359 = DIRECTION('',(0.,0.,1.));
#1360 = PCURVE('',#410,#1361);
#1361 = DEFINITIONAL_REPRESENTATION('',(#1362),#1365);
#1362 = B_SPLINE_CURVE_WITH_KNOTS('',1,(#1363,#1364),.UNSPECIFIED.,.F.,
  .F.,(2,2),(2.623524321096,17.623524321096),.PIECEWISE_BEZIER_KNOTS.);
#1363 = CARTESIAN_POINT('',(5.247048642192,-8.980524111445));
#1364 = CARTESIAN_POINT('',(20.247048642192,-8.980524111445));
#1365 = ( GEOMETRIC_REPRESENTATION_CONTEXT(2) 
PARAMETRIC_REPRESENTATION_CONTEXT() REPRESENTATION_CONTEXT('2D SPACE',''
  ) );
#1366 = PCURVE('',#644,#1367);
#1367 = DEFINITIONAL_REPRESENTATION('',(#1368),#1371);
#1368 = B_SPLINE_CURVE_WITH_KNOTS('',1,(#1369,#1370),.UNSPECIFIED.,.F.,
  .F.,(2,2),(2.623524321096,17.623524321096),.PIECEWISE_BEZIER_KNOTS.);
#1369 = CARTESIAN_POINT('',(0.,6.876043330869));
#1370 = CARTESIAN_POINT('',(15.,6.876043330869));
#1371 = ( GEOMETRIC_REPRESENTATION_CONTEXT(2) 
PARAMETRIC_REPRESENTATION_CONTEXT() REPRESENTATION_CONTEXT('2D SPACE',''
  ) );
#1372 = ORIENTED_EDGE('',*,*,#1373,.F.);
#1373 = EDGE_CURVE('',#1374,#1353,#1376,.T.);
#1374 = VERTEX_POINT('',#1375);
#1375 = CARTESIAN_POINT('',(16.876043330869,27.,15.));
#1376 = SURFACE_CURVE('',#1377,(#1381,#1387),.PCURVE_S1.);
#1377 = LINE('',#1378,#1379);
#1378 = CARTESIAN_POINT('',(16.876043330869,20.509737944277,15.));
#1379 = VECTOR('',#1380,1.);
#1380 = DIRECTION('',(0.,-1.,0.));
#1381 = PCURVE('',#410,#1382);
#1382 = DEFINITIONAL_REPRESENTATION('',(#1383),#1386);
#1383 = B_SPLINE_CURVE_WITH_KNOTS('',1,(#1384,#1385),.UNSPECIFIED.,.F.,
  .F.,(2,2),(-11.28471773974,-4.490262055723),.PIECEWISE_BEZIER_KNOTS.);
#1384 = CARTESIAN_POINT('',(20.247048642192,-15.77497979546));
#1385 = CARTESIAN_POINT('',(20.247048642192,-8.980524111445));
#1386 = ( GEOMETRIC_REPRESENTATION_CONTEXT(2) 
PARAMETRIC_REPRESENTATION_CONTEXT() REPRESENTATION_CONTEXT('2D SPACE',''
  ) );
#1387 = PCURVE('',#1388,#1393);
#1388 = PLANE('',#1389);
#1389 = AXIS2_PLACEMENT_3D('',#1390,#1391,#1392);
#1390 = CARTESIAN_POINT('',(10.,25.,15.));
#1391 = DIRECTION('',(0.,0.,1.));
#1392 = DIRECTION('',(1.,0.,-0.));
#1393 = DEFINITIONAL_REPRESENTATION('',(#1394),#1397);
#1394 = B_SPLINE_CURVE_WITH_KNOTS('',1,(#1395,#1396),.UNSPECIFIED.,.F.,
  .F.,(2,2),(-11.28471773974,-4.490262055723),.PIECEWISE_BEZIER_KNOTS.);
#1395 = CARTESIAN_POINT('',(6.876043330869,6.794455684021));
#1396 = CARTESIAN_POINT('',(6.876043330869,0.));
#1397 = ( GEOMETRIC_REPRESENTATION_CONTEXT(2) 
PARAMETRIC_REPRESENTATION_CONTEXT() REPRESENTATION_CONTEXT('2D SPACE',''
  ) );
#1398 = ORIENTED_EDGE('',*,*,#1399,.T.);
#1399 = EDGE_CURVE('',#1374,#1400,#1402,.T.);
#1400 = VERTEX_POINT('',#1401);
#1401 = CARTESIAN_POINT('',(16.876043330869,27.,35.));
#1402 = SURFACE_CURVE('',#1403,(#1407,#1413),.PCURVE_S1.);
#1403 = LINE('',#1404,#1405);
#1404 = CARTESIAN_POINT('',(16.876043330869,27.,2.376475678904));
#1405 = VECTOR('',#1406,1.);
#1406 = DIRECTION('',(0.,0.,1.));
#1407 = PCURVE('',#410,#1408);
#1408 = DEFINITIONAL_REPRESENTATION('',(#1409),#1412);
#1409 = B_SPLINE_CURVE_WITH_KNOTS('',1,(#1410,#1411),.UNSPECIFIED.,.F.,
  .F.,(2,2),(7.623524321096,32.623524321096),.PIECEWISE_BEZIER_KNOTS.);
#1410 = CARTESIAN_POINT('',(15.247048642192,-10.98052411144));
#1411 = CARTESIAN_POINT('',(40.247048642192,-10.98052411144));
#1412 = ( GEOMETRIC_REPRESENTATION_CONTEXT(2) 
PARAMETRIC_REPRESENTATION_CONTEXT() REPRESENTATION_CONTEXT('2D SPACE',''
  ) );
#1413 = PCURVE('',#1414,#1419);
#1414 = PLANE('',#1415);
#1415 = AXIS2_PLACEMENT_3D('',#1416,#1417,#1418);
#1416 = CARTESIAN_POINT('',(10.,27.,10.));
#1417 = DIRECTION('',(-0.,1.,0.));
#1418 = DIRECTION('',(0.,0.,1.));
#1419 = DEFINITIONAL_REPRESENTATION('',(#1420),#1423);
#1420 = B_SPLINE_CURVE_WITH_KNOTS('',1,(#1421,#1422),.UNSPECIFIED.,.F.,
  .F.,(2,2),(7.623524321096,32.623524321096),.PIECEWISE_BEZIER_KNOTS.);
#1421 = CARTESIAN_POINT('',(0.,6.876043330869));
#1422 = CARTESIAN_POINT('',(25.,6.876043330869));
#1423 = ( GEOMETRIC_REPRESENTATION_CONTEXT(2) 
PARAMETRIC_REPRESENTATION_CONTEXT() REPRESENTATION_CONTEXT('2D SPACE',''
  ) );
#1424 = ORIENTED_EDGE('',*,*,#1425,.F.);
#1425 = EDGE_CURVE('',#1221,#1400,#1426,.T.);
#1426 = SURFACE_CURVE('',#1427,(#1431,#1437),.PCURVE_S1.);
#1427 = LINE('',#1428,#1429);
#1428 = CARTESIAN_POINT('',(16.876043330869,21.509737944277,35.));
#1429 = VECTOR('',#1430,1.);
#1430 = DIRECTION('',(0.,-1.,0.));
#1431 = PCURVE('',#410,#1432);
#1432 = DEFINITIONAL_REPRESENTATION('',(#1433),#1436);
#1433 = B_SPLINE_CURVE_WITH_KNOTS('',1,(#1434,#1435),.UNSPECIFIED.,.F.,
  .F.,(2,2),(-10.28471773974,-5.490262055723),.PIECEWISE_BEZIER_KNOTS.);
#1434 = CARTESIAN_POINT('',(40.247048642192,-15.77497979546));
#1435 = CARTESIAN_POINT('',(40.247048642192,-10.98052411144));
#1436 = ( GEOMETRIC_REPRESENTATION_CONTEXT(2) 
PARAMETRIC_REPRESENTATION_CONTEXT() REPRESENTATION_CONTEXT('2D SPACE',''
  ) );
#1437 = PCURVE('',#1438,#1443);
#1438 = PLANE('',#1439);
#1439 = AXIS2_PLACEMENT_3D('',#1440,#1441,#1442);
#1440 = CARTESIAN_POINT('',(10.,27.,35.));
#1441 = DIRECTION('',(0.,0.,1.));
#1442 = DIRECTION('',(1.,0.,-0.));
#1443 = DEFINITIONAL_REPRESENTATION('',(#1444),#1447);
#1444 = B_SPLINE_CURVE_WITH_KNOTS('',1,(#1445,#1446),.UNSPECIFIED.,.F.,
  .F.,(2,2),(-10.28471773974,-5.490262055723),.PIECEWISE_BEZIER_KNOTS.);
#1445 = CARTESIAN_POINT('',(6.876043330869,4.794455684021));
#1446 = CARTESIAN_POINT('',(6.876043330869,0.));
#1447 = ( GEOMETRIC_REPRESENTATION_CONTEXT(2) 
PARAMETRIC_REPRESENTATION_CONTEXT() REPRESENTATION_CONTEXT('2D SPACE',''
  ) );
#1448 = ADVANCED_FACE('',(#1449),#386,.F.);
#1449 = FACE_BOUND('',#1450,.F.);
#1450 = EDGE_LOOP('',(#1451,#1452,#1453,#1454,#1455,#1478,#1506,#1532));
#1451 = ORIENTED_EDGE('',*,*,#579,.F.);
#1452 = ORIENTED_EDGE('',*,*,#681,.F.);
#1453 = ORIENTED_EDGE('',*,*,#371,.F.);
#1454 = ORIENTED_EDGE('',*,*,#1328,.T.);
#1455 = ORIENTED_EDGE('',*,*,#1456,.T.);
#1456 = EDGE_CURVE('',#1301,#1457,#1459,.T.);
#1457 = VERTEX_POINT('',#1458);
#1458 = CARTESIAN_POINT('',(46.582819461275,16.019475888555,
    45.265717903365));
#1459 = SURFACE_CURVE('',#1460,(#1464,#1471),.PCURVE_S1.);
#1460 = LINE('',#1461,#1462);
#1461 = CARTESIAN_POINT('',(16.876043330869,16.019475888555,
    45.265717903365));
#1462 = VECTOR('',#1463,1.);
#1463 = DIRECTION('',(1.,0.,-0.));
#1464 = PCURVE('',#386,#1465);
#1465 = DEFINITIONAL_REPRESENTATION('',(#1466),#1470);
#1466 = LINE('',#1467,#1468);
#1467 = CARTESIAN_POINT('',(50.512766545558,0.));
#1468 = VECTOR('',#1469,1.);
#1469 = DIRECTION('',(0.,1.));
#1470 = ( GEOMETRIC_REPRESENTATION_CONTEXT(2) 
PARAMETRIC_REPRESENTATION_CONTEXT() REPRESENTATION_CONTEXT('2D SPACE',''
  ) );
#1471 = PCURVE('',#1316,#1472);
#1472 = DEFINITIONAL_REPRESENTATION('',(#1473),#1477);
#1473 = LINE('',#1474,#1475);
#1474 = CARTESIAN_POINT('',(0.,0.));
#1475 = VECTOR('',#1476,1.);
#1476 = DIRECTION('',(1.,0.));
#1477 = ( GEOMETRIC_REPRESENTATION_CONTEXT(2) 
PARAMETRIC_REPRESENTATION_CONTEXT() REPRESENTATION_CONTEXT('2D SPACE',''
  ) );
#1478 = ORIENTED_EDGE('',*,*,#1479,.F.);
#1479 = EDGE_CURVE('',#1480,#1457,#1482,.T.);
#1480 = VERTEX_POINT('',#1481);
#1481 = CARTESIAN_POINT('',(46.582819461275,16.019475888555,45.));
#1482 = SURFACE_CURVE('',#1483,(#1487,#1494),.PCURVE_S1.);
#1483 = LINE('',#1484,#1485);
#1484 = CARTESIAN_POINT('',(46.582819461275,16.019475888555,
    -5.247048642192));
#1485 = VECTOR('',#1486,1.);
#1486 = DIRECTION('',(0.,0.,1.));
#1487 = PCURVE('',#386,#1488);
#1488 = DEFINITIONAL_REPRESENTATION('',(#1489),#1493);
#1489 = LINE('',#1490,#1491);
#1490 = CARTESIAN_POINT('',(0.,29.706776130405));
#1491 = VECTOR('',#1492,1.);
#1492 = DIRECTION('',(1.,0.));
#1493 = ( GEOMETRIC_REPRESENTATION_CONTEXT(2) 
PARAMETRIC_REPRESENTATION_CONTEXT() REPRESENTATION_CONTEXT('2D SPACE',''
  ) );
#1494 = PCURVE('',#1495,#1500);
#1495 = PLANE('',#1496);
#1496 = AXIS2_PLACEMENT_3D('',#1497,#1498,#1499);
#1497 = CARTESIAN_POINT('',(46.582819461275,16.019475888555,
    -5.247048642192));
#1498 = DIRECTION('',(1.,0.,-0.));
#1499 = DIRECTION('',(0.,0.,1.));
#1500 = DEFINITIONAL_REPRESENTATION('',(#1501),#1505);
#1501 = LINE('',#1502,#1503);
#1502 = CARTESIAN_POINT('',(0.,0.));
#1503 = VECTOR('',#1504,1.);
#1504 = DIRECTION('',(1.,0.));
#1505 = ( GEOMETRIC_REPRESENTATION_CONTEXT(2) 
PARAMETRIC_REPRESENTATION_CONTEXT() REPRESENTATION_CONTEXT('2D SPACE',''
  ) );
#1506 = ORIENTED_EDGE('',*,*,#1507,.F.);
#1507 = EDGE_CURVE('',#1508,#1480,#1510,.T.);
#1508 = VERTEX_POINT('',#1509);
#1509 = CARTESIAN_POINT('',(35.,16.019475888555,45.));
#1510 = SURFACE_CURVE('',#1511,(#1515,#1521),.PCURVE_S1.);
#1511 = LINE('',#1512,#1513);
#1512 = CARTESIAN_POINT('',(25.938021665435,16.019475888555,45.));
#1513 = VECTOR('',#1514,1.);
#1514 = DIRECTION('',(1.,0.,-0.));
#1515 = PCURVE('',#386,#1516);
#1516 = DEFINITIONAL_REPRESENTATION('',(#1517),#1520);
#1517 = B_SPLINE_CURVE_WITH_KNOTS('',1,(#1518,#1519),.UNSPECIFIED.,.F.,
  .F.,(2,2),(9.061978334565,20.64479779584),.PIECEWISE_BEZIER_KNOTS.);
#1518 = CARTESIAN_POINT('',(50.247048642192,18.123956669131));
#1519 = CARTESIAN_POINT('',(50.247048642192,29.706776130405));
#1520 = ( GEOMETRIC_REPRESENTATION_CONTEXT(2) 
PARAMETRIC_REPRESENTATION_CONTEXT() REPRESENTATION_CONTEXT('2D SPACE',''
  ) );
#1521 = PCURVE('',#1522,#1527);
#1522 = PLANE('',#1523);
#1523 = AXIS2_PLACEMENT_3D('',#1524,#1525,#1526);
#1524 = CARTESIAN_POINT('',(35.,0.,45.));
#1525 = DIRECTION('',(0.,0.,1.));
#1526 = DIRECTION('',(1.,0.,-0.));
#1527 = DEFINITIONAL_REPRESENTATION('',(#1528),#1531);
#1528 = B_SPLINE_CURVE_WITH_KNOTS('',1,(#1529,#1530),.UNSPECIFIED.,.F.,
  .F.,(2,2),(9.061978334565,20.64479779584),.PIECEWISE_BEZIER_KNOTS.);
#1529 = CARTESIAN_POINT('',(0.,16.019475888555));
#1530 = CARTESIAN_POINT('',(11.582819461275,16.019475888555));
#1531 = ( GEOMETRIC_REPRESENTATION_CONTEXT(2) 
PARAMETRIC_REPRESENTATION_CONTEXT() REPRESENTATION_CONTEXT('2D SPACE',''
  ) );
#1532 = ORIENTED_EDGE('',*,*,#1533,.T.);
#1533 = EDGE_CURVE('',#1508,#580,#1534,.T.);
#1534 = SURFACE_CURVE('',#1535,(#1539,#1545),.PCURVE_S1.);
#1535 = LINE('',#1536,#1537);
#1536 = CARTESIAN_POINT('',(35.,16.019475888555,-2.623524321096));
#1537 = VECTOR('',#1538,1.);
#1538 = DIRECTION('',(-0.,0.,-1.));
#1539 = PCURVE('',#386,#1540);
#1540 = DEFINITIONAL_REPRESENTATION('',(#1541),#1544);
#1541 = B_SPLINE_CURVE_WITH_KNOTS('',1,(#1542,#1543),.UNSPECIFIED.,.F.,
  .F.,(2,2),(-47.62352432109,-2.623524321096),.PIECEWISE_BEZIER_KNOTS.);
#1542 = CARTESIAN_POINT('',(50.247048642192,18.123956669131));
#1543 = CARTESIAN_POINT('',(5.247048642192,18.123956669131));
#1544 = ( GEOMETRIC_REPRESENTATION_CONTEXT(2) 
PARAMETRIC_REPRESENTATION_CONTEXT() REPRESENTATION_CONTEXT('2D SPACE',''
  ) );
#1545 = PCURVE('',#616,#1546);
#1546 = DEFINITIONAL_REPRESENTATION('',(#1547),#1550);
#1547 = B_SPLINE_CURVE_WITH_KNOTS('',1,(#1548,#1549),.UNSPECIFIED.,.F.,
  .F.,(2,2),(-47.62352432109,-2.623524321096),.PIECEWISE_BEZIER_KNOTS.);
#1548 = CARTESIAN_POINT('',(45.,-16.01947588855));
#1549 = CARTESIAN_POINT('',(0.,-16.01947588855));
#1550 = ( GEOMETRIC_REPRESENTATION_CONTEXT(2) 
PARAMETRIC_REPRESENTATION_CONTEXT() REPRESENTATION_CONTEXT('2D SPACE',''
  ) );
#1551 = ADVANCED_FACE('',(#1552),#313,.F.);
#1552 = FACE_BOUND('',#1553,.F.);
#1553 = EDGE_LOOP('',(#1554,#1555,#1556,#1557));
#1554 = ORIENTED_EDGE('',*,*,#297,.F.);
#1555 = ORIENTED_EDGE('',*,*,#447,.T.);
#1556 = ORIENTED_EDGE('',*,*,#536,.T.);
#1557 = ORIENTED_EDGE('',*,*,#1558,.F.);
#1558 = EDGE_CURVE('',#270,#516,#1559,.T.);
#1559 = SURFACE_CURVE('',#1560,(#1564,#1571),.PCURVE_S1.);
#1560 = LINE('',#1561,#1562);
#1561 = CARTESIAN_POINT('',(13.331543449128,21.000276880216,
    9.490821124229));
#1562 = VECTOR('',#1563,1.);
#1563 = DIRECTION('',(0.,0.,-1.));
#1564 = PCURVE('',#313,#1565);
#1565 = DEFINITIONAL_REPRESENTATION('',(#1566),#1570);
#1566 = LINE('',#1567,#1568);
#1567 = CARTESIAN_POINT('',(2.42337692763,0.));
#1568 = VECTOR('',#1569,1.);
#1569 = DIRECTION('',(0.,-1.));
#1570 = ( GEOMETRIC_REPRESENTATION_CONTEXT(2) 
PARAMETRIC_REPRESENTATION_CONTEXT() REPRESENTATION_CONTEXT('2D SPACE',''
  ) );
#1571 = PCURVE('',#285,#1572);
#1572 = DEFINITIONAL_REPRESENTATION('',(#1573),#1577);
#1573 = LINE('',#1574,#1575);
#1574 = CARTESIAN_POINT('',(0.,0.));
#1575 = VECTOR('',#1576,1.);
#1576 = DIRECTION('',(0.,-1.));
#1577 = ( GEOMETRIC_REPRESENTATION_CONTEXT(2) 
PARAMETRIC_REPRESENTATION_CONTEXT() REPRESENTATION_CONTEXT('2D SPACE',''
  ) );
#1578 = ADVANCED_FACE('',(#1579),#285,.F.);
#1579 = FACE_BOUND('',#1580,.F.);
#1580 = EDGE_LOOP('',(#1581,#1582,#1583,#1584));
#1581 = ORIENTED_EDGE('',*,*,#269,.F.);
#1582 = ORIENTED_EDGE('',*,*,#1558,.T.);
#1583 = ORIENTED_EDGE('',*,*,#515,.T.);
#1584 = ORIENTED_EDGE('',*,*,#1585,.F.);
#1585 = EDGE_CURVE('',#242,#495,#1586,.T.);
#1586 = SURFACE_CURVE('',#1587,(#1591,#1598),.PCURVE_S1.);
#1587 = LINE('',#1588,#1589);
#1588 = CARTESIAN_POINT('',(14.974955668728,22.781274356306,
    9.490821124229));
#1589 = VECTOR('',#1590,1.);
#1590 = DIRECTION('',(0.,0.,-1.));
#1591 = PCURVE('',#285,#1592);
#1592 = DEFINITIONAL_REPRESENTATION('',(#1593),#1597);
#1593 = LINE('',#1594,#1595);
#1594 = CARTESIAN_POINT('',(2.42337692763,0.));
#1595 = VECTOR('',#1596,1.);
#1596 = DIRECTION('',(0.,-1.));
#1597 = ( GEOMETRIC_REPRESENTATION_CONTEXT(2) 
PARAMETRIC_REPRESENTATION_CONTEXT() REPRESENTATION_CONTEXT('2D SPACE',''
  ) );
#1598 = PCURVE('',#257,#1599);
#1599 = DEFINITIONAL_REPRESENTATION('',(#1600),#1604);
#1600 = LINE('',#1601,#1602);
#1601 = CARTESIAN_POINT('',(0.,0.));
#1602 = VECTOR('',#1603,1.);
#1603 = DIRECTION('',(0.,-1.));
#1604 = ( GEOMETRIC_REPRESENTATION_CONTEXT(2) 
PARAMETRIC_REPRESENTATION_CONTEXT() REPRESENTATION_CONTEXT('2D SPACE',''
  ) );
#1605 = ADVANCED_FACE('',(#1606),#257,.F.);
#1606 = FACE_BOUND('',#1607,.F.);
#1607 = EDGE_LOOP('',(#1608,#1609,#1610,#1611));
#1608 = ORIENTED_EDGE('',*,*,#241,.F.);
#1609 = ORIENTED_EDGE('',*,*,#1585,.T.);
#1610 = ORIENTED_EDGE('',*,*,#494,.T.);
#1611 = ORIENTED_EDGE('',*,*,#1176,.F.);
#1612 = ADVANCED_FACE('',(#1613),#644,.T.);
#1613 = FACE_BOUND('',#1614,.T.);
#1614 = EDGE_LOOP('',(#1615,#1616,#1617,#1640));
#1615 = ORIENTED_EDGE('',*,*,#628,.F.);
#1616 = ORIENTED_EDGE('',*,*,#1352,.T.);
#1617 = ORIENTED_EDGE('',*,*,#1618,.T.);
#1618 = EDGE_CURVE('',#1353,#1619,#1621,.T.);
#1619 = VERTEX_POINT('',#1620);
#1620 = CARTESIAN_POINT('',(35.,25.,15.));
#1621 = SURFACE_CURVE('',#1622,(#1626,#1633),.PCURVE_S1.);
#1622 = LINE('',#1623,#1624);
#1623 = CARTESIAN_POINT('',(10.,25.,15.));
#1624 = VECTOR('',#1625,1.);
#1625 = DIRECTION('',(1.,0.,-0.));
#1626 = PCURVE('',#644,#1627);
#1627 = DEFINITIONAL_REPRESENTATION('',(#1628),#1632);
#1628 = LINE('',#1629,#1630);
#1629 = CARTESIAN_POINT('',(15.,0.));
#1630 = VECTOR('',#1631,1.);
#1631 = DIRECTION('',(0.,1.));
#1632 = ( GEOMETRIC_REPRESENTATION_CONTEXT(2) 
PARAMETRIC_REPRESENTATION_CONTEXT() REPRESENTATION_CONTEXT('2D SPACE',''
  ) );
#1633 = PCURVE('',#1388,#1634);
#1634 = DEFINITIONAL_REPRESENTATION('',(#1635),#1639);
#1635 = LINE('',#1636,#1637);
#1636 = CARTESIAN_POINT('',(0.,0.));
#1637 = VECTOR('',#1638,1.);
#1638 = DIRECTION('',(1.,0.));
#1639 = ( GEOMETRIC_REPRESENTATION_CONTEXT(2) 
PARAMETRIC_REPRESENTATION_CONTEXT() REPRESENTATION_CONTEXT('2D SPACE',''
  ) );
#1640 = ORIENTED_EDGE('',*,*,#1641,.F.);
#1641 = EDGE_CURVE('',#601,#1619,#1642,.T.);
#1642 = SURFACE_CURVE('',#1643,(#1647,#1653),.PCURVE_S1.);
#1643 = LINE('',#1644,#1645);
#1644 = CARTESIAN_POINT('',(35.,25.,0.));
#1645 = VECTOR('',#1646,1.);
#1646 = DIRECTION('',(0.,0.,1.));
#1647 = PCURVE('',#644,#1648);
#1648 = DEFINITIONAL_REPRESENTATION('',(#1649),#1652);
#1649 = B_SPLINE_CURVE_WITH_KNOTS('',1,(#1650,#1651),.UNSPECIFIED.,.F.,
  .F.,(2,2),(0.,15.),.PIECEWISE_BEZIER_KNOTS.);
#1650 = CARTESIAN_POINT('',(0.,25.));
#1651 = CARTESIAN_POINT('',(15.,25.));
#1652 = ( GEOMETRIC_REPRESENTATION_CONTEXT(2) 
PARAMETRIC_REPRESENTATION_CONTEXT() REPRESENTATION_CONTEXT('2D SPACE',''
  ) );
#1653 = PCURVE('',#616,#1654);
#1654 = DEFINITIONAL_REPRESENTATION('',(#1655),#1658);
#1655 = B_SPLINE_CURVE_WITH_KNOTS('',1,(#1656,#1657),.UNSPECIFIED.,.F.,
  .F.,(2,2),(0.,15.),.PIECEWISE_BEZIER_KNOTS.);
#1656 = CARTESIAN_POINT('',(0.,-25.));
#1657 = CARTESIAN_POINT('',(15.,-25.));
#1658 = ( GEOMETRIC_REPRESENTATION_CONTEXT(2) 
PARAMETRIC_REPRESENTATION_CONTEXT() REPRESENTATION_CONTEXT('2D SPACE',''
  ) );
#1659 = ADVANCED_FACE('',(#1660),#616,.T.);
#1660 = FACE_BOUND('',#1661,.T.);
#1661 = EDGE_LOOP('',(#1662,#1685,#1686,#1687,#1688,#1709,#1732));
#1662 = ORIENTED_EDGE('',*,*,#1663,.F.);
#1663 = EDGE_CURVE('',#1508,#1664,#1666,.T.);
#1664 = VERTEX_POINT('',#1665);
#1665 = CARTESIAN_POINT('',(35.,27.,45.));
#1666 = SURFACE_CURVE('',#1667,(#1671,#1678),.PCURVE_S1.);
#1667 = LINE('',#1668,#1669);
#1668 = CARTESIAN_POINT('',(35.,0.,45.));
#1669 = VECTOR('',#1670,1.);
#1670 = DIRECTION('',(-0.,1.,0.));
#1671 = PCURVE('',#616,#1672);
#1672 = DEFINITIONAL_REPRESENTATION('',(#1673),#1677);
#1673 = LINE('',#1674,#1675);
#1674 = CARTESIAN_POINT('',(45.,0.));
#1675 = VECTOR('',#1676,1.);
#1676 = DIRECTION('',(0.,-1.));
#1677 = ( GEOMETRIC_REPRESENTATION_CONTEXT(2) 
PARAMETRIC_REPRESENTATION_CONTEXT() REPRESENTATION_CONTEXT('2D SPACE',''
  ) );
#1678 = PCURVE('',#1522,#1679);
#1679 = DEFINITIONAL_REPRESENTATION('',(#1680),#1684);
#1680 = LINE('',#1681,#1682);
#1681 = CARTESIAN_POINT('',(0.,0.));
#1682 = VECTOR('',#1683,1.);
#1683 = DIRECTION('',(0.,1.));
#1684 = ( GEOMETRIC_REPRESENTATION_CONTEXT(2) 
PARAMETRIC_REPRESENTATION_CONTEXT() REPRESENTATION_CONTEXT('2D SPACE',''
  ) );
#1685 = ORIENTED_EDGE('',*,*,#1533,.T.);
#1686 = ORIENTED_EDGE('',*,*,#600,.T.);
#1687 = ORIENTED_EDGE('',*,*,#1641,.T.);
#1688 = ORIENTED_EDGE('',*,*,#1689,.F.);
#1689 = EDGE_CURVE('',#1690,#1619,#1692,.T.);
#1690 = VERTEX_POINT('',#1691);
#1691 = CARTESIAN_POINT('',(35.,27.,15.));
#1692 = SURFACE_CURVE('',#1693,(#1697,#1703),.PCURVE_S1.);
#1693 = LINE('',#1694,#1695);
#1694 = CARTESIAN_POINT('',(35.,12.5,15.));
#1695 = VECTOR('',#1696,1.);
#1696 = DIRECTION('',(0.,-1.,0.));
#1697 = PCURVE('',#616,#1698);
#1698 = DEFINITIONAL_REPRESENTATION('',(#1699),#1702);
#1699 = B_SPLINE_CURVE_WITH_KNOTS('',1,(#1700,#1701),.UNSPECIFIED.,.F.,
  .F.,(2,2),(-14.5,-12.5),.PIECEWISE_BEZIER_KNOTS.);
#1700 = CARTESIAN_POINT('',(15.,-27.));
#1701 = CARTESIAN_POINT('',(15.,-25.));
#1702 = ( GEOMETRIC_REPRESENTATION_CONTEXT(2) 
PARAMETRIC_REPRESENTATION_CONTEXT() REPRESENTATION_CONTEXT('2D SPACE',''
  ) );
#1703 = PCURVE('',#1388,#1704);
#1704 = DEFINITIONAL_REPRESENTATION('',(#1705),#1708);
#1705 = B_SPLINE_CURVE_WITH_KNOTS('',1,(#1706,#1707),.UNSPECIFIED.,.F.,
  .F.,(2,2),(-14.5,-12.5),.PIECEWISE_BEZIER_KNOTS.);
#1706 = CARTESIAN_POINT('',(25.,2.));
#1707 = CARTESIAN_POINT('',(25.,0.));
#1708 = ( GEOMETRIC_REPRESENTATION_CONTEXT(2) 
PARAMETRIC_REPRESENTATION_CONTEXT() REPRESENTATION_CONTEXT('2D SPACE',''
  ) );
#1709 = ORIENTED_EDGE('',*,*,#1710,.T.);
#1710 = EDGE_CURVE('',#1690,#1711,#1713,.T.);
#1711 = VERTEX_POINT('',#1712);
#1712 = CARTESIAN_POINT('',(35.,27.,35.));
#1713 = SURFACE_CURVE('',#1714,(#1718,#1725),.PCURVE_S1.);
#1714 = LINE('',#1715,#1716);
#1715 = CARTESIAN_POINT('',(35.,27.,0.));
#1716 = VECTOR('',#1717,1.);
#1717 = DIRECTION('',(0.,0.,1.));
#1718 = PCURVE('',#616,#1719);
#1719 = DEFINITIONAL_REPRESENTATION('',(#1720),#1724);
#1720 = LINE('',#1721,#1722);
#1721 = CARTESIAN_POINT('',(0.,-27.));
#1722 = VECTOR('',#1723,1.);
#1723 = DIRECTION('',(1.,0.));
#1724 = ( GEOMETRIC_REPRESENTATION_CONTEXT(2) 
PARAMETRIC_REPRESENTATION_CONTEXT() REPRESENTATION_CONTEXT('2D SPACE',''
  ) );
#1725 = PCURVE('',#1414,#1726);
#1726 = DEFINITIONAL_REPRESENTATION('',(#1727),#1731);
#1727 = LINE('',#1728,#1729);
#1728 = CARTESIAN_POINT('',(-10.,25.));
#1729 = VECTOR('',#1730,1.);
#1730 = DIRECTION('',(1.,0.));
#1731 = ( GEOMETRIC_REPRESENTATION_CONTEXT(2) 
PARAMETRIC_REPRESENTATION_CONTEXT() REPRESENTATION_CONTEXT('2D SPACE',''
  ) );
#1732 = ORIENTED_EDGE('',*,*,#1733,.T.);
#1733 = EDGE_CURVE('',#1711,#1664,#1734,.T.);
#1734 = SURFACE_CURVE('',#1735,(#1739,#1746),.PCURVE_S1.);
#1735 = LINE('',#1736,#1737);
#1736 = CARTESIAN_POINT('',(35.,27.,0.));
#1737 = VECTOR('',#1738,1.);
#1738 = DIRECTION('',(0.,0.,1.));
#1739 = PCURVE('',#616,#1740);
#1740 = DEFINITIONAL_REPRESENTATION('',(#1741),#1745);
#1741 = LINE('',#1742,#1743);
#1742 = CARTESIAN_POINT('',(0.,-27.));
#1743 = VECTOR('',#1744,1.);
#1744 = DIRECTION('',(1.,0.));
#1745 = ( GEOMETRIC_REPRESENTATION_CONTEXT(2) 
PARAMETRIC_REPRESENTATION_CONTEXT() REPRESENTATION_CONTEXT('2D SPACE',''
  ) );
#1746 = PCURVE('',#1747,#1752);
#1747 = PLANE('',#1748);
#1748 = AXIS2_PLACEMENT_3D('',#1749,#1750,#1751);
#1749 = CARTESIAN_POINT('',(35.,27.,0.));
#1750 = DIRECTION('',(-0.,1.,0.));
#1751 = DIRECTION('',(0.,0.,1.));
#1752 = DEFINITIONAL_REPRESENTATION('',(#1753),#1757);
#1753 = LINE('',#1754,#1755);
#1754 = CARTESIAN_POINT('',(0.,0.));
#1755 = VECTOR('',#1756,1.);
#1756 = DIRECTION('',(1.,0.));
#1757 = ( GEOMETRIC_REPRESENTATION_CONTEXT(2) 
PARAMETRIC_REPRESENTATION_CONTEXT() REPRESENTATION_CONTEXT('2D SPACE',''
  ) );
#1758 = ADVANCED_FACE('',(#1759),#719,.T.);
#1759 = FACE_BOUND('',#1760,.T.);
#1760 = EDGE_LOOP('',(#1761,#1784,#1812,#1833));
#1761 = ORIENTED_EDGE('',*,*,#1762,.F.);
#1762 = EDGE_CURVE('',#1763,#703,#1765,.T.);
#1763 = VERTEX_POINT('',#1764);
#1764 = CARTESIAN_POINT('',(24.554206967566,9.842586755055,
    2.699291555992));
#1765 = SURFACE_CURVE('',#1766,(#1770,#1777),.PCURVE_S1.);
#1766 = LINE('',#1767,#1768);
#1767 = CARTESIAN_POINT('',(24.554206967566,9.842586755055,
    2.699291555992));
#1768 = VECTOR('',#1769,1.);
#1769 = DIRECTION('',(1.,0.,0.));
#1770 = PCURVE('',#719,#1771);
#1771 = DEFINITIONAL_REPRESENTATION('',(#1772),#1776);
#1772 = LINE('',#1773,#1774);
#1773 = CARTESIAN_POINT('',(0.,0.773695781693));
#1774 = VECTOR('',#1775,1.);
#1775 = DIRECTION('',(1.,0.));
#1776 = ( GEOMETRIC_REPRESENTATION_CONTEXT(2) 
PARAMETRIC_REPRESENTATION_CONTEXT() REPRESENTATION_CONTEXT('2D SPACE',''
  ) );
#1777 = PCURVE('',#795,#1778);
#1778 = DEFINITIONAL_REPRESENTATION('',(#1779),#1783);
#1779 = LINE('',#1780,#1781);
#1780 = CARTESIAN_POINT('',(0.,0.));
#1781 = VECTOR('',#1782,1.);
#1782 = DIRECTION('',(1.,0.));
#1783 = ( GEOMETRIC_REPRESENTATION_CONTEXT(2) 
PARAMETRIC_REPRESENTATION_CONTEXT() REPRESENTATION_CONTEXT('2D SPACE',''
  ) );
#1784 = ORIENTED_EDGE('',*,*,#1785,.F.);
#1785 = EDGE_CURVE('',#1786,#1763,#1788,.T.);
#1786 = VERTEX_POINT('',#1787);
#1787 = CARTESIAN_POINT('',(24.554206967566,9.068890973362,
    2.699291555992));
#1788 = SURFACE_CURVE('',#1789,(#1793,#1800),.PCURVE_S1.);
#1789 = LINE('',#1790,#1791);
#1790 = CARTESIAN_POINT('',(24.554206967566,9.068890973362,
    2.699291555992));
#1791 = VECTOR('',#1792,1.);
#1792 = DIRECTION('',(0.,1.,0.));
#1793 = PCURVE('',#719,#1794);
#1794 = DEFINITIONAL_REPRESENTATION('',(#1795),#1799);
#1795 = LINE('',#1796,#1797);
#1796 = CARTESIAN_POINT('',(0.,0.));
#1797 = VECTOR('',#1798,1.);
#1798 = DIRECTION('',(0.,1.));
#1799 = ( GEOMETRIC_REPRESENTATION_CONTEXT(2) 
PARAMETRIC_REPRESENTATION_CONTEXT() REPRESENTATION_CONTEXT('2D SPACE',''
  ) );
#1800 = PCURVE('',#1801,#1806);
#1801 = PLANE('',#1802);
#1802 = AXIS2_PLACEMENT_3D('',#1803,#1804,#1805);
#1803 = CARTESIAN_POINT('',(24.554206967566,9.068890973362,
    2.699291555992));
#1804 = DIRECTION('',(1.,0.,0.));
#1805 = DIRECTION('',(0.,1.,0.));
#1806 = DEFINITIONAL_REPRESENTATION('',(#1807),#1811);
#1807 = LINE('',#1808,#1809);
#1808 = CARTESIAN_POINT('',(0.,0.));
#1809 = VECTOR('',#1810,1.);
#1810 = DIRECTION('',(1.,0.));
#1811 = ( GEOMETRIC_REPRESENTATION_CONTEXT(2) 
PARAMETRIC_REPRESENTATION_CONTEXT() REPRESENTATION_CONTEXT('2D SPACE',''
  ) );
#1812 = ORIENTED_EDGE('',*,*,#1813,.T.);
#1813 = EDGE_CURVE('',#1786,#705,#1814,.T.);
#1814 = SURFACE_CURVE('',#1815,(#1819,#1826),.PCURVE_S1.);
#1815 = LINE('',#1816,#1817);
#1816 = CARTESIAN_POINT('',(24.554206967566,9.068890973362,
    2.699291555992));
#1817 = VECTOR('',#1818,1.);
#1818 = DIRECTION('',(1.,0.,0.));
#1819 = PCURVE('',#719,#1820);
#1820 = DEFINITIONAL_REPRESENTATION('',(#1821),#1825);
#1821 = LINE('',#1822,#1823);
#1822 = CARTESIAN_POINT('',(0.,0.));
#1823 = VECTOR('',#1824,1.);
#1824 = DIRECTION('',(1.,0.));
#1825 = ( GEOMETRIC_REPRESENTATION_CONTEXT(2) 
PARAMETRIC_REPRESENTATION_CONTEXT() REPRESENTATION_CONTEXT('2D SPACE',''
  ) );
#1826 = PCURVE('',#745,#1827);
#1827 = DEFINITIONAL_REPRESENTATION('',(#1828),#1832);
#1828 = LINE('',#1829,#1830);
#1829 = CARTESIAN_POINT('',(0.,0.));
#1830 = VECTOR('',#1831,1.);
#1831 = DIRECTION('',(1.,0.));
#1832 = ( GEOMETRIC_REPRESENTATION_CONTEXT(2) 
PARAMETRIC_REPRESENTATION_CONTEXT() REPRESENTATION_CONTEXT('2D SPACE',''
  ) );
#1833 = ORIENTED_EDGE('',*,*,#702,.F.);
#1834 = ADVANCED_FACE('',(#1835),#795,.F.);
#1835 = FACE_BOUND('',#1836,.F.);
#1836 = EDGE_LOOP('',(#1837,#1838,#1861,#1882));
#1837 = ORIENTED_EDGE('',*,*,#1762,.F.);
#1838 = ORIENTED_EDGE('',*,*,#1839,.T.);
#1839 = EDGE_CURVE('',#1763,#1840,#1842,.T.);
#1840 = VERTEX_POINT('',#1841);
#1841 = CARTESIAN_POINT('',(24.554206967566,9.842586755055,
    4.716581636898));
#1842 = SURFACE_CURVE('',#1843,(#1847,#1854),.PCURVE_S1.);
#1843 = LINE('',#1844,#1845);
#1844 = CARTESIAN_POINT('',(24.554206967566,9.842586755055,
    2.699291555992));
#1845 = VECTOR('',#1846,1.);
#1846 = DIRECTION('',(0.,0.,1.));
#1847 = PCURVE('',#795,#1848);
#1848 = DEFINITIONAL_REPRESENTATION('',(#1849),#1853);
#1849 = LINE('',#1850,#1851);
#1850 = CARTESIAN_POINT('',(0.,0.));
#1851 = VECTOR('',#1852,1.);
#1852 = DIRECTION('',(0.,-1.));
#1853 = ( GEOMETRIC_REPRESENTATION_CONTEXT(2) 
PARAMETRIC_REPRESENTATION_CONTEXT() REPRESENTATION_CONTEXT('2D SPACE',''
  ) );
#1854 = PCURVE('',#1801,#1855);
#1855 = DEFINITIONAL_REPRESENTATION('',(#1856),#1860);
#1856 = LINE('',#1857,#1858);
#1857 = CARTESIAN_POINT('',(0.773695781693,0.));
#1858 = VECTOR('',#1859,1.);
#1859 = DIRECTION('',(0.,1.));
#1860 = ( GEOMETRIC_REPRESENTATION_CONTEXT(2) 
PARAMETRIC_REPRESENTATION_CONTEXT() REPRESENTATION_CONTEXT('2D SPACE',''
  ) );
#1861 = ORIENTED_EDGE('',*,*,#1862,.T.);
#1862 = EDGE_CURVE('',#1840,#757,#1863,.T.);
#1863 = SURFACE_CURVE('',#1864,(#1868,#1875),.PCURVE_S1.);
#1864 = LINE('',#1865,#1866);
#1865 = CARTESIAN_POINT('',(24.554206967566,9.842586755055,
    4.716581636898));
#1866 = VECTOR('',#1867,1.);
#1867 = DIRECTION('',(1.,0.,0.));
#1868 = PCURVE('',#795,#1869);
#1869 = DEFINITIONAL_REPRESENTATION('',(#1870),#1874);
#1870 = LINE('',#1871,#1872);
#1871 = CARTESIAN_POINT('',(0.,-2.017290080906));
#1872 = VECTOR('',#1873,1.);
#1873 = DIRECTION('',(1.,0.));
#1874 = ( GEOMETRIC_REPRESENTATION_CONTEXT(2) 
PARAMETRIC_REPRESENTATION_CONTEXT() REPRESENTATION_CONTEXT('2D SPACE',''
  ) );
#1875 = PCURVE('',#771,#1876);
#1876 = DEFINITIONAL_REPRESENTATION('',(#1877),#1881);
#1877 = LINE('',#1878,#1879);
#1878 = CARTESIAN_POINT('',(0.,0.773695781693));
#1879 = VECTOR('',#1880,1.);
#1880 = DIRECTION('',(1.,0.));
#1881 = ( GEOMETRIC_REPRESENTATION_CONTEXT(2) 
PARAMETRIC_REPRESENTATION_CONTEXT() REPRESENTATION_CONTEXT('2D SPACE',''
  ) );
#1882 = ORIENTED_EDGE('',*,*,#782,.F.);
#1883 = ADVANCED_FACE('',(#1884),#771,.F.);
#1884 = FACE_BOUND('',#1885,.F.);
#1885 = EDGE_LOOP('',(#1886,#1887,#1910,#1931));
#1886 = ORIENTED_EDGE('',*,*,#1862,.F.);
#1887 = ORIENTED_EDGE('',*,*,#1888,.F.);
#1888 = EDGE_CURVE('',#1889,#1840,#1891,.T.);
#1889 = VERTEX_POINT('',#1890);
#1890 = CARTESIAN_POINT('',(24.554206967566,9.068890973362,
    4.716581636898));
#1891 = SURFACE_CURVE('',#1892,(#1896,#1903),.PCURVE_S1.);
#1892 = LINE('',#1893,#1894);
#1893 = CARTESIAN_POINT('',(24.554206967566,9.068890973362,
    4.716581636898));
#1894 = VECTOR('',#1895,1.);
#1895 = DIRECTION('',(0.,1.,0.));
#1896 = PCURVE('',#771,#1897);
#1897 = DEFINITIONAL_REPRESENTATION('',(#1898),#1902);
#1898 = LINE('',#1899,#1900);
#1899 = CARTESIAN_POINT('',(0.,0.));
#1900 = VECTOR('',#1901,1.);
#1901 = DIRECTION('',(0.,1.));
#1902 = ( GEOMETRIC_REPRESENTATION_CONTEXT(2) 
PARAMETRIC_REPRESENTATION_CONTEXT() REPRESENTATION_CONTEXT('2D SPACE',''
  ) );
#1903 = PCURVE('',#1801,#1904);
#1904 = DEFINITIONAL_REPRESENTATION('',(#1905),#1909);
#1905 = LINE('',#1906,#1907);
#1906 = CARTESIAN_POINT('',(0.,2.017290080906));
#1907 = VECTOR('',#1908,1.);
#1908 = DIRECTION('',(1.,0.));
#1909 = ( GEOMETRIC_REPRESENTATION_CONTEXT(2) 
PARAMETRIC_REPRESENTATION_CONTEXT() REPRESENTATION_CONTEXT('2D SPACE',''
  ) );
#1910 = ORIENTED_EDGE('',*,*,#1911,.T.);
#1911 = EDGE_CURVE('',#1889,#731,#1912,.T.);
#1912 = SURFACE_CURVE('',#1913,(#1917,#1924),.PCURVE_S1.);
#1913 = LINE('',#1914,#1915);
#1914 = CARTESIAN_POINT('',(24.554206967566,9.068890973362,
    4.716581636898));
#1915 = VECTOR('',#1916,1.);
#1916 = DIRECTION('',(1.,0.,0.));
#1917 = PCURVE('',#771,#1918);
#1918 = DEFINITIONAL_REPRESENTATION('',(#1919),#1923);
#1919 = LINE('',#1920,#1921);
#1920 = CARTESIAN_POINT('',(0.,0.));
#1921 = VECTOR('',#1922,1.);
#1922 = DIRECTION('',(1.,0.));
#1923 = ( GEOMETRIC_REPRESENTATION_CONTEXT(2) 
PARAMETRIC_REPRESENTATION_CONTEXT() REPRESENTATION_CONTEXT('2D SPACE',''
  ) );
#1924 = PCURVE('',#745,#1925);
#1925 = DEFINITIONAL_REPRESENTATION('',(#1926),#1930);
#1926 = LINE('',#1927,#1928);
#1927 = CARTESIAN_POINT('',(0.,-2.017290080906));
#1928 = VECTOR('',#1929,1.);
#1929 = DIRECTION('',(1.,0.));
#1930 = ( GEOMETRIC_REPRESENTATION_CONTEXT(2) 
PARAMETRIC_REPRESENTATION_CONTEXT() REPRESENTATION_CONTEXT('2D SPACE',''
  ) );
#1931 = ORIENTED_EDGE('',*,*,#756,.F.);
#1932 = ADVANCED_FACE('',(#1933),#745,.T.);
#1933 = FACE_BOUND('',#1934,.T.);
#1934 = EDGE_LOOP('',(#1935,#1936,#1957,#1958));
#1935 = ORIENTED_EDGE('',*,*,#1813,.F.);
#1936 = ORIENTED_EDGE('',*,*,#1937,.T.);
#1937 = EDGE_CURVE('',#1786,#1889,#1938,.T.);
#1938 = SURFACE_CURVE('',#1939,(#1943,#1950),.PCURVE_S1.);
#1939 = LINE('',#1940,#1941);
#1940 = CARTESIAN_POINT('',(24.554206967566,9.068890973362,
    2.699291555992));
#1941 = VECTOR('',#1942,1.);
#1942 = DIRECTION('',(0.,0.,1.));
#1943 = PCURVE('',#745,#1944);
#1944 = DEFINITIONAL_REPRESENTATION('',(#1945),#1949);
#1945 = LINE('',#1946,#1947);
#1946 = CARTESIAN_POINT('',(0.,0.));
#1947 = VECTOR('',#1948,1.);
#1948 = DIRECTION('',(0.,-1.));
#1949 = ( GEOMETRIC_REPRESENTATION_CONTEXT(2) 
PARAMETRIC_REPRESENTATION_CONTEXT() REPRESENTATION_CONTEXT('2D SPACE',''
  ) );
#1950 = PCURVE('',#1801,#1951);
#1951 = DEFINITIONAL_REPRESENTATION('',(#1952),#1956);
#1952 = LINE('',#1953,#1954);
#1953 = CARTESIAN_POINT('',(0.,0.));
#1954 = VECTOR('',#1955,1.);
#1955 = DIRECTION('',(0.,1.));
#1956 = ( GEOMETRIC_REPRESENTATION_CONTEXT(2) 
PARAMETRIC_REPRESENTATION_CONTEXT() REPRESENTATION_CONTEXT('2D SPACE',''
  ) );
#1957 = ORIENTED_EDGE('',*,*,#1911,.T.);
#1958 = ORIENTED_EDGE('',*,*,#730,.F.);
#1959 = ADVANCED_FACE('',(#1960),#825,.T.);
#1960 = FACE_BOUND('',#1961,.T.);
#1961 = EDGE_LOOP('',(#1962,#1985,#2013,#2041,#2069,#2090));
#1962 = ORIENTED_EDGE('',*,*,#1963,.F.);
#1963 = EDGE_CURVE('',#1964,#809,#1966,.T.);
#1964 = VERTEX_POINT('',#1965);
#1965 = CARTESIAN_POINT('',(24.376649785289,7.206405793371,
    1.132769815474));
#1966 = SURFACE_CURVE('',#1967,(#1971,#1978),.PCURVE_S1.);
#1967 = LINE('',#1968,#1969);
#1968 = CARTESIAN_POINT('',(24.376649785289,7.206405793371,
    1.132769815474));
#1969 = VECTOR('',#1970,1.);
#1970 = DIRECTION('',(1.,0.,0.));
#1971 = PCURVE('',#825,#1972);
#1972 = DEFINITIONAL_REPRESENTATION('',(#1973),#1977);
#1973 = LINE('',#1974,#1975);
#1974 = CARTESIAN_POINT('',(0.,0.));
#1975 = VECTOR('',#1976,1.);
#1976 = DIRECTION('',(1.,0.));
#1977 = ( GEOMETRIC_REPRESENTATION_CONTEXT(2) 
PARAMETRIC_REPRESENTATION_CONTEXT() REPRESENTATION_CONTEXT('2D SPACE',''
  ) );
#1978 = PCURVE('',#1161,#1979);
#1979 = DEFINITIONAL_REPRESENTATION('',(#1980),#1984);
#1980 = LINE('',#1981,#1982);
#1981 = CARTESIAN_POINT('',(0.,0.));
#1982 = VECTOR('',#1983,1.);
#1983 = DIRECTION('',(1.,0.));
#1984 = ( GEOMETRIC_REPRESENTATION_CONTEXT(2) 
PARAMETRIC_REPRESENTATION_CONTEXT() REPRESENTATION_CONTEXT('2D SPACE',''
  ) );
#1985 = ORIENTED_EDGE('',*,*,#1986,.T.);
#1986 = EDGE_CURVE('',#1964,#1987,#1989,.T.);
#1987 = VERTEX_POINT('',#1988);
#1988 = CARTESIAN_POINT('',(24.376649785289,7.206405793371,
    4.372478931937));
#1989 = SURFACE_CURVE('',#1990,(#1994,#2001),.PCURVE_S1.);
#1990 = LINE('',#1991,#1992);
#1991 = CARTESIAN_POINT('',(24.376649785289,7.206405793371,
    1.132769815474));
#1992 = VECTOR('',#1993,1.);
#1993 = DIRECTION('',(0.,0.,1.));
#1994 = PCURVE('',#825,#1995);
#1995 = DEFINITIONAL_REPRESENTATION('',(#1996),#2000);
#1996 = LINE('',#1997,#1998);
#1997 = CARTESIAN_POINT('',(0.,0.));
#1998 = VECTOR('',#1999,1.);
#1999 = DIRECTION('',(0.,-1.));
#2000 = ( GEOMETRIC_REPRESENTATION_CONTEXT(2) 
PARAMETRIC_REPRESENTATION_CONTEXT() REPRESENTATION_CONTEXT('2D SPACE',''
  ) );
#2001 = PCURVE('',#2002,#2007);
#2002 = PLANE('',#2003);
#2003 = AXIS2_PLACEMENT_3D('',#2004,#2005,#2006);
#2004 = CARTESIAN_POINT('',(24.376649785289,7.206405793371,
    1.132769815474));
#2005 = DIRECTION('',(1.,0.,0.));
#2006 = DIRECTION('',(0.,1.,0.));
#2007 = DEFINITIONAL_REPRESENTATION('',(#2008),#2012);
#2008 = LINE('',#2009,#2010);
#2009 = CARTESIAN_POINT('',(0.,0.));
#2010 = VECTOR('',#2011,1.);
#2011 = DIRECTION('',(0.,1.));
#2012 = ( GEOMETRIC_REPRESENTATION_CONTEXT(2) 
PARAMETRIC_REPRESENTATION_CONTEXT() REPRESENTATION_CONTEXT('2D SPACE',''
  ) );
#2013 = ORIENTED_EDGE('',*,*,#2014,.T.);
#2014 = EDGE_CURVE('',#1987,#2015,#2017,.T.);
#2015 = VERTEX_POINT('',#2016);
#2016 = CARTESIAN_POINT('',(24.84369693729,7.206405793371,4.372478931937
    ));
#2017 = SURFACE_CURVE('',#2018,(#2022,#2029),.PCURVE_S1.);
#2018 = LINE('',#2019,#2020);
#2019 = CARTESIAN_POINT('',(24.376649785289,7.206405793371,
    4.372478931937));
#2020 = VECTOR('',#2021,1.);
#2021 = DIRECTION('',(1.,0.,0.));
#2022 = PCURVE('',#825,#2023);
#2023 = DEFINITIONAL_REPRESENTATION('',(#2024),#2028);
#2024 = LINE('',#2025,#2026);
#2025 = CARTESIAN_POINT('',(0.,-3.239709116463));
#2026 = VECTOR('',#2027,1.);
#2027 = DIRECTION('',(1.,0.));
#2028 = ( GEOMETRIC_REPRESENTATION_CONTEXT(2) 
PARAMETRIC_REPRESENTATION_CONTEXT() REPRESENTATION_CONTEXT('2D SPACE',''
  ) );
#2029 = PCURVE('',#2030,#2035);
#2030 = PLANE('',#2031);
#2031 = AXIS2_PLACEMENT_3D('',#2032,#2033,#2034);
#2032 = CARTESIAN_POINT('',(24.376649785289,7.206405793371,
    4.372478931937));
#2033 = DIRECTION('',(0.,0.,1.));
#2034 = DIRECTION('',(1.,0.,0.));
#2035 = DEFINITIONAL_REPRESENTATION('',(#2036),#2040);
#2036 = LINE('',#2037,#2038);
#2037 = CARTESIAN_POINT('',(0.,0.));
#2038 = VECTOR('',#2039,1.);
#2039 = DIRECTION('',(1.,0.));
#2040 = ( GEOMETRIC_REPRESENTATION_CONTEXT(2) 
PARAMETRIC_REPRESENTATION_CONTEXT() REPRESENTATION_CONTEXT('2D SPACE',''
  ) );
#2041 = ORIENTED_EDGE('',*,*,#2042,.F.);
#2042 = EDGE_CURVE('',#2043,#2015,#2045,.T.);
#2043 = VERTEX_POINT('',#2044);
#2044 = CARTESIAN_POINT('',(24.84369693729,7.206405793371,4.353278362807
    ));
#2045 = SURFACE_CURVE('',#2046,(#2050,#2057),.PCURVE_S1.);
#2046 = LINE('',#2047,#2048);
#2047 = CARTESIAN_POINT('',(24.84369693729,7.206405793371,2.743024089141
    ));
#2048 = VECTOR('',#2049,1.);
#2049 = DIRECTION('',(0.,0.,1.));
#2050 = PCURVE('',#825,#2051);
#2051 = DEFINITIONAL_REPRESENTATION('',(#2052),#2056);
#2052 = LINE('',#2053,#2054);
#2053 = CARTESIAN_POINT('',(0.467047152001,-1.610254273667));
#2054 = VECTOR('',#2055,1.);
#2055 = DIRECTION('',(0.,-1.));
#2056 = ( GEOMETRIC_REPRESENTATION_CONTEXT(2) 
PARAMETRIC_REPRESENTATION_CONTEXT() REPRESENTATION_CONTEXT('2D SPACE',''
  ) );
#2057 = PCURVE('',#2058,#2063);
#2058 = PLANE('',#2059);
#2059 = AXIS2_PLACEMENT_3D('',#2060,#2061,#2062);
#2060 = CARTESIAN_POINT('',(24.84369693729,5.280976572698,4.353278362807
    ));
#2061 = DIRECTION('',(1.,0.,0.));
#2062 = DIRECTION('',(0.,1.,0.));
#2063 = DEFINITIONAL_REPRESENTATION('',(#2064),#2068);
#2064 = LINE('',#2065,#2066);
#2065 = CARTESIAN_POINT('',(1.925429220673,-1.610254273667));
#2066 = VECTOR('',#2067,1.);
#2067 = DIRECTION('',(0.,1.));
#2068 = ( GEOMETRIC_REPRESENTATION_CONTEXT(2) 
PARAMETRIC_REPRESENTATION_CONTEXT() REPRESENTATION_CONTEXT('2D SPACE',''
  ) );
#2069 = ORIENTED_EDGE('',*,*,#2070,.F.);
#2070 = EDGE_CURVE('',#811,#2043,#2071,.T.);
#2071 = SURFACE_CURVE('',#2072,(#2076,#2083),.PCURVE_S1.);
#2072 = LINE('',#2073,#2074);
#2073 = CARTESIAN_POINT('',(24.610173361289,7.206405793371,
    4.353278362807));
#2074 = VECTOR('',#2075,1.);
#2075 = DIRECTION('',(-1.,0.,0.));
#2076 = PCURVE('',#825,#2077);
#2077 = DEFINITIONAL_REPRESENTATION('',(#2078),#2082);
#2078 = LINE('',#2079,#2080);
#2079 = CARTESIAN_POINT('',(0.233523576001,-3.220508547334));
#2080 = VECTOR('',#2081,1.);
#2081 = DIRECTION('',(-1.,0.));
#2082 = ( GEOMETRIC_REPRESENTATION_CONTEXT(2) 
PARAMETRIC_REPRESENTATION_CONTEXT() REPRESENTATION_CONTEXT('2D SPACE',''
  ) );
#2083 = PCURVE('',#851,#2084);
#2084 = DEFINITIONAL_REPRESENTATION('',(#2085),#2089);
#2085 = LINE('',#2086,#2087);
#2086 = CARTESIAN_POINT('',(-0.233523576001,1.925429220673));
#2087 = VECTOR('',#2088,1.);
#2088 = DIRECTION('',(-1.,0.));
#2089 = ( GEOMETRIC_REPRESENTATION_CONTEXT(2) 
PARAMETRIC_REPRESENTATION_CONTEXT() REPRESENTATION_CONTEXT('2D SPACE',''
  ) );
#2090 = ORIENTED_EDGE('',*,*,#808,.F.);
#2091 = ADVANCED_FACE('',(#2092),#1161,.T.);
#2092 = FACE_BOUND('',#2093,.T.);
#2093 = EDGE_LOOP('',(#2094,#2117,#2138,#2139));
#2094 = ORIENTED_EDGE('',*,*,#2095,.F.);
#2095 = EDGE_CURVE('',#2096,#1123,#2098,.T.);
#2096 = VERTEX_POINT('',#2097);
#2097 = CARTESIAN_POINT('',(24.376649785289,7.994172120371,
    1.132769815474));
#2098 = SURFACE_CURVE('',#2099,(#2103,#2110),.PCURVE_S1.);
#2099 = LINE('',#2100,#2101);
#2100 = CARTESIAN_POINT('',(24.376649785289,7.994172120371,
    1.132769815474));
#2101 = VECTOR('',#2102,1.);
#2102 = DIRECTION('',(1.,0.,0.));
#2103 = PCURVE('',#1161,#2104);
#2104 = DEFINITIONAL_REPRESENTATION('',(#2105),#2109);
#2105 = LINE('',#2106,#2107);
#2106 = CARTESIAN_POINT('',(0.,0.787766327));
#2107 = VECTOR('',#2108,1.);
#2108 = DIRECTION('',(1.,0.));
#2109 = ( GEOMETRIC_REPRESENTATION_CONTEXT(2) 
PARAMETRIC_REPRESENTATION_CONTEXT() REPRESENTATION_CONTEXT('2D SPACE',''
  ) );
#2110 = PCURVE('',#1137,#2111);
#2111 = DEFINITIONAL_REPRESENTATION('',(#2112),#2116);
#2112 = LINE('',#2113,#2114);
#2113 = CARTESIAN_POINT('',(0.,0.));
#2114 = VECTOR('',#2115,1.);
#2115 = DIRECTION('',(1.,0.));
#2116 = ( GEOMETRIC_REPRESENTATION_CONTEXT(2) 
PARAMETRIC_REPRESENTATION_CONTEXT() REPRESENTATION_CONTEXT('2D SPACE',''
  ) );
#2117 = ORIENTED_EDGE('',*,*,#2118,.F.);
#2118 = EDGE_CURVE('',#1964,#2096,#2119,.T.);
#2119 = SURFACE_CURVE('',#2120,(#2124,#2131),.PCURVE_S1.);
#2120 = LINE('',#2121,#2122);
#2121 = CARTESIAN_POINT('',(24.376649785289,7.206405793371,
    1.132769815474));
#2122 = VECTOR('',#2123,1.);
#2123 = DIRECTION('',(0.,1.,0.));
#2124 = PCURVE('',#1161,#2125);
#2125 = DEFINITIONAL_REPRESENTATION('',(#2126),#2130);
#2126 = LINE('',#2127,#2128);
#2127 = CARTESIAN_POINT('',(0.,0.));
#2128 = VECTOR('',#2129,1.);
#2129 = DIRECTION('',(0.,1.));
#2130 = ( GEOMETRIC_REPRESENTATION_CONTEXT(2) 
PARAMETRIC_REPRESENTATION_CONTEXT() REPRESENTATION_CONTEXT('2D SPACE',''
  ) );
#2131 = PCURVE('',#2002,#2132);
#2132 = DEFINITIONAL_REPRESENTATION('',(#2133),#2137);
#2133 = LINE('',#2134,#2135);
#2134 = CARTESIAN_POINT('',(0.,0.));
#2135 = VECTOR('',#2136,1.);
#2136 = DIRECTION('',(1.,0.));
#2137 = ( GEOMETRIC_REPRESENTATION_CONTEXT(2) 
PARAMETRIC_REPRESENTATION_CONTEXT() REPRESENTATION_CONTEXT('2D SPACE',''
  ) );
#2138 = ORIENTED_EDGE('',*,*,#1963,.T.);
#2139 = ORIENTED_EDGE('',*,*,#1148,.F.);
#2140 = ADVANCED_FACE('',(#2141),#1137,.F.);
#2141 = FACE_BOUND('',#2142,.F.);
#2142 = EDGE_LOOP('',(#2143,#2144,#2167,#2190,#2213,#2234));
#2143 = ORIENTED_EDGE('',*,*,#2095,.F.);
#2144 = ORIENTED_EDGE('',*,*,#2145,.T.);
#2145 = EDGE_CURVE('',#2096,#2146,#2148,.T.);
#2146 = VERTEX_POINT('',#2147);
#2147 = CARTESIAN_POINT('',(24.376649785289,7.994172120371,
    4.372478931937));
#2148 = SURFACE_CURVE('',#2149,(#2153,#2160),.PCURVE_S1.);
#2149 = LINE('',#2150,#2151);
#2150 = CARTESIAN_POINT('',(24.376649785289,7.994172120371,
    1.132769815474));
#2151 = VECTOR('',#2152,1.);
#2152 = DIRECTION('',(0.,0.,1.));
#2153 = PCURVE('',#1137,#2154);
#2154 = DEFINITIONAL_REPRESENTATION('',(#2155),#2159);
#2155 = LINE('',#2156,#2157);
#2156 = CARTESIAN_POINT('',(0.,0.));
#2157 = VECTOR('',#2158,1.);
#2158 = DIRECTION('',(0.,-1.));
#2159 = ( GEOMETRIC_REPRESENTATION_CONTEXT(2) 
PARAMETRIC_REPRESENTATION_CONTEXT() REPRESENTATION_CONTEXT('2D SPACE',''
  ) );
#2160 = PCURVE('',#2002,#2161);
#2161 = DEFINITIONAL_REPRESENTATION('',(#2162),#2166);
#2162 = LINE('',#2163,#2164);
#2163 = CARTESIAN_POINT('',(0.787766327,0.));
#2164 = VECTOR('',#2165,1.);
#2165 = DIRECTION('',(0.,1.));
#2166 = ( GEOMETRIC_REPRESENTATION_CONTEXT(2) 
PARAMETRIC_REPRESENTATION_CONTEXT() REPRESENTATION_CONTEXT('2D SPACE',''
  ) );
#2167 = ORIENTED_EDGE('',*,*,#2168,.T.);
#2168 = EDGE_CURVE('',#2146,#2169,#2171,.T.);
#2169 = VERTEX_POINT('',#2170);
#2170 = CARTESIAN_POINT('',(24.84369693729,7.994172120371,4.372478931937
    ));
#2171 = SURFACE_CURVE('',#2172,(#2176,#2183),.PCURVE_S1.);
#2172 = LINE('',#2173,#2174);
#2173 = CARTESIAN_POINT('',(24.376649785289,7.994172120371,
    4.372478931937));
#2174 = VECTOR('',#2175,1.);
#2175 = DIRECTION('',(1.,0.,0.));
#2176 = PCURVE('',#1137,#2177);
#2177 = DEFINITIONAL_REPRESENTATION('',(#2178),#2182);
#2178 = LINE('',#2179,#2180);
#2179 = CARTESIAN_POINT('',(0.,-3.239709116463));
#2180 = VECTOR('',#2181,1.);
#2181 = DIRECTION('',(1.,0.));
#2182 = ( GEOMETRIC_REPRESENTATION_CONTEXT(2) 
PARAMETRIC_REPRESENTATION_CONTEXT() REPRESENTATION_CONTEXT('2D SPACE',''
  ) );
#2183 = PCURVE('',#2030,#2184);
#2184 = DEFINITIONAL_REPRESENTATION('',(#2185),#2189);
#2185 = LINE('',#2186,#2187);
#2186 = CARTESIAN_POINT('',(0.,0.787766327));
#2187 = VECTOR('',#2188,1.);
#2188 = DIRECTION('',(1.,0.));
#2189 = ( GEOMETRIC_REPRESENTATION_CONTEXT(2) 
PARAMETRIC_REPRESENTATION_CONTEXT() REPRESENTATION_CONTEXT('2D SPACE',''
  ) );
#2190 = ORIENTED_EDGE('',*,*,#2191,.F.);
#2191 = EDGE_CURVE('',#2192,#2169,#2194,.T.);
#2192 = VERTEX_POINT('',#2193);
#2193 = CARTESIAN_POINT('',(24.84369693729,7.994172120371,4.353278362807
    ));
#2194 = SURFACE_CURVE('',#2195,(#2199,#2206),.PCURVE_S1.);
#2195 = LINE('',#2196,#2197);
#2196 = CARTESIAN_POINT('',(24.84369693729,7.994172120371,2.743024089141
    ));
#2197 = VECTOR('',#2198,1.);
#2198 = DIRECTION('',(0.,0.,1.));
#2199 = PCURVE('',#1137,#2200);
#2200 = DEFINITIONAL_REPRESENTATION('',(#2201),#2205);
#2201 = LINE('',#2202,#2203);
#2202 = CARTESIAN_POINT('',(0.467047152001,-1.610254273667));
#2203 = VECTOR('',#2204,1.);
#2204 = DIRECTION('',(0.,-1.));
#2205 = ( GEOMETRIC_REPRESENTATION_CONTEXT(2) 
PARAMETRIC_REPRESENTATION_CONTEXT() REPRESENTATION_CONTEXT('2D SPACE',''
  ) );
#2206 = PCURVE('',#2058,#2207);
#2207 = DEFINITIONAL_REPRESENTATION('',(#2208),#2212);
#2208 = LINE('',#2209,#2210);
#2209 = CARTESIAN_POINT('',(2.713195547673,-1.610254273667));
#2210 = VECTOR('',#2211,1.);
#2211 = DIRECTION('',(0.,1.));
#2212 = ( GEOMETRIC_REPRESENTATION_CONTEXT(2) 
PARAMETRIC_REPRESENTATION_CONTEXT() REPRESENTATION_CONTEXT('2D SPACE',''
  ) );
#2213 = ORIENTED_EDGE('',*,*,#2214,.F.);
#2214 = EDGE_CURVE('',#1097,#2192,#2215,.T.);
#2215 = SURFACE_CURVE('',#2216,(#2220,#2227),.PCURVE_S1.);
#2216 = LINE('',#2217,#2218);
#2217 = CARTESIAN_POINT('',(24.610173361289,7.994172120371,
    4.353278362807));
#2218 = VECTOR('',#2219,1.);
#2219 = DIRECTION('',(-1.,0.,0.));
#2220 = PCURVE('',#1137,#2221);
#2221 = DEFINITIONAL_REPRESENTATION('',(#2222),#2226);
#2222 = LINE('',#2223,#2224);
#2223 = CARTESIAN_POINT('',(0.233523576001,-3.220508547334));
#2224 = VECTOR('',#2225,1.);
#2225 = DIRECTION('',(-1.,0.));
#2226 = ( GEOMETRIC_REPRESENTATION_CONTEXT(2) 
PARAMETRIC_REPRESENTATION_CONTEXT() REPRESENTATION_CONTEXT('2D SPACE',''
  ) );
#2227 = PCURVE('',#1111,#2228);
#2228 = DEFINITIONAL_REPRESENTATION('',(#2229),#2233);
#2229 = LINE('',#2230,#2231);
#2230 = CARTESIAN_POINT('',(-0.233523576001,2.713195547673));
#2231 = VECTOR('',#2232,1.);
#2232 = DIRECTION('',(-1.,0.));
#2233 = ( GEOMETRIC_REPRESENTATION_CONTEXT(2) 
PARAMETRIC_REPRESENTATION_CONTEXT() REPRESENTATION_CONTEXT('2D SPACE',''
  ) );
#2234 = ORIENTED_EDGE('',*,*,#1122,.F.);
#2235 = ADVANCED_FACE('',(#2236),#1111,.T.);
#2236 = FACE_BOUND('',#2237,.T.);
#2237 = EDGE_LOOP('',(#2238,#2239,#2262,#2283));
#2238 = ORIENTED_EDGE('',*,*,#1096,.F.);
#2239 = ORIENTED_EDGE('',*,*,#2240,.T.);
#2240 = EDGE_CURVE('',#1071,#2241,#2243,.T.);
#2241 = VERTEX_POINT('',#2242);
#2242 = CARTESIAN_POINT('',(24.84369693729,8.170354844936,4.353278362807
    ));
#2243 = SURFACE_CURVE('',#2244,(#2248,#2255),.PCURVE_S1.);
#2244 = LINE('',#2245,#2246);
#2245 = CARTESIAN_POINT('',(24.446583068732,8.170354844936,
    4.353278362807));
#2246 = VECTOR('',#2247,1.);
#2247 = DIRECTION('',(-1.,0.,0.));
#2248 = PCURVE('',#1111,#2249);
#2249 = DEFINITIONAL_REPRESENTATION('',(#2250),#2254);
#2250 = LINE('',#2251,#2252);
#2251 = CARTESIAN_POINT('',(-0.397113868558,2.889378272238));
#2252 = VECTOR('',#2253,1.);
#2253 = DIRECTION('',(-1.,0.));
#2254 = ( GEOMETRIC_REPRESENTATION_CONTEXT(2) 
PARAMETRIC_REPRESENTATION_CONTEXT() REPRESENTATION_CONTEXT('2D SPACE',''
  ) );
#2255 = PCURVE('',#1085,#2256);
#2256 = DEFINITIONAL_REPRESENTATION('',(#2257),#2261);
#2257 = LINE('',#2258,#2259);
#2258 = CARTESIAN_POINT('',(0.397113868558,-1.488117388934));
#2259 = VECTOR('',#2260,1.);
#2260 = DIRECTION('',(-1.,0.));
#2261 = ( GEOMETRIC_REPRESENTATION_CONTEXT(2) 
PARAMETRIC_REPRESENTATION_CONTEXT() REPRESENTATION_CONTEXT('2D SPACE',''
  ) );
#2262 = ORIENTED_EDGE('',*,*,#2263,.F.);
#2263 = EDGE_CURVE('',#2192,#2241,#2264,.T.);
#2264 = SURFACE_CURVE('',#2265,(#2269,#2276),.PCURVE_S1.);
#2265 = LINE('',#2266,#2267);
#2266 = CARTESIAN_POINT('',(24.84369693729,5.280976572698,4.353278362807
    ));
#2267 = VECTOR('',#2268,1.);
#2268 = DIRECTION('',(0.,1.,0.));
#2269 = PCURVE('',#1111,#2270);
#2270 = DEFINITIONAL_REPRESENTATION('',(#2271),#2275);
#2271 = LINE('',#2272,#2273);
#2272 = CARTESIAN_POINT('',(0.,0.));
#2273 = VECTOR('',#2274,1.);
#2274 = DIRECTION('',(0.,1.));
#2275 = ( GEOMETRIC_REPRESENTATION_CONTEXT(2) 
PARAMETRIC_REPRESENTATION_CONTEXT() REPRESENTATION_CONTEXT('2D SPACE',''
  ) );
#2276 = PCURVE('',#2058,#2277);
#2277 = DEFINITIONAL_REPRESENTATION('',(#2278),#2282);
#2278 = LINE('',#2279,#2280);
#2279 = CARTESIAN_POINT('',(0.,0.));
#2280 = VECTOR('',#2281,1.);
#2281 = DIRECTION('',(1.,0.));
#2282 = ( GEOMETRIC_REPRESENTATION_CONTEXT(2) 
PARAMETRIC_REPRESENTATION_CONTEXT() REPRESENTATION_CONTEXT('2D SPACE',''
  ) );
#2283 = ORIENTED_EDGE('',*,*,#2214,.F.);
#2284 = ADVANCED_FACE('',(#2285),#1085,.T.);
#2285 = FACE_BOUND('',#2286,.T.);
#2286 = EDGE_LOOP('',(#2287,#2310,#2338,#2366,#2387,#2388));
#2287 = ORIENTED_EDGE('',*,*,#2288,.F.);
#2288 = EDGE_CURVE('',#2289,#1045,#2291,.T.);
#2289 = VERTEX_POINT('',#2290);
#2290 = CARTESIAN_POINT('',(24.049469200174,8.170354844936,
    2.865160973874));
#2291 = SURFACE_CURVE('',#2292,(#2296,#2303),.PCURVE_S1.);
#2292 = LINE('',#2293,#2294);
#2293 = CARTESIAN_POINT('',(24.049469200174,8.170354844936,
    2.865160973874));
#2294 = VECTOR('',#2295,1.);
#2295 = DIRECTION('',(1.,0.,0.));
#2296 = PCURVE('',#1085,#2297);
#2297 = DEFINITIONAL_REPRESENTATION('',(#2298),#2302);
#2298 = LINE('',#2299,#2300);
#2299 = CARTESIAN_POINT('',(0.,0.));
#2300 = VECTOR('',#2301,1.);
#2301 = DIRECTION('',(1.,0.));
#2302 = ( GEOMETRIC_REPRESENTATION_CONTEXT(2) 
PARAMETRIC_REPRESENTATION_CONTEXT() REPRESENTATION_CONTEXT('2D SPACE',''
  ) );
#2303 = PCURVE('',#1059,#2304);
#2304 = DEFINITIONAL_REPRESENTATION('',(#2305),#2309);
#2305 = LINE('',#2306,#2307);
#2306 = CARTESIAN_POINT('',(0.,0.));
#2307 = VECTOR('',#2308,1.);
#2308 = DIRECTION('',(1.,0.));
#2309 = ( GEOMETRIC_REPRESENTATION_CONTEXT(2) 
PARAMETRIC_REPRESENTATION_CONTEXT() REPRESENTATION_CONTEXT('2D SPACE',''
  ) );
#2310 = ORIENTED_EDGE('',*,*,#2311,.T.);
#2311 = EDGE_CURVE('',#2289,#2312,#2314,.T.);
#2312 = VERTEX_POINT('',#2313);
#2313 = CARTESIAN_POINT('',(24.049469200174,8.170354844936,
    4.550712219016));
#2314 = SURFACE_CURVE('',#2315,(#2319,#2326),.PCURVE_S1.);
#2315 = LINE('',#2316,#2317);
#2316 = CARTESIAN_POINT('',(24.049469200174,8.170354844936,
    2.865160973874));
#2317 = VECTOR('',#2318,1.);
#2318 = DIRECTION('',(0.,0.,1.));
#2319 = PCURVE('',#1085,#2320);
#2320 = DEFINITIONAL_REPRESENTATION('',(#2321),#2325);
#2321 = LINE('',#2322,#2323);
#2322 = CARTESIAN_POINT('',(0.,0.));
#2323 = VECTOR('',#2324,1.);
#2324 = DIRECTION('',(0.,-1.));
#2325 = ( GEOMETRIC_REPRESENTATION_CONTEXT(2) 
PARAMETRIC_REPRESENTATION_CONTEXT() REPRESENTATION_CONTEXT('2D SPACE',''
  ) );
#2326 = PCURVE('',#2327,#2332);
#2327 = PLANE('',#2328);
#2328 = AXIS2_PLACEMENT_3D('',#2329,#2330,#2331);
#2329 = CARTESIAN_POINT('',(24.049469200174,8.170354844936,
    2.865160973874));
#2330 = DIRECTION('',(1.,0.,0.));
#2331 = DIRECTION('',(0.,1.,0.));
#2332 = DEFINITIONAL_REPRESENTATION('',(#2333),#2337);
#2333 = LINE('',#2334,#2335);
#2334 = CARTESIAN_POINT('',(0.,0.));
#2335 = VECTOR('',#2336,1.);
#2336 = DIRECTION('',(0.,1.));
#2337 = ( GEOMETRIC_REPRESENTATION_CONTEXT(2) 
PARAMETRIC_REPRESENTATION_CONTEXT() REPRESENTATION_CONTEXT('2D SPACE',''
  ) );
#2338 = ORIENTED_EDGE('',*,*,#2339,.T.);
#2339 = EDGE_CURVE('',#2312,#2340,#2342,.T.);
#2340 = VERTEX_POINT('',#2341);
#2341 = CARTESIAN_POINT('',(24.84369693729,8.170354844936,4.550712219016
    ));
#2342 = SURFACE_CURVE('',#2343,(#2347,#2354),.PCURVE_S1.);
#2343 = LINE('',#2344,#2345);
#2344 = CARTESIAN_POINT('',(24.049469200174,8.170354844936,
    4.550712219016));
#2345 = VECTOR('',#2346,1.);
#2346 = DIRECTION('',(1.,0.,0.));
#2347 = PCURVE('',#1085,#2348);
#2348 = DEFINITIONAL_REPRESENTATION('',(#2349),#2353);
#2349 = LINE('',#2350,#2351);
#2350 = CARTESIAN_POINT('',(0.,-1.685551245142));
#2351 = VECTOR('',#2352,1.);
#2352 = DIRECTION('',(1.,0.));
#2353 = ( GEOMETRIC_REPRESENTATION_CONTEXT(2) 
PARAMETRIC_REPRESENTATION_CONTEXT() REPRESENTATION_CONTEXT('2D SPACE',''
  ) );
#2354 = PCURVE('',#2355,#2360);
#2355 = PLANE('',#2356);
#2356 = AXIS2_PLACEMENT_3D('',#2357,#2358,#2359);
#2357 = CARTESIAN_POINT('',(24.049469200174,8.170354844936,
    4.550712219016));
#2358 = DIRECTION('',(0.,0.,1.));
#2359 = DIRECTION('',(1.,0.,0.));
#2360 = DEFINITIONAL_REPRESENTATION('',(#2361),#2365);
#2361 = LINE('',#2362,#2363);
#2362 = CARTESIAN_POINT('',(0.,0.));
#2363 = VECTOR('',#2364,1.);
#2364 = DIRECTION('',(1.,0.));
#2365 = ( GEOMETRIC_REPRESENTATION_CONTEXT(2) 
PARAMETRIC_REPRESENTATION_CONTEXT() REPRESENTATION_CONTEXT('2D SPACE',''
  ) );
#2366 = ORIENTED_EDGE('',*,*,#2367,.F.);
#2367 = EDGE_CURVE('',#2241,#2340,#2368,.T.);
#2368 = SURFACE_CURVE('',#2369,(#2373,#2380),.PCURVE_S1.);
#2369 = LINE('',#2370,#2371);
#2370 = CARTESIAN_POINT('',(24.84369693729,8.170354844936,3.609219668341
    ));
#2371 = VECTOR('',#2372,1.);
#2372 = DIRECTION('',(0.,0.,1.));
#2373 = PCURVE('',#1085,#2374);
#2374 = DEFINITIONAL_REPRESENTATION('',(#2375),#2379);
#2375 = LINE('',#2376,#2377);
#2376 = CARTESIAN_POINT('',(0.794227737116,-0.744058694467));
#2377 = VECTOR('',#2378,1.);
#2378 = DIRECTION('',(0.,-1.));
#2379 = ( GEOMETRIC_REPRESENTATION_CONTEXT(2) 
PARAMETRIC_REPRESENTATION_CONTEXT() REPRESENTATION_CONTEXT('2D SPACE',''
  ) );
#2380 = PCURVE('',#2058,#2381);
#2381 = DEFINITIONAL_REPRESENTATION('',(#2382),#2386);
#2382 = LINE('',#2383,#2384);
#2383 = CARTESIAN_POINT('',(2.889378272238,-0.744058694467));
#2384 = VECTOR('',#2385,1.);
#2385 = DIRECTION('',(0.,1.));
#2386 = ( GEOMETRIC_REPRESENTATION_CONTEXT(2) 
PARAMETRIC_REPRESENTATION_CONTEXT() REPRESENTATION_CONTEXT('2D SPACE',''
  ) );
#2387 = ORIENTED_EDGE('',*,*,#2240,.F.);
#2388 = ORIENTED_EDGE('',*,*,#1070,.F.);
#2389 = ADVANCED_FACE('',(#2390),#1059,.T.);
#2390 = FACE_BOUND('',#2391,.T.);
#2391 = EDGE_LOOP('',(#2392,#2415,#2436,#2437));
#2392 = ORIENTED_EDGE('',*,*,#2393,.F.);
#2393 = EDGE_CURVE('',#2394,#1019,#2396,.T.);
#2394 = VERTEX_POINT('',#2395);
#2395 = CARTESIAN_POINT('',(24.049469200174,8.885672976143,
    2.865160973874));
#2396 = SURFACE_CURVE('',#2397,(#2401,#2408),.PCURVE_S1.);
#2397 = LINE('',#2398,#2399);
#2398 = CARTESIAN_POINT('',(24.049469200174,8.885672976143,
    2.865160973874));
#2399 = VECTOR('',#2400,1.);
#2400 = DIRECTION('',(1.,0.,0.));
#2401 = PCURVE('',#1059,#2402);
#2402 = DEFINITIONAL_REPRESENTATION('',(#2403),#2407);
#2403 = LINE('',#2404,#2405);
#2404 = CARTESIAN_POINT('',(0.,0.715318131207));
#2405 = VECTOR('',#2406,1.);
#2406 = DIRECTION('',(1.,0.));
#2407 = ( GEOMETRIC_REPRESENTATION_CONTEXT(2) 
PARAMETRIC_REPRESENTATION_CONTEXT() REPRESENTATION_CONTEXT('2D SPACE',''
  ) );
#2408 = PCURVE('',#1033,#2409);
#2409 = DEFINITIONAL_REPRESENTATION('',(#2410),#2414);
#2410 = LINE('',#2411,#2412);
#2411 = CARTESIAN_POINT('',(0.,0.));
#2412 = VECTOR('',#2413,1.);
#2413 = DIRECTION('',(1.,0.));
#2414 = ( GEOMETRIC_REPRESENTATION_CONTEXT(2) 
PARAMETRIC_REPRESENTATION_CONTEXT() REPRESENTATION_CONTEXT('2D SPACE',''
  ) );
#2415 = ORIENTED_EDGE('',*,*,#2416,.F.);
#2416 = EDGE_CURVE('',#2289,#2394,#2417,.T.);
#2417 = SURFACE_CURVE('',#2418,(#2422,#2429),.PCURVE_S1.);
#2418 = LINE('',#2419,#2420);
#2419 = CARTESIAN_POINT('',(24.049469200174,8.170354844936,
    2.865160973874));
#2420 = VECTOR('',#2421,1.);
#2421 = DIRECTION('',(0.,1.,0.));
#2422 = PCURVE('',#1059,#2423);
#2423 = DEFINITIONAL_REPRESENTATION('',(#2424),#2428);
#2424 = LINE('',#2425,#2426);
#2425 = CARTESIAN_POINT('',(0.,0.));
#2426 = VECTOR('',#2427,1.);
#2427 = DIRECTION('',(0.,1.));
#2428 = ( GEOMETRIC_REPRESENTATION_CONTEXT(2) 
PARAMETRIC_REPRESENTATION_CONTEXT() REPRESENTATION_CONTEXT('2D SPACE',''
  ) );
#2429 = PCURVE('',#2327,#2430);
#2430 = DEFINITIONAL_REPRESENTATION('',(#2431),#2435);
#2431 = LINE('',#2432,#2433);
#2432 = CARTESIAN_POINT('',(0.,0.));
#2433 = VECTOR('',#2434,1.);
#2434 = DIRECTION('',(1.,0.));
#2435 = ( GEOMETRIC_REPRESENTATION_CONTEXT(2) 
PARAMETRIC_REPRESENTATION_CONTEXT() REPRESENTATION_CONTEXT('2D SPACE',''
  ) );
#2436 = ORIENTED_EDGE('',*,*,#2288,.T.);
#2437 = ORIENTED_EDGE('',*,*,#1044,.F.);
#2438 = ADVANCED_FACE('',(#2439),#1033,.F.);
#2439 = FACE_BOUND('',#2440,.F.);
#2440 = EDGE_LOOP('',(#2441,#2442,#2465,#2488,#2516,#2537));
#2441 = ORIENTED_EDGE('',*,*,#2393,.F.);
#2442 = ORIENTED_EDGE('',*,*,#2443,.T.);
#2443 = EDGE_CURVE('',#2394,#2444,#2446,.T.);
#2444 = VERTEX_POINT('',#2445);
#2445 = CARTESIAN_POINT('',(24.049469200174,8.885672976143,
    4.550712219016));
#2446 = SURFACE_CURVE('',#2447,(#2451,#2458),.PCURVE_S1.);
#2447 = LINE('',#2448,#2449);
#2448 = CARTESIAN_POINT('',(24.049469200174,8.885672976143,
    2.865160973874));
#2449 = VECTOR('',#2450,1.);
#2450 = DIRECTION('',(0.,0.,1.));
#2451 = PCURVE('',#1033,#2452);
#2452 = DEFINITIONAL_REPRESENTATION('',(#2453),#2457);
#2453 = LINE('',#2454,#2455);
#2454 = CARTESIAN_POINT('',(0.,0.));
#2455 = VECTOR('',#2456,1.);
#2456 = DIRECTION('',(0.,-1.));
#2457 = ( GEOMETRIC_REPRESENTATION_CONTEXT(2) 
PARAMETRIC_REPRESENTATION_CONTEXT() REPRESENTATION_CONTEXT('2D SPACE',''
  ) );
#2458 = PCURVE('',#2327,#2459);
#2459 = DEFINITIONAL_REPRESENTATION('',(#2460),#2464);
#2460 = LINE('',#2461,#2462);
#2461 = CARTESIAN_POINT('',(0.715318131207,0.));
#2462 = VECTOR('',#2463,1.);
#2463 = DIRECTION('',(0.,1.));
#2464 = ( GEOMETRIC_REPRESENTATION_CONTEXT(2) 
PARAMETRIC_REPRESENTATION_CONTEXT() REPRESENTATION_CONTEXT('2D SPACE',''
  ) );
#2465 = ORIENTED_EDGE('',*,*,#2466,.T.);
#2466 = EDGE_CURVE('',#2444,#2467,#2469,.T.);
#2467 = VERTEX_POINT('',#2468);
#2468 = CARTESIAN_POINT('',(24.877916889471,8.885672976143,
    4.550712219016));
#2469 = SURFACE_CURVE('',#2470,(#2474,#2481),.PCURVE_S1.);
#2470 = LINE('',#2471,#2472);
#2471 = CARTESIAN_POINT('',(24.049469200174,8.885672976143,
    4.550712219016));
#2472 = VECTOR('',#2473,1.);
#2473 = DIRECTION('',(1.,0.,0.));
#2474 = PCURVE('',#1033,#2475);
#2475 = DEFINITIONAL_REPRESENTATION('',(#2476),#2480);
#2476 = LINE('',#2477,#2478);
#2477 = CARTESIAN_POINT('',(0.,-1.685551245142));
#2478 = VECTOR('',#2479,1.);
#2479 = DIRECTION('',(1.,0.));
#2480 = ( GEOMETRIC_REPRESENTATION_CONTEXT(2) 
PARAMETRIC_REPRESENTATION_CONTEXT() REPRESENTATION_CONTEXT('2D SPACE',''
  ) );
#2481 = PCURVE('',#2355,#2482);
#2482 = DEFINITIONAL_REPRESENTATION('',(#2483),#2487);
#2483 = LINE('',#2484,#2485);
#2484 = CARTESIAN_POINT('',(0.,0.715318131207));
#2485 = VECTOR('',#2486,1.);
#2486 = DIRECTION('',(1.,0.));
#2487 = ( GEOMETRIC_REPRESENTATION_CONTEXT(2) 
PARAMETRIC_REPRESENTATION_CONTEXT() REPRESENTATION_CONTEXT('2D SPACE',''
  ) );
#2488 = ORIENTED_EDGE('',*,*,#2489,.F.);
#2489 = EDGE_CURVE('',#2490,#2467,#2492,.T.);
#2490 = VERTEX_POINT('',#2491);
#2491 = CARTESIAN_POINT('',(24.877916889471,8.885672976143,
    4.360152200524));
#2492 = SURFACE_CURVE('',#2493,(#2497,#2504),.PCURVE_S1.);
#2493 = LINE('',#2494,#2495);
#2494 = CARTESIAN_POINT('',(24.877916889471,8.885672976143,
    3.612656587199));
#2495 = VECTOR('',#2496,1.);
#2496 = DIRECTION('',(0.,0.,1.));
#2497 = PCURVE('',#1033,#2498);
#2498 = DEFINITIONAL_REPRESENTATION('',(#2499),#2503);
#2499 = LINE('',#2500,#2501);
#2500 = CARTESIAN_POINT('',(0.828447689298,-0.747495613325));
#2501 = VECTOR('',#2502,1.);
#2502 = DIRECTION('',(0.,-1.));
#2503 = ( GEOMETRIC_REPRESENTATION_CONTEXT(2) 
PARAMETRIC_REPRESENTATION_CONTEXT() REPRESENTATION_CONTEXT('2D SPACE',''
  ) );
#2504 = PCURVE('',#2505,#2510);
#2505 = PLANE('',#2506);
#2506 = AXIS2_PLACEMENT_3D('',#2507,#2508,#2509);
#2507 = CARTESIAN_POINT('',(24.877916889471,7.995687806397,
    4.360152200524));
#2508 = DIRECTION('',(1.,0.,0.));
#2509 = DIRECTION('',(0.,1.,0.));
#2510 = DEFINITIONAL_REPRESENTATION('',(#2511),#2515);
#2511 = LINE('',#2512,#2513);
#2512 = CARTESIAN_POINT('',(0.889985169746,-0.747495613325));
#2513 = VECTOR('',#2514,1.);
#2514 = DIRECTION('',(0.,1.));
#2515 = ( GEOMETRIC_REPRESENTATION_CONTEXT(2) 
PARAMETRIC_REPRESENTATION_CONTEXT() REPRESENTATION_CONTEXT('2D SPACE',''
  ) );
#2516 = ORIENTED_EDGE('',*,*,#2517,.F.);
#2517 = EDGE_CURVE('',#993,#2490,#2518,.T.);
#2518 = SURFACE_CURVE('',#2519,(#2523,#2530),.PCURVE_S1.);
#2519 = LINE('',#2520,#2521);
#2520 = CARTESIAN_POINT('',(24.463693044823,8.885672976143,
    4.360152200524));
#2521 = VECTOR('',#2522,1.);
#2522 = DIRECTION('',(-1.,0.,0.));
#2523 = PCURVE('',#1033,#2524);
#2524 = DEFINITIONAL_REPRESENTATION('',(#2525),#2529);
#2525 = LINE('',#2526,#2527);
#2526 = CARTESIAN_POINT('',(0.414223844649,-1.49499122665));
#2527 = VECTOR('',#2528,1.);
#2528 = DIRECTION('',(-1.,0.));
#2529 = ( GEOMETRIC_REPRESENTATION_CONTEXT(2) 
PARAMETRIC_REPRESENTATION_CONTEXT() REPRESENTATION_CONTEXT('2D SPACE',''
  ) );
#2530 = PCURVE('',#1007,#2531);
#2531 = DEFINITIONAL_REPRESENTATION('',(#2532),#2536);
#2532 = LINE('',#2533,#2534);
#2533 = CARTESIAN_POINT('',(-0.414223844649,0.889985169746));
#2534 = VECTOR('',#2535,1.);
#2535 = DIRECTION('',(-1.,0.));
#2536 = ( GEOMETRIC_REPRESENTATION_CONTEXT(2) 
PARAMETRIC_REPRESENTATION_CONTEXT() REPRESENTATION_CONTEXT('2D SPACE',''
  ) );
#2537 = ORIENTED_EDGE('',*,*,#1018,.F.);
#2538 = ADVANCED_FACE('',(#2539),#1007,.T.);
#2539 = FACE_BOUND('',#2540,.T.);
#2540 = EDGE_LOOP('',(#2541,#2564,#2565,#2566));
#2541 = ORIENTED_EDGE('',*,*,#2542,.F.);
#2542 = EDGE_CURVE('',#2490,#2543,#2545,.T.);
#2543 = VERTEX_POINT('',#2544);
#2544 = CARTESIAN_POINT('',(24.877916889471,9.060340014682,
    4.360152200524));
#2545 = SURFACE_CURVE('',#2546,(#2550,#2557),.PCURVE_S1.);
#2546 = LINE('',#2547,#2548);
#2547 = CARTESIAN_POINT('',(24.877916889471,7.995687806397,
    4.360152200524));
#2548 = VECTOR('',#2549,1.);
#2549 = DIRECTION('',(0.,1.,0.));
#2550 = PCURVE('',#1007,#2551);
#2551 = DEFINITIONAL_REPRESENTATION('',(#2552),#2556);
#2552 = LINE('',#2553,#2554);
#2553 = CARTESIAN_POINT('',(0.,0.));
#2554 = VECTOR('',#2555,1.);
#2555 = DIRECTION('',(0.,1.));
#2556 = ( GEOMETRIC_REPRESENTATION_CONTEXT(2) 
PARAMETRIC_REPRESENTATION_CONTEXT() REPRESENTATION_CONTEXT('2D SPACE',''
  ) );
#2557 = PCURVE('',#2505,#2558);
#2558 = DEFINITIONAL_REPRESENTATION('',(#2559),#2563);
#2559 = LINE('',#2560,#2561);
#2560 = CARTESIAN_POINT('',(0.,0.));
#2561 = VECTOR('',#2562,1.);
#2562 = DIRECTION('',(1.,0.));
#2563 = ( GEOMETRIC_REPRESENTATION_CONTEXT(2) 
PARAMETRIC_REPRESENTATION_CONTEXT() REPRESENTATION_CONTEXT('2D SPACE',''
  ) );
#2564 = ORIENTED_EDGE('',*,*,#2517,.F.);
#2565 = ORIENTED_EDGE('',*,*,#992,.F.);
#2566 = ORIENTED_EDGE('',*,*,#2567,.F.);
#2567 = EDGE_CURVE('',#2543,#967,#2568,.T.);
#2568 = SURFACE_CURVE('',#2569,(#2573,#2580),.PCURVE_S1.);
#2569 = LINE('',#2570,#2571);
#2570 = CARTESIAN_POINT('',(24.877916889471,9.060340014682,
    4.360152200524));
#2571 = VECTOR('',#2572,1.);
#2572 = DIRECTION('',(1.,0.,0.));
#2573 = PCURVE('',#1007,#2574);
#2574 = DEFINITIONAL_REPRESENTATION('',(#2575),#2579);
#2575 = LINE('',#2576,#2577);
#2576 = CARTESIAN_POINT('',(0.,1.064652208285));
#2577 = VECTOR('',#2578,1.);
#2578 = DIRECTION('',(1.,0.));
#2579 = ( GEOMETRIC_REPRESENTATION_CONTEXT(2) 
PARAMETRIC_REPRESENTATION_CONTEXT() REPRESENTATION_CONTEXT('2D SPACE',''
  ) );
#2580 = PCURVE('',#981,#2581);
#2581 = DEFINITIONAL_REPRESENTATION('',(#2582),#2586);
#2582 = LINE('',#2583,#2584);
#2583 = CARTESIAN_POINT('',(0.,0.));
#2584 = VECTOR('',#2585,1.);
#2585 = DIRECTION('',(1.,0.));
#2586 = ( GEOMETRIC_REPRESENTATION_CONTEXT(2) 
PARAMETRIC_REPRESENTATION_CONTEXT() REPRESENTATION_CONTEXT('2D SPACE',''
  ) );
#2587 = ADVANCED_FACE('',(#2588),#981,.F.);
#2588 = FACE_BOUND('',#2589,.F.);
#2589 = EDGE_LOOP('',(#2590,#2591,#2614,#2635));
#2590 = ORIENTED_EDGE('',*,*,#2567,.F.);
#2591 = ORIENTED_EDGE('',*,*,#2592,.T.);
#2592 = EDGE_CURVE('',#2543,#2593,#2595,.T.);
#2593 = VERTEX_POINT('',#2594);
#2594 = CARTESIAN_POINT('',(24.877916889471,9.060340014682,
    4.966345437846));
#2595 = SURFACE_CURVE('',#2596,(#2600,#2607),.PCURVE_S1.);
#2596 = LINE('',#2597,#2598);
#2597 = CARTESIAN_POINT('',(24.877916889471,9.060340014682,
    4.360152200524));
#2598 = VECTOR('',#2599,1.);
#2599 = DIRECTION('',(0.,0.,1.));
#2600 = PCURVE('',#981,#2601);
#2601 = DEFINITIONAL_REPRESENTATION('',(#2602),#2606);
#2602 = LINE('',#2603,#2604);
#2603 = CARTESIAN_POINT('',(0.,0.));
#2604 = VECTOR('',#2605,1.);
#2605 = DIRECTION('',(0.,-1.));
#2606 = ( GEOMETRIC_REPRESENTATION_CONTEXT(2) 
PARAMETRIC_REPRESENTATION_CONTEXT() REPRESENTATION_CONTEXT('2D SPACE',''
  ) );
#2607 = PCURVE('',#2505,#2608);
#2608 = DEFINITIONAL_REPRESENTATION('',(#2609),#2613);
#2609 = LINE('',#2610,#2611);
#2610 = CARTESIAN_POINT('',(1.064652208285,0.));
#2611 = VECTOR('',#2612,1.);
#2612 = DIRECTION('',(0.,1.));
#2613 = ( GEOMETRIC_REPRESENTATION_CONTEXT(2) 
PARAMETRIC_REPRESENTATION_CONTEXT() REPRESENTATION_CONTEXT('2D SPACE',''
  ) );
#2614 = ORIENTED_EDGE('',*,*,#2615,.T.);
#2615 = EDGE_CURVE('',#2593,#941,#2616,.T.);
#2616 = SURFACE_CURVE('',#2617,(#2621,#2628),.PCURVE_S1.);
#2617 = LINE('',#2618,#2619);
#2618 = CARTESIAN_POINT('',(24.877916889471,9.060340014682,
    4.966345437846));
#2619 = VECTOR('',#2620,1.);
#2620 = DIRECTION('',(1.,0.,0.));
#2621 = PCURVE('',#981,#2622);
#2622 = DEFINITIONAL_REPRESENTATION('',(#2623),#2627);
#2623 = LINE('',#2624,#2625);
#2624 = CARTESIAN_POINT('',(0.,-0.606193237322));
#2625 = VECTOR('',#2626,1.);
#2626 = DIRECTION('',(1.,0.));
#2627 = ( GEOMETRIC_REPRESENTATION_CONTEXT(2) 
PARAMETRIC_REPRESENTATION_CONTEXT() REPRESENTATION_CONTEXT('2D SPACE',''
  ) );
#2628 = PCURVE('',#955,#2629);
#2629 = DEFINITIONAL_REPRESENTATION('',(#2630),#2634);
#2630 = LINE('',#2631,#2632);
#2631 = CARTESIAN_POINT('',(0.,1.064652208285));
#2632 = VECTOR('',#2633,1.);
#2633 = DIRECTION('',(1.,0.));
#2634 = ( GEOMETRIC_REPRESENTATION_CONTEXT(2) 
PARAMETRIC_REPRESENTATION_CONTEXT() REPRESENTATION_CONTEXT('2D SPACE',''
  ) );
#2635 = ORIENTED_EDGE('',*,*,#966,.F.);
#2636 = ADVANCED_FACE('',(#2637),#955,.F.);
#2637 = FACE_BOUND('',#2638,.F.);
#2638 = EDGE_LOOP('',(#2639,#2662,#2683,#2684));
#2639 = ORIENTED_EDGE('',*,*,#2640,.F.);
#2640 = EDGE_CURVE('',#2641,#2593,#2643,.T.);
#2641 = VERTEX_POINT('',#2642);
#2642 = CARTESIAN_POINT('',(24.877916889471,8.851439934466,
    4.966345437846));
#2643 = SURFACE_CURVE('',#2644,(#2648,#2655),.PCURVE_S1.);
#2644 = LINE('',#2645,#2646);
#2645 = CARTESIAN_POINT('',(24.877916889471,7.995687806397,
    4.966345437846));
#2646 = VECTOR('',#2647,1.);
#2647 = DIRECTION('',(0.,1.,0.));
#2648 = PCURVE('',#955,#2649);
#2649 = DEFINITIONAL_REPRESENTATION('',(#2650),#2654);
#2650 = LINE('',#2651,#2652);
#2651 = CARTESIAN_POINT('',(0.,0.));
#2652 = VECTOR('',#2653,1.);
#2653 = DIRECTION('',(0.,1.));
#2654 = ( GEOMETRIC_REPRESENTATION_CONTEXT(2) 
PARAMETRIC_REPRESENTATION_CONTEXT() REPRESENTATION_CONTEXT('2D SPACE',''
  ) );
#2655 = PCURVE('',#2505,#2656);
#2656 = DEFINITIONAL_REPRESENTATION('',(#2657),#2661);
#2657 = LINE('',#2658,#2659);
#2658 = CARTESIAN_POINT('',(0.,0.606193237322));
#2659 = VECTOR('',#2660,1.);
#2660 = DIRECTION('',(1.,0.));
#2661 = ( GEOMETRIC_REPRESENTATION_CONTEXT(2) 
PARAMETRIC_REPRESENTATION_CONTEXT() REPRESENTATION_CONTEXT('2D SPACE',''
  ) );
#2662 = ORIENTED_EDGE('',*,*,#2663,.T.);
#2663 = EDGE_CURVE('',#2641,#915,#2664,.T.);
#2664 = SURFACE_CURVE('',#2665,(#2669,#2676),.PCURVE_S1.);
#2665 = LINE('',#2666,#2667);
#2666 = CARTESIAN_POINT('',(24.860806913381,8.851439934466,
    4.966345437846));
#2667 = VECTOR('',#2668,1.);
#2668 = DIRECTION('',(1.,0.,0.));
#2669 = PCURVE('',#955,#2670);
#2670 = DEFINITIONAL_REPRESENTATION('',(#2671),#2675);
#2671 = LINE('',#2672,#2673);
#2672 = CARTESIAN_POINT('',(-1.710997609073E-02,0.855752128068));
#2673 = VECTOR('',#2674,1.);
#2674 = DIRECTION('',(1.,0.));
#2675 = ( GEOMETRIC_REPRESENTATION_CONTEXT(2) 
PARAMETRIC_REPRESENTATION_CONTEXT() REPRESENTATION_CONTEXT('2D SPACE',''
  ) );
#2676 = PCURVE('',#929,#2677);
#2677 = DEFINITIONAL_REPRESENTATION('',(#2678),#2682);
#2678 = LINE('',#2679,#2680);
#2679 = CARTESIAN_POINT('',(1.710997609073E-02,-0.613067075038));
#2680 = VECTOR('',#2681,1.);
#2681 = DIRECTION('',(1.,0.));
#2682 = ( GEOMETRIC_REPRESENTATION_CONTEXT(2) 
PARAMETRIC_REPRESENTATION_CONTEXT() REPRESENTATION_CONTEXT('2D SPACE',''
  ) );
#2683 = ORIENTED_EDGE('',*,*,#940,.F.);
#2684 = ORIENTED_EDGE('',*,*,#2615,.F.);
#2685 = ADVANCED_FACE('',(#2686),#929,.F.);
#2686 = FACE_BOUND('',#2687,.F.);
#2687 = EDGE_LOOP('',(#2688,#2713,#2736,#2757,#2758,#2759));
#2688 = ORIENTED_EDGE('',*,*,#2689,.F.);
#2689 = EDGE_CURVE('',#2690,#2692,#2694,.T.);
#2690 = VERTEX_POINT('',#2691);
#2691 = CARTESIAN_POINT('',(24.84369693729,8.851439934466,4.550712219016
    ));
#2692 = VERTEX_POINT('',#2693);
#2693 = CARTESIAN_POINT('',(24.877916889471,8.851439934466,
    4.550712219016));
#2694 = SURFACE_CURVE('',#2695,(#2699,#2706),.PCURVE_S1.);
#2695 = LINE('',#2696,#2697);
#2696 = CARTESIAN_POINT('',(24.446583068732,8.851439934466,
    4.550712219016));
#2697 = VECTOR('',#2698,1.);
#2698 = DIRECTION('',(1.,0.,0.));
#2699 = PCURVE('',#929,#2700);
#2700 = DEFINITIONAL_REPRESENTATION('',(#2701),#2705);
#2701 = LINE('',#2702,#2703);
#2702 = CARTESIAN_POINT('',(-0.397113868558,-0.197433856209));
#2703 = VECTOR('',#2704,1.);
#2704 = DIRECTION('',(1.,0.));
#2705 = ( GEOMETRIC_REPRESENTATION_CONTEXT(2) 
PARAMETRIC_REPRESENTATION_CONTEXT() REPRESENTATION_CONTEXT('2D SPACE',''
  ) );
#2706 = PCURVE('',#2355,#2707);
#2707 = DEFINITIONAL_REPRESENTATION('',(#2708),#2712);
#2708 = LINE('',#2709,#2710);
#2709 = CARTESIAN_POINT('',(0.397113868558,0.681085089529));
#2710 = VECTOR('',#2711,1.);
#2711 = DIRECTION('',(1.,0.));
#2712 = ( GEOMETRIC_REPRESENTATION_CONTEXT(2) 
PARAMETRIC_REPRESENTATION_CONTEXT() REPRESENTATION_CONTEXT('2D SPACE',''
  ) );
#2713 = ORIENTED_EDGE('',*,*,#2714,.T.);
#2714 = EDGE_CURVE('',#2690,#2715,#2717,.T.);
#2715 = VERTEX_POINT('',#2716);
#2716 = CARTESIAN_POINT('',(24.84369693729,8.851439934466,4.973219275562
    ));
#2717 = SURFACE_CURVE('',#2718,(#2722,#2729),.PCURVE_S1.);
#2718 = LINE('',#2719,#2720);
#2719 = CARTESIAN_POINT('',(24.84369693729,8.851439934466,4.353278362807
    ));
#2720 = VECTOR('',#2721,1.);
#2721 = DIRECTION('',(0.,0.,1.));
#2722 = PCURVE('',#929,#2723);
#2723 = DEFINITIONAL_REPRESENTATION('',(#2724),#2728);
#2724 = LINE('',#2725,#2726);
#2725 = CARTESIAN_POINT('',(0.,0.));
#2726 = VECTOR('',#2727,1.);
#2727 = DIRECTION('',(0.,-1.));
#2728 = ( GEOMETRIC_REPRESENTATION_CONTEXT(2) 
PARAMETRIC_REPRESENTATION_CONTEXT() REPRESENTATION_CONTEXT('2D SPACE',''
  ) );
#2729 = PCURVE('',#2058,#2730);
#2730 = DEFINITIONAL_REPRESENTATION('',(#2731),#2735);
#2731 = LINE('',#2732,#2733);
#2732 = CARTESIAN_POINT('',(3.570463361768,0.));
#2733 = VECTOR('',#2734,1.);
#2734 = DIRECTION('',(0.,1.));
#2735 = ( GEOMETRIC_REPRESENTATION_CONTEXT(2) 
PARAMETRIC_REPRESENTATION_CONTEXT() REPRESENTATION_CONTEXT('2D SPACE',''
  ) );
#2736 = ORIENTED_EDGE('',*,*,#2737,.T.);
#2737 = EDGE_CURVE('',#2715,#889,#2738,.T.);
#2738 = SURFACE_CURVE('',#2739,(#2743,#2750),.PCURVE_S1.);
#2739 = LINE('',#2740,#2741);
#2740 = CARTESIAN_POINT('',(24.84369693729,8.851439934466,4.973219275562
    ));
#2741 = VECTOR('',#2742,1.);
#2742 = DIRECTION('',(1.,0.,0.));
#2743 = PCURVE('',#929,#2744);
#2744 = DEFINITIONAL_REPRESENTATION('',(#2745),#2749);
#2745 = LINE('',#2746,#2747);
#2746 = CARTESIAN_POINT('',(0.,-0.619940912754));
#2747 = VECTOR('',#2748,1.);
#2748 = DIRECTION('',(1.,0.));
#2749 = ( GEOMETRIC_REPRESENTATION_CONTEXT(2) 
PARAMETRIC_REPRESENTATION_CONTEXT() REPRESENTATION_CONTEXT('2D SPACE',''
  ) );
#2750 = PCURVE('',#903,#2751);
#2751 = DEFINITIONAL_REPRESENTATION('',(#2752),#2756);
#2752 = LINE('',#2753,#2754);
#2753 = CARTESIAN_POINT('',(0.,3.570463361768));
#2754 = VECTOR('',#2755,1.);
#2755 = DIRECTION('',(1.,0.));
#2756 = ( GEOMETRIC_REPRESENTATION_CONTEXT(2) 
PARAMETRIC_REPRESENTATION_CONTEXT() REPRESENTATION_CONTEXT('2D SPACE',''
  ) );
#2757 = ORIENTED_EDGE('',*,*,#914,.F.);
#2758 = ORIENTED_EDGE('',*,*,#2663,.F.);
#2759 = ORIENTED_EDGE('',*,*,#2760,.T.);
#2760 = EDGE_CURVE('',#2641,#2692,#2761,.T.);
#2761 = SURFACE_CURVE('',#2762,(#2766,#2773),.PCURVE_S1.);
#2762 = LINE('',#2763,#2764);
#2763 = CARTESIAN_POINT('',(24.877916889471,8.851439934466,
    4.356715281666));
#2764 = VECTOR('',#2765,1.);
#2765 = DIRECTION('',(0.,0.,-1.));
#2766 = PCURVE('',#929,#2767);
#2767 = DEFINITIONAL_REPRESENTATION('',(#2768),#2772);
#2768 = LINE('',#2769,#2770);
#2769 = CARTESIAN_POINT('',(3.421995218147E-02,-3.436918858124E-03));
#2770 = VECTOR('',#2771,1.);
#2771 = DIRECTION('',(0.,1.));
#2772 = ( GEOMETRIC_REPRESENTATION_CONTEXT(2) 
PARAMETRIC_REPRESENTATION_CONTEXT() REPRESENTATION_CONTEXT('2D SPACE',''
  ) );
#2773 = PCURVE('',#2505,#2774);
#2774 = DEFINITIONAL_REPRESENTATION('',(#2775),#2779);
#2775 = LINE('',#2776,#2777);
#2776 = CARTESIAN_POINT('',(0.855752128068,-3.436918858123E-03));
#2777 = VECTOR('',#2778,1.);
#2778 = DIRECTION('',(0.,-1.));
#2779 = ( GEOMETRIC_REPRESENTATION_CONTEXT(2) 
PARAMETRIC_REPRESENTATION_CONTEXT() REPRESENTATION_CONTEXT('2D SPACE',''
  ) );
#2780 = ADVANCED_FACE('',(#2781),#903,.F.);
#2781 = FACE_BOUND('',#2782,.F.);
#2782 = EDGE_LOOP('',(#2783,#2784,#2807,#2828));
#2783 = ORIENTED_EDGE('',*,*,#2737,.F.);
#2784 = ORIENTED_EDGE('',*,*,#2785,.F.);
#2785 = EDGE_CURVE('',#2786,#2715,#2788,.T.);
#2786 = VERTEX_POINT('',#2787);
#2787 = CARTESIAN_POINT('',(24.84369693729,5.280976572698,4.973219275562
    ));
#2788 = SURFACE_CURVE('',#2789,(#2793,#2800),.PCURVE_S1.);
#2789 = LINE('',#2790,#2791);
#2790 = CARTESIAN_POINT('',(24.84369693729,5.280976572698,4.973219275562
    ));
#2791 = VECTOR('',#2792,1.);
#2792 = DIRECTION('',(0.,1.,0.));
#2793 = PCURVE('',#903,#2794);
#2794 = DEFINITIONAL_REPRESENTATION('',(#2795),#2799);
#2795 = LINE('',#2796,#2797);
#2796 = CARTESIAN_POINT('',(0.,0.));
#2797 = VECTOR('',#2798,1.);
#2798 = DIRECTION('',(0.,1.));
#2799 = ( GEOMETRIC_REPRESENTATION_CONTEXT(2) 
PARAMETRIC_REPRESENTATION_CONTEXT() REPRESENTATION_CONTEXT('2D SPACE',''
  ) );
#2800 = PCURVE('',#2058,#2801);
#2801 = DEFINITIONAL_REPRESENTATION('',(#2802),#2806);
#2802 = LINE('',#2803,#2804);
#2803 = CARTESIAN_POINT('',(0.,0.619940912754));
#2804 = VECTOR('',#2805,1.);
#2805 = DIRECTION('',(1.,0.));
#2806 = ( GEOMETRIC_REPRESENTATION_CONTEXT(2) 
PARAMETRIC_REPRESENTATION_CONTEXT() REPRESENTATION_CONTEXT('2D SPACE',''
  ) );
#2807 = ORIENTED_EDGE('',*,*,#2808,.T.);
#2808 = EDGE_CURVE('',#2786,#863,#2809,.T.);
#2809 = SURFACE_CURVE('',#2810,(#2814,#2821),.PCURVE_S1.);
#2810 = LINE('',#2811,#2812);
#2811 = CARTESIAN_POINT('',(24.84369693729,5.280976572698,4.973219275562
    ));
#2812 = VECTOR('',#2813,1.);
#2813 = DIRECTION('',(1.,0.,0.));
#2814 = PCURVE('',#903,#2815);
#2815 = DEFINITIONAL_REPRESENTATION('',(#2816),#2820);
#2816 = LINE('',#2817,#2818);
#2817 = CARTESIAN_POINT('',(0.,0.));
#2818 = VECTOR('',#2819,1.);
#2819 = DIRECTION('',(1.,0.));
#2820 = ( GEOMETRIC_REPRESENTATION_CONTEXT(2) 
PARAMETRIC_REPRESENTATION_CONTEXT() REPRESENTATION_CONTEXT('2D SPACE',''
  ) );
#2821 = PCURVE('',#877,#2822);
#2822 = DEFINITIONAL_REPRESENTATION('',(#2823),#2827);
#2823 = LINE('',#2824,#2825);
#2824 = CARTESIAN_POINT('',(0.,-0.619940912754));
#2825 = VECTOR('',#2826,1.);
#2826 = DIRECTION('',(1.,0.));
#2827 = ( GEOMETRIC_REPRESENTATION_CONTEXT(2) 
PARAMETRIC_REPRESENTATION_CONTEXT() REPRESENTATION_CONTEXT('2D SPACE',''
  ) );
#2828 = ORIENTED_EDGE('',*,*,#888,.F.);
#2829 = ADVANCED_FACE('',(#2830),#877,.T.);
#2830 = FACE_BOUND('',#2831,.T.);
#2831 = EDGE_LOOP('',(#2832,#2855,#2876,#2877));
#2832 = ORIENTED_EDGE('',*,*,#2833,.F.);
#2833 = EDGE_CURVE('',#2834,#837,#2836,.T.);
#2834 = VERTEX_POINT('',#2835);
#2835 = CARTESIAN_POINT('',(24.84369693729,5.280976572698,4.353278362807
    ));
#2836 = SURFACE_CURVE('',#2837,(#2841,#2848),.PCURVE_S1.);
#2837 = LINE('',#2838,#2839);
#2838 = CARTESIAN_POINT('',(24.84369693729,5.280976572698,4.353278362807
    ));
#2839 = VECTOR('',#2840,1.);
#2840 = DIRECTION('',(1.,0.,0.));
#2841 = PCURVE('',#877,#2842);
#2842 = DEFINITIONAL_REPRESENTATION('',(#2843),#2847);
#2843 = LINE('',#2844,#2845);
#2844 = CARTESIAN_POINT('',(0.,0.));
#2845 = VECTOR('',#2846,1.);
#2846 = DIRECTION('',(1.,0.));
#2847 = ( GEOMETRIC_REPRESENTATION_CONTEXT(2) 
PARAMETRIC_REPRESENTATION_CONTEXT() REPRESENTATION_CONTEXT('2D SPACE',''
  ) );
#2848 = PCURVE('',#851,#2849);
#2849 = DEFINITIONAL_REPRESENTATION('',(#2850),#2854);
#2850 = LINE('',#2851,#2852);
#2851 = CARTESIAN_POINT('',(0.,0.));
#2852 = VECTOR('',#2853,1.);
#2853 = DIRECTION('',(1.,0.));
#2854 = ( GEOMETRIC_REPRESENTATION_CONTEXT(2) 
PARAMETRIC_REPRESENTATION_CONTEXT() REPRESENTATION_CONTEXT('2D SPACE',''
  ) );
#2855 = ORIENTED_EDGE('',*,*,#2856,.T.);
#2856 = EDGE_CURVE('',#2834,#2786,#2857,.T.);
#2857 = SURFACE_CURVE('',#2858,(#2862,#2869),.PCURVE_S1.);
#2858 = LINE('',#2859,#2860);
#2859 = CARTESIAN_POINT('',(24.84369693729,5.280976572698,4.353278362807
    ));
#2860 = VECTOR('',#2861,1.);
#2861 = DIRECTION('',(0.,0.,1.));
#2862 = PCURVE('',#877,#2863);
#2863 = DEFINITIONAL_REPRESENTATION('',(#2864),#2868);
#2864 = LINE('',#2865,#2866);
#2865 = CARTESIAN_POINT('',(0.,0.));
#2866 = VECTOR('',#2867,1.);
#2867 = DIRECTION('',(0.,-1.));
#2868 = ( GEOMETRIC_REPRESENTATION_CONTEXT(2) 
PARAMETRIC_REPRESENTATION_CONTEXT() REPRESENTATION_CONTEXT('2D SPACE',''
  ) );
#2869 = PCURVE('',#2058,#2870);
#2870 = DEFINITIONAL_REPRESENTATION('',(#2871),#2875);
#2871 = LINE('',#2872,#2873);
#2872 = CARTESIAN_POINT('',(0.,0.));
#2873 = VECTOR('',#2874,1.);
#2874 = DIRECTION('',(0.,1.));
#2875 = ( GEOMETRIC_REPRESENTATION_CONTEXT(2) 
PARAMETRIC_REPRESENTATION_CONTEXT() REPRESENTATION_CONTEXT('2D SPACE',''
  ) );
#2876 = ORIENTED_EDGE('',*,*,#2808,.T.);
#2877 = ORIENTED_EDGE('',*,*,#862,.F.);
#2878 = ADVANCED_FACE('',(#2879),#851,.T.);
#2879 = FACE_BOUND('',#2880,.T.);
#2880 = EDGE_LOOP('',(#2881,#2882,#2883,#2904));
#2881 = ORIENTED_EDGE('',*,*,#836,.F.);
#2882 = ORIENTED_EDGE('',*,*,#2070,.T.);
#2883 = ORIENTED_EDGE('',*,*,#2884,.F.);
#2884 = EDGE_CURVE('',#2834,#2043,#2885,.T.);
#2885 = SURFACE_CURVE('',#2886,(#2890,#2897),.PCURVE_S1.);
#2886 = LINE('',#2887,#2888);
#2887 = CARTESIAN_POINT('',(24.84369693729,5.280976572698,4.353278362807
    ));
#2888 = VECTOR('',#2889,1.);
#2889 = DIRECTION('',(0.,1.,0.));
#2890 = PCURVE('',#851,#2891);
#2891 = DEFINITIONAL_REPRESENTATION('',(#2892),#2896);
#2892 = LINE('',#2893,#2894);
#2893 = CARTESIAN_POINT('',(0.,0.));
#2894 = VECTOR('',#2895,1.);
#2895 = DIRECTION('',(0.,1.));
#2896 = ( GEOMETRIC_REPRESENTATION_CONTEXT(2) 
PARAMETRIC_REPRESENTATION_CONTEXT() REPRESENTATION_CONTEXT('2D SPACE',''
  ) );
#2897 = PCURVE('',#2058,#2898);
#2898 = DEFINITIONAL_REPRESENTATION('',(#2899),#2903);
#2899 = LINE('',#2900,#2901);
#2900 = CARTESIAN_POINT('',(0.,0.));
#2901 = VECTOR('',#2902,1.);
#2902 = DIRECTION('',(1.,0.));
#2903 = ( GEOMETRIC_REPRESENTATION_CONTEXT(2) 
PARAMETRIC_REPRESENTATION_CONTEXT() REPRESENTATION_CONTEXT('2D SPACE',''
  ) );
#2904 = ORIENTED_EDGE('',*,*,#2833,.T.);
#2905 = ADVANCED_FACE('',(#2906),#1235,.F.);
#2906 = FACE_BOUND('',#2907,.F.);
#2907 = EDGE_LOOP('',(#2908,#2929,#2957,#2978));
#2908 = ORIENTED_EDGE('',*,*,#2909,.F.);
#2909 = EDGE_CURVE('',#2910,#1221,#2912,.T.);
#2910 = VERTEX_POINT('',#2911);
#2911 = CARTESIAN_POINT('',(15.659747950026,31.482077447578,35.));
#2912 = SURFACE_CURVE('',#2913,(#2917,#2923),.PCURVE_S1.);
#2913 = LINE('',#2914,#2915);
#2914 = CARTESIAN_POINT('',(12.829873975013,31.482077447578,35.));
#2915 = VECTOR('',#2916,1.);
#2916 = DIRECTION('',(1.,0.,-0.));
#2917 = PCURVE('',#1235,#2918);
#2918 = DEFINITIONAL_REPRESENTATION('',(#2919),#2922);
#2919 = B_SPLINE_CURVE_WITH_KNOTS('',1,(#2920,#2921),.UNSPECIFIED.,.F.,
  .F.,(2,2),(2.829873975013,4.046169355856),.PIECEWISE_BEZIER_KNOTS.);
#2920 = CARTESIAN_POINT('',(40.126127856214,0.));
#2921 = CARTESIAN_POINT('',(40.126127856214,1.216295380843));
#2922 = ( GEOMETRIC_REPRESENTATION_CONTEXT(2) 
PARAMETRIC_REPRESENTATION_CONTEXT() REPRESENTATION_CONTEXT('2D SPACE',''
  ) );
#2923 = PCURVE('',#1438,#2924);
#2924 = DEFINITIONAL_REPRESENTATION('',(#2925),#2928);
#2925 = B_SPLINE_CURVE_WITH_KNOTS('',1,(#2926,#2927),.UNSPECIFIED.,.F.,
  .F.,(2,2),(2.829873975013,4.046169355856),.PIECEWISE_BEZIER_KNOTS.);
#2926 = CARTESIAN_POINT('',(5.659747950026,4.482077447578));
#2927 = CARTESIAN_POINT('',(6.876043330869,4.482077447578));
#2928 = ( GEOMETRIC_REPRESENTATION_CONTEXT(2) 
PARAMETRIC_REPRESENTATION_CONTEXT() REPRESENTATION_CONTEXT('2D SPACE',''
  ) );
#2929 = ORIENTED_EDGE('',*,*,#2930,.T.);
#2930 = EDGE_CURVE('',#2910,#2931,#2933,.T.);
#2931 = VERTEX_POINT('',#2932);
#2932 = CARTESIAN_POINT('',(15.659747950026,31.482077447578,
    36.579546199465));
#2933 = SURFACE_CURVE('',#2934,(#2938,#2945),.PCURVE_S1.);
#2934 = LINE('',#2935,#2936);
#2935 = CARTESIAN_POINT('',(15.659747950026,31.482077447578,
    -5.126127856214));
#2936 = VECTOR('',#2937,1.);
#2937 = DIRECTION('',(0.,0.,1.));
#2938 = PCURVE('',#1235,#2939);
#2939 = DEFINITIONAL_REPRESENTATION('',(#2940),#2944);
#2940 = LINE('',#2941,#2942);
#2941 = CARTESIAN_POINT('',(0.,0.));
#2942 = VECTOR('',#2943,1.);
#2943 = DIRECTION('',(1.,0.));
#2944 = ( GEOMETRIC_REPRESENTATION_CONTEXT(2) 
PARAMETRIC_REPRESENTATION_CONTEXT() REPRESENTATION_CONTEXT('2D SPACE',''
  ) );
#2945 = PCURVE('',#2946,#2951);
#2946 = PLANE('',#2947);
#2947 = AXIS2_PLACEMENT_3D('',#2948,#2949,#2950);
#2948 = CARTESIAN_POINT('',(15.659747950026,31.482077447578,
    -5.126127856214));
#2949 = DIRECTION('',(1.,0.,-0.));
#2950 = DIRECTION('',(0.,0.,1.));
#2951 = DEFINITIONAL_REPRESENTATION('',(#2952),#2956);
#2952 = LINE('',#2953,#2954);
#2953 = CARTESIAN_POINT('',(0.,0.));
#2954 = VECTOR('',#2955,1.);
#2955 = DIRECTION('',(1.,0.));
#2956 = ( GEOMETRIC_REPRESENTATION_CONTEXT(2) 
PARAMETRIC_REPRESENTATION_CONTEXT() REPRESENTATION_CONTEXT('2D SPACE',''
  ) );
#2957 = ORIENTED_EDGE('',*,*,#2958,.T.);
#2958 = EDGE_CURVE('',#2931,#1219,#2959,.T.);
#2959 = SURFACE_CURVE('',#2960,(#2964,#2971),.PCURVE_S1.);
#2960 = LINE('',#2961,#2962);
#2961 = CARTESIAN_POINT('',(15.659747950026,31.482077447578,
    36.579546199465));
#2962 = VECTOR('',#2963,1.);
#2963 = DIRECTION('',(1.,0.,-0.));
#2964 = PCURVE('',#1235,#2965);
#2965 = DEFINITIONAL_REPRESENTATION('',(#2966),#2970);
#2966 = LINE('',#2967,#2968);
#2967 = CARTESIAN_POINT('',(41.705674055679,0.));
#2968 = VECTOR('',#2969,1.);
#2969 = DIRECTION('',(0.,1.));
#2970 = ( GEOMETRIC_REPRESENTATION_CONTEXT(2) 
PARAMETRIC_REPRESENTATION_CONTEXT() REPRESENTATION_CONTEXT('2D SPACE',''
  ) );
#2971 = PCURVE('',#1261,#2972);
#2972 = DEFINITIONAL_REPRESENTATION('',(#2973),#2977);
#2973 = LINE('',#2974,#2975);
#2974 = CARTESIAN_POINT('',(0.,0.));
#2975 = VECTOR('',#2976,1.);
#2976 = DIRECTION('',(1.,0.));
#2977 = ( GEOMETRIC_REPRESENTATION_CONTEXT(2) 
PARAMETRIC_REPRESENTATION_CONTEXT() REPRESENTATION_CONTEXT('2D SPACE',''
  ) );
#2978 = ORIENTED_EDGE('',*,*,#1218,.T.);
#2979 = ADVANCED_FACE('',(#2980),#1438,.F.);
#2980 = FACE_BOUND('',#2981,.F.);
#2981 = EDGE_LOOP('',(#2982,#2983,#3004,#3032,#3053,#3079,#3107,#3126));
#2982 = ORIENTED_EDGE('',*,*,#1425,.T.);
#2983 = ORIENTED_EDGE('',*,*,#2984,.T.);
#2984 = EDGE_CURVE('',#1400,#1711,#2985,.T.);
#2985 = SURFACE_CURVE('',#2986,(#2990,#2997),.PCURVE_S1.);
#2986 = LINE('',#2987,#2988);
#2987 = CARTESIAN_POINT('',(10.,27.,35.));
#2988 = VECTOR('',#2989,1.);
#2989 = DIRECTION('',(1.,0.,-0.));
#2990 = PCURVE('',#1438,#2991);
#2991 = DEFINITIONAL_REPRESENTATION('',(#2992),#2996);
#2992 = LINE('',#2993,#2994);
#2993 = CARTESIAN_POINT('',(0.,0.));
#2994 = VECTOR('',#2995,1.);
#2995 = DIRECTION('',(1.,0.));
#2996 = ( GEOMETRIC_REPRESENTATION_CONTEXT(2) 
PARAMETRIC_REPRESENTATION_CONTEXT() REPRESENTATION_CONTEXT('2D SPACE',''
  ) );
#2997 = PCURVE('',#1414,#2998);
#2998 = DEFINITIONAL_REPRESENTATION('',(#2999),#3003);
#2999 = LINE('',#3000,#3001);
#3000 = CARTESIAN_POINT('',(25.,0.));
#3001 = VECTOR('',#3002,1.);
#3002 = DIRECTION('',(0.,1.));
#3003 = ( GEOMETRIC_REPRESENTATION_CONTEXT(2) 
PARAMETRIC_REPRESENTATION_CONTEXT() REPRESENTATION_CONTEXT('2D SPACE',''
  ) );
#3004 = ORIENTED_EDGE('',*,*,#3005,.T.);
#3005 = EDGE_CURVE('',#1711,#3006,#3008,.T.);
#3006 = VERTEX_POINT('',#3007);
#3007 = CARTESIAN_POINT('',(35.,31.794455684021,35.));
#3008 = SURFACE_CURVE('',#3009,(#3013,#3020),.PCURVE_S1.);
#3009 = LINE('',#3010,#3011);
#3010 = CARTESIAN_POINT('',(35.,27.,35.));
#3011 = VECTOR('',#3012,1.);
#3012 = DIRECTION('',(-0.,1.,0.));
#3013 = PCURVE('',#1438,#3014);
#3014 = DEFINITIONAL_REPRESENTATION('',(#3015),#3019);
#3015 = LINE('',#3016,#3017);
#3016 = CARTESIAN_POINT('',(25.,0.));
#3017 = VECTOR('',#3018,1.);
#3018 = DIRECTION('',(0.,1.));
#3019 = ( GEOMETRIC_REPRESENTATION_CONTEXT(2) 
PARAMETRIC_REPRESENTATION_CONTEXT() REPRESENTATION_CONTEXT('2D SPACE',''
  ) );
#3020 = PCURVE('',#3021,#3026);
#3021 = PLANE('',#3022);
#3022 = AXIS2_PLACEMENT_3D('',#3023,#3024,#3025);
#3023 = CARTESIAN_POINT('',(35.,27.,10.));
#3024 = DIRECTION('',(1.,0.,-0.));
#3025 = DIRECTION('',(0.,0.,1.));
#3026 = DEFINITIONAL_REPRESENTATION('',(#3027),#3031);
#3027 = LINE('',#3028,#3029);
#3028 = CARTESIAN_POINT('',(25.,0.));
#3029 = VECTOR('',#3030,1.);
#3030 = DIRECTION('',(0.,-1.));
#3031 = ( GEOMETRIC_REPRESENTATION_CONTEXT(2) 
PARAMETRIC_REPRESENTATION_CONTEXT() REPRESENTATION_CONTEXT('2D SPACE',''
  ) );
#3032 = ORIENTED_EDGE('',*,*,#3033,.F.);
#3033 = EDGE_CURVE('',#3034,#3006,#3036,.T.);
#3034 = VERTEX_POINT('',#3035);
#3035 = CARTESIAN_POINT('',(28.129453266904,31.794455684021,35.));
#3036 = SURFACE_CURVE('',#3037,(#3041,#3047),.PCURVE_S1.);
#3037 = LINE('',#3038,#3039);
#3038 = CARTESIAN_POINT('',(13.438021665435,31.794455684021,35.));
#3039 = VECTOR('',#3040,1.);
#3040 = DIRECTION('',(1.,0.,-0.));
#3041 = PCURVE('',#1438,#3042);
#3042 = DEFINITIONAL_REPRESENTATION('',(#3043),#3046);
#3043 = B_SPLINE_CURVE_WITH_KNOTS('',1,(#3044,#3045),.UNSPECIFIED.,.F.,
  .F.,(2,2),(3.438021665435,21.561978334565),.PIECEWISE_BEZIER_KNOTS.);
#3044 = CARTESIAN_POINT('',(6.876043330869,4.794455684021));
#3045 = CARTESIAN_POINT('',(25.,4.794455684021));
#3046 = ( GEOMETRIC_REPRESENTATION_CONTEXT(2) 
PARAMETRIC_REPRESENTATION_CONTEXT() REPRESENTATION_CONTEXT('2D SPACE',''
  ) );
#3047 = PCURVE('',#1288,#3048);
#3048 = DEFINITIONAL_REPRESENTATION('',(#3049),#3052);
#3049 = B_SPLINE_CURVE_WITH_KNOTS('',1,(#3050,#3051),.UNSPECIFIED.,.F.,
  .F.,(2,2),(3.438021665435,21.561978334565),.PIECEWISE_BEZIER_KNOTS.);
#3050 = CARTESIAN_POINT('',(40.247048642192,0.));
#3051 = CARTESIAN_POINT('',(40.247048642192,18.123956669131));
#3052 = ( GEOMETRIC_REPRESENTATION_CONTEXT(2) 
PARAMETRIC_REPRESENTATION_CONTEXT() REPRESENTATION_CONTEXT('2D SPACE',''
  ) );
#3053 = ORIENTED_EDGE('',*,*,#3054,.F.);
#3054 = EDGE_CURVE('',#3055,#3034,#3057,.T.);
#3055 = VERTEX_POINT('',#3056);
#3056 = CARTESIAN_POINT('',(28.129453266904,35.,35.));
#3057 = SURFACE_CURVE('',#3058,(#3062,#3068),.PCURVE_S1.);
#3058 = LINE('',#3059,#3060);
#3059 = CARTESIAN_POINT('',(28.129453266904,29.241038723789,35.));
#3060 = VECTOR('',#3061,1.);
#3061 = DIRECTION('',(0.,-1.,0.));
#3062 = PCURVE('',#1438,#3063);
#3063 = DEFINITIONAL_REPRESENTATION('',(#3064),#3067);
#3064 = B_SPLINE_CURVE_WITH_KNOTS('',1,(#3065,#3066),.UNSPECIFIED.,.F.,
  .F.,(2,2),(-7.758961276211,-2.553416960232),.PIECEWISE_BEZIER_KNOTS.);
#3065 = CARTESIAN_POINT('',(18.129453266904,10.));
#3066 = CARTESIAN_POINT('',(18.129453266904,4.794455684021));
#3067 = ( GEOMETRIC_REPRESENTATION_CONTEXT(2) 
PARAMETRIC_REPRESENTATION_CONTEXT() REPRESENTATION_CONTEXT('2D SPACE',''
  ) );
#3068 = PCURVE('',#3069,#3074);
#3069 = PLANE('',#3070);
#3070 = AXIS2_PLACEMENT_3D('',#3071,#3072,#3073);
#3071 = CARTESIAN_POINT('',(28.129453266904,31.482077447578,
    -5.126127856214));
#3072 = DIRECTION('',(1.,0.,-0.));
#3073 = DIRECTION('',(0.,0.,1.));
#3074 = DEFINITIONAL_REPRESENTATION('',(#3075),#3078);
#3075 = B_SPLINE_CURVE_WITH_KNOTS('',1,(#3076,#3077),.UNSPECIFIED.,.F.,
  .F.,(2,2),(-7.758961276211,-2.553416960232),.PIECEWISE_BEZIER_KNOTS.);
#3076 = CARTESIAN_POINT('',(40.126127856214,-5.517922552422));
#3077 = CARTESIAN_POINT('',(40.126127856214,-0.312378236443));
#3078 = ( GEOMETRIC_REPRESENTATION_CONTEXT(2) 
PARAMETRIC_REPRESENTATION_CONTEXT() REPRESENTATION_CONTEXT('2D SPACE',''
  ) );
#3079 = ORIENTED_EDGE('',*,*,#3080,.F.);
#3080 = EDGE_CURVE('',#3081,#3055,#3083,.T.);
#3081 = VERTEX_POINT('',#3082);
#3082 = CARTESIAN_POINT('',(15.659747950026,35.,35.));
#3083 = SURFACE_CURVE('',#3084,(#3088,#3095),.PCURVE_S1.);
#3084 = LINE('',#3085,#3086);
#3085 = CARTESIAN_POINT('',(10.,35.,35.));
#3086 = VECTOR('',#3087,1.);
#3087 = DIRECTION('',(1.,0.,-0.));
#3088 = PCURVE('',#1438,#3089);
#3089 = DEFINITIONAL_REPRESENTATION('',(#3090),#3094);
#3090 = LINE('',#3091,#3092);
#3091 = CARTESIAN_POINT('',(0.,8.));
#3092 = VECTOR('',#3093,1.);
#3093 = DIRECTION('',(1.,0.));
#3094 = ( GEOMETRIC_REPRESENTATION_CONTEXT(2) 
PARAMETRIC_REPRESENTATION_CONTEXT() REPRESENTATION_CONTEXT('2D SPACE',''
  ) );
#3095 = PCURVE('',#3096,#3101);
#3096 = PLANE('',#3097);
#3097 = AXIS2_PLACEMENT_3D('',#3098,#3099,#3100);
#3098 = CARTESIAN_POINT('',(10.,35.,35.));
#3099 = DIRECTION('',(0.,0.,1.));
#3100 = DIRECTION('',(1.,0.,-0.));
#3101 = DEFINITIONAL_REPRESENTATION('',(#3102),#3106);
#3102 = LINE('',#3103,#3104);
#3103 = CARTESIAN_POINT('',(0.,0.));
#3104 = VECTOR('',#3105,1.);
#3105 = DIRECTION('',(1.,0.));
#3106 = ( GEOMETRIC_REPRESENTATION_CONTEXT(2) 
PARAMETRIC_REPRESENTATION_CONTEXT() REPRESENTATION_CONTEXT('2D SPACE',''
  ) );
#3107 = ORIENTED_EDGE('',*,*,#3108,.T.);
#3108 = EDGE_CURVE('',#3081,#2910,#3109,.T.);
#3109 = SURFACE_CURVE('',#3110,(#3114,#3120),.PCURVE_S1.);
#3110 = LINE('',#3111,#3112);
#3111 = CARTESIAN_POINT('',(15.659747950026,29.241038723789,35.));
#3112 = VECTOR('',#3113,1.);
#3113 = DIRECTION('',(0.,-1.,0.));
#3114 = PCURVE('',#1438,#3115);
#3115 = DEFINITIONAL_REPRESENTATION('',(#3116),#3119);
#3116 = B_SPLINE_CURVE_WITH_KNOTS('',1,(#3117,#3118),.UNSPECIFIED.,.F.,
  .F.,(2,2),(-7.758961276211,-2.241038723789),.PIECEWISE_BEZIER_KNOTS.);
#3117 = CARTESIAN_POINT('',(5.659747950026,10.));
#3118 = CARTESIAN_POINT('',(5.659747950026,4.482077447578));
#3119 = ( GEOMETRIC_REPRESENTATION_CONTEXT(2) 
PARAMETRIC_REPRESENTATION_CONTEXT() REPRESENTATION_CONTEXT('2D SPACE',''
  ) );
#3120 = PCURVE('',#2946,#3121);
#3121 = DEFINITIONAL_REPRESENTATION('',(#3122),#3125);
#3122 = B_SPLINE_CURVE_WITH_KNOTS('',1,(#3123,#3124),.UNSPECIFIED.,.F.,
  .F.,(2,2),(-7.758961276211,-2.241038723789),.PIECEWISE_BEZIER_KNOTS.);
#3123 = CARTESIAN_POINT('',(40.126127856214,-5.517922552422));
#3124 = CARTESIAN_POINT('',(40.126127856214,0.));
#3125 = ( GEOMETRIC_REPRESENTATION_CONTEXT(2) 
PARAMETRIC_REPRESENTATION_CONTEXT() REPRESENTATION_CONTEXT('2D SPACE',''
  ) );
#3126 = ORIENTED_EDGE('',*,*,#2909,.T.);
#3127 = ADVANCED_FACE('',(#3128),#1414,.T.);
#3128 = FACE_BOUND('',#3129,.T.);
#3129 = EDGE_LOOP('',(#3130,#3131,#3150,#3151));
#3130 = ORIENTED_EDGE('',*,*,#1710,.F.);
#3131 = ORIENTED_EDGE('',*,*,#3132,.T.);
#3132 = EDGE_CURVE('',#1690,#1374,#3133,.T.);
#3133 = SURFACE_CURVE('',#3134,(#3138,#3144),.PCURVE_S1.);
#3134 = LINE('',#3135,#3136);
#3135 = CARTESIAN_POINT('',(10.,27.,15.));
#3136 = VECTOR('',#3137,1.);
#3137 = DIRECTION('',(-1.,-0.,0.));
#3138 = PCURVE('',#1414,#3139);
#3139 = DEFINITIONAL_REPRESENTATION('',(#3140),#3143);
#3140 = B_SPLINE_CURVE_WITH_KNOTS('',1,(#3141,#3142),.UNSPECIFIED.,.F.,
  .F.,(2,2),(-25.,-5.659747950026),.PIECEWISE_BEZIER_KNOTS.);
#3141 = CARTESIAN_POINT('',(5.,25.));
#3142 = CARTESIAN_POINT('',(5.,5.659747950026));
#3143 = ( GEOMETRIC_REPRESENTATION_CONTEXT(2) 
PARAMETRIC_REPRESENTATION_CONTEXT() REPRESENTATION_CONTEXT('2D SPACE',''
  ) );
#3144 = PCURVE('',#1388,#3145);
#3145 = DEFINITIONAL_REPRESENTATION('',(#3146),#3149);
#3146 = B_SPLINE_CURVE_WITH_KNOTS('',1,(#3147,#3148),.UNSPECIFIED.,.F.,
  .F.,(2,2),(-25.,-5.659747950026),.PIECEWISE_BEZIER_KNOTS.);
#3147 = CARTESIAN_POINT('',(25.,2.));
#3148 = CARTESIAN_POINT('',(5.659747950026,2.));
#3149 = ( GEOMETRIC_REPRESENTATION_CONTEXT(2) 
PARAMETRIC_REPRESENTATION_CONTEXT() REPRESENTATION_CONTEXT('2D SPACE',''
  ) );
#3150 = ORIENTED_EDGE('',*,*,#1399,.T.);
#3151 = ORIENTED_EDGE('',*,*,#2984,.T.);
#3152 = ADVANCED_FACE('',(#3153),#1388,.F.);
#3153 = FACE_BOUND('',#3154,.F.);
#3154 = EDGE_LOOP('',(#3155,#3156,#3157,#3158));
#3155 = ORIENTED_EDGE('',*,*,#1689,.F.);
#3156 = ORIENTED_EDGE('',*,*,#3132,.T.);
#3157 = ORIENTED_EDGE('',*,*,#1373,.T.);
#3158 = ORIENTED_EDGE('',*,*,#1618,.T.);
#3159 = ADVANCED_FACE('',(#3160,#3208,#3574),#1316,.T.);
#3160 = FACE_BOUND('',#3161,.T.);
#3161 = EDGE_LOOP('',(#3162,#3163,#3164,#3187));
#3162 = ORIENTED_EDGE('',*,*,#1300,.F.);
#3163 = ORIENTED_EDGE('',*,*,#1456,.T.);
#3164 = ORIENTED_EDGE('',*,*,#3165,.T.);
#3165 = EDGE_CURVE('',#1457,#3166,#3168,.T.);
#3166 = VERTEX_POINT('',#3167);
#3167 = CARTESIAN_POINT('',(46.582819461275,31.794455684021,
    45.265717903365));
#3168 = SURFACE_CURVE('',#3169,(#3173,#3180),.PCURVE_S1.);
#3169 = LINE('',#3170,#3171);
#3170 = CARTESIAN_POINT('',(46.582819461275,16.019475888555,
    45.265717903365));
#3171 = VECTOR('',#3172,1.);
#3172 = DIRECTION('',(-0.,1.,0.));
#3173 = PCURVE('',#1316,#3174);
#3174 = DEFINITIONAL_REPRESENTATION('',(#3175),#3179);
#3175 = LINE('',#3176,#3177);
#3176 = CARTESIAN_POINT('',(29.706776130405,0.));
#3177 = VECTOR('',#3178,1.);
#3178 = DIRECTION('',(0.,1.));
#3179 = ( GEOMETRIC_REPRESENTATION_CONTEXT(2) 
PARAMETRIC_REPRESENTATION_CONTEXT() REPRESENTATION_CONTEXT('2D SPACE',''
  ) );
#3180 = PCURVE('',#1495,#3181);
#3181 = DEFINITIONAL_REPRESENTATION('',(#3182),#3186);
#3182 = LINE('',#3183,#3184);
#3183 = CARTESIAN_POINT('',(50.512766545558,0.));
#3184 = VECTOR('',#3185,1.);
#3185 = DIRECTION('',(0.,-1.));
#3186 = ( GEOMETRIC_REPRESENTATION_CONTEXT(2) 
PARAMETRIC_REPRESENTATION_CONTEXT() REPRESENTATION_CONTEXT('2D SPACE',''
  ) );
#3187 = ORIENTED_EDGE('',*,*,#3188,.F.);
#3188 = EDGE_CURVE('',#1273,#3166,#3189,.T.);
#3189 = SURFACE_CURVE('',#3190,(#3194,#3201),.PCURVE_S1.);
#3190 = LINE('',#3191,#3192);
#3191 = CARTESIAN_POINT('',(16.876043330869,31.794455684021,
    45.265717903365));
#3192 = VECTOR('',#3193,1.);
#3193 = DIRECTION('',(1.,0.,-0.));
#3194 = PCURVE('',#1316,#3195);
#3195 = DEFINITIONAL_REPRESENTATION('',(#3196),#3200);
#3196 = LINE('',#3197,#3198);
#3197 = CARTESIAN_POINT('',(0.,15.774979795466));
#3198 = VECTOR('',#3199,1.);
#3199 = DIRECTION('',(1.,0.));
#3200 = ( GEOMETRIC_REPRESENTATION_CONTEXT(2) 
PARAMETRIC_REPRESENTATION_CONTEXT() REPRESENTATION_CONTEXT('2D SPACE',''
  ) );
#3201 = PCURVE('',#1288,#3202);
#3202 = DEFINITIONAL_REPRESENTATION('',(#3203),#3207);
#3203 = LINE('',#3204,#3205);
#3204 = CARTESIAN_POINT('',(50.512766545558,0.));
#3205 = VECTOR('',#3206,1.);
#3206 = DIRECTION('',(0.,1.));
#3207 = ( GEOMETRIC_REPRESENTATION_CONTEXT(2) 
PARAMETRIC_REPRESENTATION_CONTEXT() REPRESENTATION_CONTEXT('2D SPACE',''
  ) );
#3208 = FACE_BOUND('',#3209,.T.);
#3209 = EDGE_LOOP('',(#3210,#3238,#3264,#3290,#3316,#3342,#3368,#3394,
    #3420,#3446,#3472,#3498,#3524,#3550));
#3210 = ORIENTED_EDGE('',*,*,#3211,.T.);
#3211 = EDGE_CURVE('',#3212,#3214,#3216,.T.);
#3212 = VERTEX_POINT('',#3213);
#3213 = CARTESIAN_POINT('',(26.331678757271,17.902286734752,
    45.265717903365));
#3214 = VERTEX_POINT('',#3215);
#3215 = CARTESIAN_POINT('',(26.331678757271,23.255191040957,
    45.265717903365));
#3216 = SURFACE_CURVE('',#3217,(#3221,#3227),.PCURVE_S1.);
#3217 = LINE('',#3218,#3219);
#3218 = CARTESIAN_POINT('',(26.331678757271,16.960881311653,
    45.265717903365));
#3219 = VECTOR('',#3220,1.);
#3220 = DIRECTION('',(0.,1.,0.));
#3221 = PCURVE('',#1316,#3222);
#3222 = DEFINITIONAL_REPRESENTATION('',(#3223),#3226);
#3223 = B_SPLINE_CURVE_WITH_KNOTS('',1,(#3224,#3225),.UNSPECIFIED.,.F.,
  .F.,(2,2),(0.941405423098,6.326223573861),.PIECEWISE_BEZIER_KNOTS.);
#3224 = CARTESIAN_POINT('',(9.455635426402,1.882810846197));
#3225 = CARTESIAN_POINT('',(9.455635426402,7.267628996959));
#3226 = ( GEOMETRIC_REPRESENTATION_CONTEXT(2) 
PARAMETRIC_REPRESENTATION_CONTEXT() REPRESENTATION_CONTEXT('2D SPACE',''
  ) );
#3227 = PCURVE('',#3228,#3233);
#3228 = PLANE('',#3229);
#3229 = AXIS2_PLACEMENT_3D('',#3230,#3231,#3232);
#3230 = CARTESIAN_POINT('',(26.331678757271,17.902286734752,
    32.044574176073));
#3231 = DIRECTION('',(1.,0.,0.));
#3232 = DIRECTION('',(0.,0.,1.));
#3233 = DEFINITIONAL_REPRESENTATION('',(#3234),#3237);
#3234 = B_SPLINE_CURVE_WITH_KNOTS('',1,(#3235,#3236),.UNSPECIFIED.,.F.,
  .F.,(2,2),(0.941405423098,6.326223573861),.PIECEWISE_BEZIER_KNOTS.);
#3235 = CARTESIAN_POINT('',(13.221143727292,0.));
#3236 = CARTESIAN_POINT('',(13.221143727292,-5.384818150762));
#3237 = ( GEOMETRIC_REPRESENTATION_CONTEXT(2) 
PARAMETRIC_REPRESENTATION_CONTEXT() REPRESENTATION_CONTEXT('2D SPACE',''
  ) );
#3238 = ORIENTED_EDGE('',*,*,#3239,.T.);
#3239 = EDGE_CURVE('',#3214,#3240,#3242,.T.);
#3240 = VERTEX_POINT('',#3241);
#3241 = CARTESIAN_POINT('',(21.907325195764,23.255191040957,
    45.265717903365));
#3242 = SURFACE_CURVE('',#3243,(#3247,#3253),.PCURVE_S1.);
#3243 = LINE('',#3244,#3245);
#3244 = CARTESIAN_POINT('',(19.391684263317,23.255191040957,
    45.265717903365));
#3245 = VECTOR('',#3246,1.);
#3246 = DIRECTION('',(-1.,0.,0.));
#3247 = PCURVE('',#1316,#3248);
#3248 = DEFINITIONAL_REPRESENTATION('',(#3249),#3252);
#3249 = B_SPLINE_CURVE_WITH_KNOTS('',1,(#3250,#3251),.UNSPECIFIED.,.F.,
  .F.,(2,2),(-6.939994493955,-2.515640932447),.PIECEWISE_BEZIER_KNOTS.);
#3250 = CARTESIAN_POINT('',(9.455635426402,7.235715152402));
#3251 = CARTESIAN_POINT('',(5.031281864895,7.235715152402));
#3252 = ( GEOMETRIC_REPRESENTATION_CONTEXT(2) 
PARAMETRIC_REPRESENTATION_CONTEXT() REPRESENTATION_CONTEXT('2D SPACE',''
  ) );
#3253 = PCURVE('',#3254,#3259);
#3254 = PLANE('',#3255);
#3255 = AXIS2_PLACEMENT_3D('',#3256,#3257,#3258);
#3256 = CARTESIAN_POINT('',(21.907325195764,23.255191040957,
    34.426909120446));
#3257 = DIRECTION('',(0.,1.,0.));
#3258 = DIRECTION('',(0.,0.,1.));
#3259 = DEFINITIONAL_REPRESENTATION('',(#3260),#3263);
#3260 = B_SPLINE_CURVE_WITH_KNOTS('',1,(#3261,#3262),.UNSPECIFIED.,.F.,
  .F.,(2,2),(-6.939994493955,-2.515640932447),.PIECEWISE_BEZIER_KNOTS.);
#3261 = CARTESIAN_POINT('',(10.838808782919,4.424353561507));
#3262 = CARTESIAN_POINT('',(10.838808782919,0.));
#3263 = ( GEOMETRIC_REPRESENTATION_CONTEXT(2) 
PARAMETRIC_REPRESENTATION_CONTEXT() REPRESENTATION_CONTEXT('2D SPACE',''
  ) );
#3264 = ORIENTED_EDGE('',*,*,#3265,.T.);
#3265 = EDGE_CURVE('',#3240,#3266,#3268,.T.);
#3266 = VERTEX_POINT('',#3267);
#3267 = CARTESIAN_POINT('',(21.907325195764,24.2856135139,
    45.265717903365));
#3268 = SURFACE_CURVE('',#3269,(#3273,#3279),.PCURVE_S1.);
#3269 = LINE('',#3270,#3271);
#3270 = CARTESIAN_POINT('',(21.907325195764,19.637333464756,
    45.265717903365));
#3271 = VECTOR('',#3272,1.);
#3272 = DIRECTION('',(0.,1.,0.));
#3273 = PCURVE('',#1316,#3274);
#3274 = DEFINITIONAL_REPRESENTATION('',(#3275),#3278);
#3275 = B_SPLINE_CURVE_WITH_KNOTS('',1,(#3276,#3277),.UNSPECIFIED.,.F.,
  .F.,(2,2),(3.617857576201,4.648280049144),.PIECEWISE_BEZIER_KNOTS.);
#3276 = CARTESIAN_POINT('',(5.031281864895,7.235715152402));
#3277 = CARTESIAN_POINT('',(5.031281864895,8.266137625345));
#3278 = ( GEOMETRIC_REPRESENTATION_CONTEXT(2) 
PARAMETRIC_REPRESENTATION_CONTEXT() REPRESENTATION_CONTEXT('2D SPACE',''
  ) );
#3279 = PCURVE('',#3280,#3285);
#3280 = PLANE('',#3281);
#3281 = AXIS2_PLACEMENT_3D('',#3282,#3283,#3284);
#3282 = CARTESIAN_POINT('',(21.907325195764,23.255191040957,
    34.426909120446));
#3283 = DIRECTION('',(1.,0.,0.));
#3284 = DIRECTION('',(0.,0.,1.));
#3285 = DEFINITIONAL_REPRESENTATION('',(#3286),#3289);
#3286 = B_SPLINE_CURVE_WITH_KNOTS('',1,(#3287,#3288),.UNSPECIFIED.,.F.,
  .F.,(2,2),(3.617857576201,4.648280049144),.PIECEWISE_BEZIER_KNOTS.);
#3287 = CARTESIAN_POINT('',(10.838808782919,1.7763568394E-15));
#3288 = CARTESIAN_POINT('',(10.838808782919,-1.030422472943));
#3289 = ( GEOMETRIC_REPRESENTATION_CONTEXT(2) 
PARAMETRIC_REPRESENTATION_CONTEXT() REPRESENTATION_CONTEXT('2D SPACE',''
  ) );
#3290 = ORIENTED_EDGE('',*,*,#3291,.F.);
#3291 = EDGE_CURVE('',#3292,#3266,#3294,.T.);
#3292 = VERTEX_POINT('',#3293);
#3293 = CARTESIAN_POINT('',(30.111725607507,24.2856135139,
    45.265717903365));
#3294 = SURFACE_CURVE('',#3295,(#3299,#3305),.PCURVE_S1.);
#3295 = LINE('',#3296,#3297);
#3296 = CARTESIAN_POINT('',(19.391684263317,24.2856135139,
    45.265717903365));
#3297 = VECTOR('',#3298,1.);
#3298 = DIRECTION('',(-1.,0.,0.));
#3299 = PCURVE('',#1316,#3300);
#3300 = DEFINITIONAL_REPRESENTATION('',(#3301),#3304);
#3301 = B_SPLINE_CURVE_WITH_KNOTS('',1,(#3302,#3303),.UNSPECIFIED.,.F.,
  .F.,(2,2),(-10.72004134419,-2.515640932447),.PIECEWISE_BEZIER_KNOTS.);
#3302 = CARTESIAN_POINT('',(13.235682276637,8.266137625345));
#3303 = CARTESIAN_POINT('',(5.031281864895,8.266137625345));
#3304 = ( GEOMETRIC_REPRESENTATION_CONTEXT(2) 
PARAMETRIC_REPRESENTATION_CONTEXT() REPRESENTATION_CONTEXT('2D SPACE',''
  ) );
#3305 = PCURVE('',#3306,#3311);
#3306 = PLANE('',#3307);
#3307 = AXIS2_PLACEMENT_3D('',#3308,#3309,#3310);
#3308 = CARTESIAN_POINT('',(21.907325195764,24.2856135139,
    34.426909120446));
#3309 = DIRECTION('',(0.,1.,0.));
#3310 = DIRECTION('',(0.,0.,1.));
#3311 = DEFINITIONAL_REPRESENTATION('',(#3312),#3315);
#3312 = B_SPLINE_CURVE_WITH_KNOTS('',1,(#3313,#3314),.UNSPECIFIED.,.F.,
  .F.,(2,2),(-10.72004134419,-2.515640932447),.PIECEWISE_BEZIER_KNOTS.);
#3313 = CARTESIAN_POINT('',(10.838808782919,8.204400411743));
#3314 = CARTESIAN_POINT('',(10.838808782919,0.));
#3315 = ( GEOMETRIC_REPRESENTATION_CONTEXT(2) 
PARAMETRIC_REPRESENTATION_CONTEXT() REPRESENTATION_CONTEXT('2D SPACE',''
  ) );
#3316 = ORIENTED_EDGE('',*,*,#3317,.F.);
#3317 = EDGE_CURVE('',#3318,#3292,#3320,.T.);
#3318 = VERTEX_POINT('',#3319);
#3319 = CARTESIAN_POINT('',(30.111725607507,24.274188301089,
    45.265717903365));
#3320 = SURFACE_CURVE('',#3321,(#3325,#3331),.PCURVE_S1.);
#3321 = LINE('',#3322,#3323);
#3322 = CARTESIAN_POINT('',(30.111725607507,19.637333464756,
    45.265717903365));
#3323 = VECTOR('',#3324,1.);
#3324 = DIRECTION('',(0.,1.,0.));
#3325 = PCURVE('',#1316,#3326);
#3326 = DEFINITIONAL_REPRESENTATION('',(#3327),#3330);
#3327 = B_SPLINE_CURVE_WITH_KNOTS('',1,(#3328,#3329),.UNSPECIFIED.,.F.,
  .F.,(2,2),(3.946018338254,4.648280049144),.PIECEWISE_BEZIER_KNOTS.);
#3328 = CARTESIAN_POINT('',(13.235682276637,7.563875914455));
#3329 = CARTESIAN_POINT('',(13.235682276637,8.266137625345));
#3330 = ( GEOMETRIC_REPRESENTATION_CONTEXT(2) 
PARAMETRIC_REPRESENTATION_CONTEXT() REPRESENTATION_CONTEXT('2D SPACE',''
  ) );
#3331 = PCURVE('',#3332,#3337);
#3332 = PLANE('',#3333);
#3333 = AXIS2_PLACEMENT_3D('',#3334,#3335,#3336);
#3334 = CARTESIAN_POINT('',(30.111725607507,23.255191040957,
    34.426909120446));
#3335 = DIRECTION('',(1.,0.,0.));
#3336 = DIRECTION('',(0.,0.,1.));
#3337 = DEFINITIONAL_REPRESENTATION('',(#3338),#3341);
#3338 = B_SPLINE_CURVE_WITH_KNOTS('',1,(#3339,#3340),.UNSPECIFIED.,.F.,
  .F.,(2,2),(3.946018338254,4.648280049144),.PIECEWISE_BEZIER_KNOTS.);
#3339 = CARTESIAN_POINT('',(10.838808782919,-0.328160762053));
#3340 = CARTESIAN_POINT('',(10.838808782919,-1.030422472943));
#3341 = ( GEOMETRIC_REPRESENTATION_CONTEXT(2) 
PARAMETRIC_REPRESENTATION_CONTEXT() REPRESENTATION_CONTEXT('2D SPACE',''
  ) );
#3342 = ORIENTED_EDGE('',*,*,#3343,.F.);
#3343 = EDGE_CURVE('',#3344,#3318,#3346,.T.);
#3344 = VERTEX_POINT('',#3345);
#3345 = CARTESIAN_POINT('',(30.59174731071,24.274188301089,
    45.265717903365));
#3346 = SURFACE_CURVE('',#3347,(#3351,#3357),.PCURVE_S1.);
#3347 = LINE('',#3348,#3349);
#3348 = CARTESIAN_POINT('',(22.510688116153,24.274188301089,
    45.265717903365));
#3349 = VECTOR('',#3350,1.);
#3350 = DIRECTION('',(-1.,0.,0.));
#3351 = PCURVE('',#1316,#3352);
#3352 = DEFINITIONAL_REPRESENTATION('',(#3353),#3356);
#3353 = B_SPLINE_CURVE_WITH_KNOTS('',1,(#3354,#3355),.UNSPECIFIED.,.F.,
  .F.,(2,2),(-8.081059194557,-7.601037491354),.PIECEWISE_BEZIER_KNOTS.);
#3354 = CARTESIAN_POINT('',(13.715703979841,8.254712412534));
#3355 = CARTESIAN_POINT('',(13.235682276637,8.254712412534));
#3356 = ( GEOMETRIC_REPRESENTATION_CONTEXT(2) 
PARAMETRIC_REPRESENTATION_CONTEXT() REPRESENTATION_CONTEXT('2D SPACE',''
  ) );
#3357 = PCURVE('',#3358,#3363);
#3358 = PLANE('',#3359);
#3359 = AXIS2_PLACEMENT_3D('',#3360,#3361,#3362);
#3360 = CARTESIAN_POINT('',(28.145332901436,24.274188301089,
    34.601459778827));
#3361 = DIRECTION('',(0.,1.,0.));
#3362 = DIRECTION('',(0.,0.,1.));
#3363 = DEFINITIONAL_REPRESENTATION('',(#3364),#3367);
#3364 = B_SPLINE_CURVE_WITH_KNOTS('',1,(#3365,#3366),.UNSPECIFIED.,.F.,
  .F.,(2,2),(-8.081059194557,-7.601037491354),.PIECEWISE_BEZIER_KNOTS.);
#3365 = CARTESIAN_POINT('',(10.664258124538,2.446414409274));
#3366 = CARTESIAN_POINT('',(10.664258124538,1.966392706071));
#3367 = ( GEOMETRIC_REPRESENTATION_CONTEXT(2) 
PARAMETRIC_REPRESENTATION_CONTEXT() REPRESENTATION_CONTEXT('2D SPACE',''
  ) );
#3368 = ORIENTED_EDGE('',*,*,#3369,.F.);
#3369 = EDGE_CURVE('',#3370,#3344,#3372,.T.);
#3370 = VERTEX_POINT('',#3371);
#3371 = CARTESIAN_POINT('',(30.59174731071,23.266616253768,
    45.265717903365));
#3372 = SURFACE_CURVE('',#3373,(#3377,#3383),.PCURVE_S1.);
#3373 = LINE('',#3374,#3375);
#3374 = CARTESIAN_POINT('',(30.59174731071,19.643046071161,
    45.265717903365));
#3375 = VECTOR('',#3376,1.);
#3376 = DIRECTION('',(0.,1.,0.));
#3377 = PCURVE('',#1316,#3378);
#3378 = DEFINITIONAL_REPRESENTATION('',(#3379),#3382);
#3379 = B_SPLINE_CURVE_WITH_KNOTS('',1,(#3380,#3381),.UNSPECIFIED.,.F.,
  .F.,(2,2),(3.623570182606,4.631142229928),.PIECEWISE_BEZIER_KNOTS.);
#3380 = CARTESIAN_POINT('',(13.715703979841,7.247140365213));
#3381 = CARTESIAN_POINT('',(13.715703979841,8.254712412534));
#3382 = ( GEOMETRIC_REPRESENTATION_CONTEXT(2) 
PARAMETRIC_REPRESENTATION_CONTEXT() REPRESENTATION_CONTEXT('2D SPACE',''
  ) );
#3383 = PCURVE('',#3384,#3389);
#3384 = PLANE('',#3385);
#3385 = AXIS2_PLACEMENT_3D('',#3386,#3387,#3388);
#3386 = CARTESIAN_POINT('',(30.59174731071,23.266616253768,
    34.601459778827));
#3387 = DIRECTION('',(1.,0.,0.));
#3388 = DIRECTION('',(0.,0.,1.));
#3389 = DEFINITIONAL_REPRESENTATION('',(#3390),#3393);
#3390 = B_SPLINE_CURVE_WITH_KNOTS('',1,(#3391,#3392),.UNSPECIFIED.,.F.,
  .F.,(2,2),(3.623570182606,4.631142229928),.PIECEWISE_BEZIER_KNOTS.);
#3391 = CARTESIAN_POINT('',(10.664258124538,2.22044604925E-15));
#3392 = CARTESIAN_POINT('',(10.664258124538,-1.007572047321));
#3393 = ( GEOMETRIC_REPRESENTATION_CONTEXT(2) 
PARAMETRIC_REPRESENTATION_CONTEXT() REPRESENTATION_CONTEXT('2D SPACE',''
  ) );
#3394 = ORIENTED_EDGE('',*,*,#3395,.T.);
#3395 = EDGE_CURVE('',#3370,#3396,#3398,.T.);
#3396 = VERTEX_POINT('',#3397);
#3397 = CARTESIAN_POINT('',(30.190388109478,23.266616253768,
    45.265717903365));
#3398 = SURFACE_CURVE('',#3399,(#3403,#3409),.PCURVE_S1.);
#3399 = LINE('',#3400,#3401);
#3400 = CARTESIAN_POINT('',(22.510688116153,23.266616253768,
    45.265717903365));
#3401 = VECTOR('',#3402,1.);
#3402 = DIRECTION('',(-1.,0.,0.));
#3403 = PCURVE('',#1316,#3404);
#3404 = DEFINITIONAL_REPRESENTATION('',(#3405),#3408);
#3405 = B_SPLINE_CURVE_WITH_KNOTS('',1,(#3406,#3407),.UNSPECIFIED.,.F.,
  .F.,(2,2),(-8.081059194557,-7.679699993325),.PIECEWISE_BEZIER_KNOTS.);
#3406 = CARTESIAN_POINT('',(13.715703979841,7.247140365213));
#3407 = CARTESIAN_POINT('',(13.314344778609,7.247140365213));
#3408 = ( GEOMETRIC_REPRESENTATION_CONTEXT(2) 
PARAMETRIC_REPRESENTATION_CONTEXT() REPRESENTATION_CONTEXT('2D SPACE',''
  ) );
#3409 = PCURVE('',#3410,#3415);
#3410 = PLANE('',#3411);
#3411 = AXIS2_PLACEMENT_3D('',#3412,#3413,#3414);
#3412 = CARTESIAN_POINT('',(28.145332901436,23.266616253768,
    34.601459778827));
#3413 = DIRECTION('',(0.,1.,0.));
#3414 = DIRECTION('',(0.,0.,1.));
#3415 = DEFINITIONAL_REPRESENTATION('',(#3416),#3419);
#3416 = B_SPLINE_CURVE_WITH_KNOTS('',1,(#3417,#3418),.UNSPECIFIED.,.F.,
  .F.,(2,2),(-8.081059194557,-7.679699993325),.PIECEWISE_BEZIER_KNOTS.);
#3417 = CARTESIAN_POINT('',(10.664258124538,2.446414409274));
#3418 = CARTESIAN_POINT('',(10.664258124538,2.045055208042));
#3419 = ( GEOMETRIC_REPRESENTATION_CONTEXT(2) 
PARAMETRIC_REPRESENTATION_CONTEXT() REPRESENTATION_CONTEXT('2D SPACE',''
  ) );
#3420 = ORIENTED_EDGE('',*,*,#3421,.F.);
#3421 = EDGE_CURVE('',#3422,#3396,#3424,.T.);
#3422 = VERTEX_POINT('',#3423);
#3423 = CARTESIAN_POINT('',(30.190388109478,20.781746284551,
    45.265717903365));
#3424 = SURFACE_CURVE('',#3425,(#3429,#3435),.PCURVE_S1.);
#3425 = LINE('',#3426,#3427);
#3426 = CARTESIAN_POINT('',(30.190388109478,18.400611086553,
    45.265717903365));
#3427 = VECTOR('',#3428,1.);
#3428 = DIRECTION('',(0.,1.,0.));
#3429 = PCURVE('',#1316,#3430);
#3430 = DEFINITIONAL_REPRESENTATION('',(#3431),#3434);
#3431 = B_SPLINE_CURVE_WITH_KNOTS('',1,(#3432,#3433),.UNSPECIFIED.,.F.,
  .F.,(2,2),(2.381135197998,5.182740716457),.PIECEWISE_BEZIER_KNOTS.);
#3432 = CARTESIAN_POINT('',(13.314344778609,4.762270395996));
#3433 = CARTESIAN_POINT('',(13.314344778609,7.563875914455));
#3434 = ( GEOMETRIC_REPRESENTATION_CONTEXT(2) 
PARAMETRIC_REPRESENTATION_CONTEXT() REPRESENTATION_CONTEXT('2D SPACE',''
  ) );
#3435 = PCURVE('',#3436,#3441);
#3436 = PLANE('',#3437);
#3437 = AXIS2_PLACEMENT_3D('',#3438,#3439,#3440);
#3438 = CARTESIAN_POINT('',(30.190388109478,20.781746284551,
    30.375676854463));
#3439 = DIRECTION('',(1.,0.,0.));
#3440 = DIRECTION('',(0.,0.,1.));
#3441 = DEFINITIONAL_REPRESENTATION('',(#3442),#3445);
#3442 = B_SPLINE_CURVE_WITH_KNOTS('',1,(#3443,#3444),.UNSPECIFIED.,.F.,
  .F.,(2,2),(2.381135197998,5.182740716457),.PIECEWISE_BEZIER_KNOTS.);
#3443 = CARTESIAN_POINT('',(14.890041048902,1.7763568394E-15));
#3444 = CARTESIAN_POINT('',(14.890041048902,-2.801605518458));
#3445 = ( GEOMETRIC_REPRESENTATION_CONTEXT(2) 
PARAMETRIC_REPRESENTATION_CONTEXT() REPRESENTATION_CONTEXT('2D SPACE',''
  ) );
#3446 = ORIENTED_EDGE('',*,*,#3447,.T.);
#3447 = EDGE_CURVE('',#3422,#3448,#3450,.T.);
#3448 = VERTEX_POINT('',#3449);
#3449 = CARTESIAN_POINT('',(28.546692102668,20.781746284551,
    45.265717903365));
#3450 = SURFACE_CURVE('',#3451,(#3455,#3461),.PCURVE_S1.);
#3451 = LINE('',#3452,#3453);
#3452 = CARTESIAN_POINT('',(22.711367716769,20.781746284551,
    45.265717903365));
#3453 = VECTOR('',#3454,1.);
#3454 = DIRECTION('',(-1.,0.,0.));
#3455 = PCURVE('',#1316,#3456);
#3456 = DEFINITIONAL_REPRESENTATION('',(#3457),#3460);
#3457 = B_SPLINE_CURVE_WITH_KNOTS('',1,(#3458,#3459),.UNSPECIFIED.,.F.,
  .F.,(2,2),(-7.479020392709,-5.835324385899),.PIECEWISE_BEZIER_KNOTS.);
#3458 = CARTESIAN_POINT('',(13.314344778609,4.762270395996));
#3459 = CARTESIAN_POINT('',(11.670648771798,4.762270395996));
#3460 = ( GEOMETRIC_REPRESENTATION_CONTEXT(2) 
PARAMETRIC_REPRESENTATION_CONTEXT() REPRESENTATION_CONTEXT('2D SPACE',''
  ) );
#3461 = PCURVE('',#3462,#3467);
#3462 = PLANE('',#3463);
#3463 = AXIS2_PLACEMENT_3D('',#3464,#3465,#3466);
#3464 = CARTESIAN_POINT('',(28.546692102668,20.781746284551,
    30.375676854463));
#3465 = DIRECTION('',(0.,1.,0.));
#3466 = DIRECTION('',(0.,0.,1.));
#3467 = DEFINITIONAL_REPRESENTATION('',(#3468),#3471);
#3468 = B_SPLINE_CURVE_WITH_KNOTS('',1,(#3469,#3470),.UNSPECIFIED.,.F.,
  .F.,(2,2),(-7.479020392709,-5.835324385899),.PIECEWISE_BEZIER_KNOTS.);
#3469 = CARTESIAN_POINT('',(14.890041048902,1.64369600681));
#3470 = CARTESIAN_POINT('',(14.890041048902,0.));
#3471 = ( GEOMETRIC_REPRESENTATION_CONTEXT(2) 
PARAMETRIC_REPRESENTATION_CONTEXT() REPRESENTATION_CONTEXT('2D SPACE',''
  ) );
#3472 = ORIENTED_EDGE('',*,*,#3473,.T.);
#3473 = EDGE_CURVE('',#3448,#3474,#3476,.T.);
#3474 = VERTEX_POINT('',#3475);
#3475 = CARTESIAN_POINT('',(28.546692102668,23.255191040957,
    45.265717903365));
#3476 = SURFACE_CURVE('',#3477,(#3481,#3487),.PCURVE_S1.);
#3477 = LINE('',#3478,#3479);
#3478 = CARTESIAN_POINT('',(28.546692102668,18.400611086553,
    45.265717903365));
#3479 = VECTOR('',#3480,1.);
#3480 = DIRECTION('',(0.,1.,0.));
#3481 = PCURVE('',#1316,#3482);
#3482 = DEFINITIONAL_REPRESENTATION('',(#3483),#3486);
#3483 = B_SPLINE_CURVE_WITH_KNOTS('',1,(#3484,#3485),.UNSPECIFIED.,.F.,
  .F.,(2,2),(2.381135197998,5.182740716457),.PIECEWISE_BEZIER_KNOTS.);
#3484 = CARTESIAN_POINT('',(11.670648771798,4.762270395996));
#3485 = CARTESIAN_POINT('',(11.670648771798,7.563875914455));
#3486 = ( GEOMETRIC_REPRESENTATION_CONTEXT(2) 
PARAMETRIC_REPRESENTATION_CONTEXT() REPRESENTATION_CONTEXT('2D SPACE',''
  ) );
#3487 = PCURVE('',#3488,#3493);
#3488 = PLANE('',#3489);
#3489 = AXIS2_PLACEMENT_3D('',#3490,#3491,#3492);
#3490 = CARTESIAN_POINT('',(28.546692102668,20.781746284551,
    30.375676854463));
#3491 = DIRECTION('',(1.,0.,0.));
#3492 = DIRECTION('',(0.,0.,1.));
#3493 = DEFINITIONAL_REPRESENTATION('',(#3494),#3497);
#3494 = B_SPLINE_CURVE_WITH_KNOTS('',1,(#3495,#3496),.UNSPECIFIED.,.F.,
  .F.,(2,2),(2.381135197998,5.182740716457),.PIECEWISE_BEZIER_KNOTS.);
#3495 = CARTESIAN_POINT('',(14.890041048902,1.7763568394E-15));
#3496 = CARTESIAN_POINT('',(14.890041048902,-2.801605518458));
#3497 = ( GEOMETRIC_REPRESENTATION_CONTEXT(2) 
PARAMETRIC_REPRESENTATION_CONTEXT() REPRESENTATION_CONTEXT('2D SPACE',''
  ) );
#3498 = ORIENTED_EDGE('',*,*,#3499,.T.);
#3499 = EDGE_CURVE('',#3474,#3500,#3502,.T.);
#3500 = VERTEX_POINT('',#3501);
#3501 = CARTESIAN_POINT('',(28.141850077555,23.255191040957,
    45.265717903365));
#3502 = SURFACE_CURVE('',#3503,(#3507,#3513),.PCURVE_S1.);
#3503 = LINE('',#3504,#3505);
#3504 = CARTESIAN_POINT('',(19.391684263317,23.255191040957,
    45.265717903365));
#3505 = VECTOR('',#3506,1.);
#3506 = DIRECTION('',(-1.,0.,0.));
#3507 = PCURVE('',#1316,#3508);
#3508 = DEFINITIONAL_REPRESENTATION('',(#3509),#3512);
#3509 = B_SPLINE_CURVE_WITH_KNOTS('',1,(#3510,#3511),.UNSPECIFIED.,.F.,
  .F.,(2,2),(-9.155007839351,-8.750165814238),.PIECEWISE_BEZIER_KNOTS.);
#3510 = CARTESIAN_POINT('',(11.670648771798,7.235715152402));
#3511 = CARTESIAN_POINT('',(11.265806746685,7.235715152402));
#3512 = ( GEOMETRIC_REPRESENTATION_CONTEXT(2) 
PARAMETRIC_REPRESENTATION_CONTEXT() REPRESENTATION_CONTEXT('2D SPACE',''
  ) );
#3513 = PCURVE('',#3514,#3519);
#3514 = PLANE('',#3515);
#3515 = AXIS2_PLACEMENT_3D('',#3516,#3517,#3518);
#3516 = CARTESIAN_POINT('',(21.907325195764,23.255191040957,
    34.426909120446));
#3517 = DIRECTION('',(0.,1.,0.));
#3518 = DIRECTION('',(0.,0.,1.));
#3519 = DEFINITIONAL_REPRESENTATION('',(#3520),#3523);
#3520 = B_SPLINE_CURVE_WITH_KNOTS('',1,(#3521,#3522),.UNSPECIFIED.,.F.,
  .F.,(2,2),(-9.155007839351,-8.750165814238),.PIECEWISE_BEZIER_KNOTS.);
#3521 = CARTESIAN_POINT('',(10.838808782919,6.639366906904));
#3522 = CARTESIAN_POINT('',(10.838808782919,6.234524881791));
#3523 = ( GEOMETRIC_REPRESENTATION_CONTEXT(2) 
PARAMETRIC_REPRESENTATION_CONTEXT() REPRESENTATION_CONTEXT('2D SPACE',''
  ) );
#3524 = ORIENTED_EDGE('',*,*,#3525,.F.);
#3525 = EDGE_CURVE('',#3526,#3500,#3528,.T.);
#3526 = VERTEX_POINT('',#3527);
#3527 = CARTESIAN_POINT('',(28.141850077555,17.902286734752,
    45.265717903365));
#3528 = SURFACE_CURVE('',#3529,(#3533,#3539),.PCURVE_S1.);
#3529 = LINE('',#3530,#3531);
#3530 = CARTESIAN_POINT('',(28.141850077555,16.960881311653,
    45.265717903365));
#3531 = VECTOR('',#3532,1.);
#3532 = DIRECTION('',(0.,1.,0.));
#3533 = PCURVE('',#1316,#3534);
#3534 = DEFINITIONAL_REPRESENTATION('',(#3535),#3538);
#3535 = B_SPLINE_CURVE_WITH_KNOTS('',1,(#3536,#3537),.UNSPECIFIED.,.F.,
  .F.,(2,2),(0.941405423098,6.326223573861),.PIECEWISE_BEZIER_KNOTS.);
#3536 = CARTESIAN_POINT('',(11.265806746685,1.882810846197));
#3537 = CARTESIAN_POINT('',(11.265806746685,7.267628996959));
#3538 = ( GEOMETRIC_REPRESENTATION_CONTEXT(2) 
PARAMETRIC_REPRESENTATION_CONTEXT() REPRESENTATION_CONTEXT('2D SPACE',''
  ) );
#3539 = PCURVE('',#3540,#3545);
#3540 = PLANE('',#3541);
#3541 = AXIS2_PLACEMENT_3D('',#3542,#3543,#3544);
#3542 = CARTESIAN_POINT('',(28.141850077555,17.902286734752,
    32.044574176073));
#3543 = DIRECTION('',(1.,0.,0.));
#3544 = DIRECTION('',(0.,0.,1.));
#3545 = DEFINITIONAL_REPRESENTATION('',(#3546),#3549);
#3546 = B_SPLINE_CURVE_WITH_KNOTS('',1,(#3547,#3548),.UNSPECIFIED.,.F.,
  .F.,(2,2),(0.941405423098,6.326223573861),.PIECEWISE_BEZIER_KNOTS.);
#3547 = CARTESIAN_POINT('',(13.221143727292,0.));
#3548 = CARTESIAN_POINT('',(13.221143727292,-5.384818150762));
#3549 = ( GEOMETRIC_REPRESENTATION_CONTEXT(2) 
PARAMETRIC_REPRESENTATION_CONTEXT() REPRESENTATION_CONTEXT('2D SPACE',''
  ) );
#3550 = ORIENTED_EDGE('',*,*,#3551,.T.);
#3551 = EDGE_CURVE('',#3526,#3212,#3552,.T.);
#3552 = SURFACE_CURVE('',#3553,(#3557,#3563),.PCURVE_S1.);
#3553 = LINE('',#3554,#3555);
#3554 = CARTESIAN_POINT('',(21.60386104407,17.902286734752,
    45.265717903365));
#3555 = VECTOR('',#3556,1.);
#3556 = DIRECTION('',(-1.,0.,0.));
#3557 = PCURVE('',#1316,#3558);
#3558 = DEFINITIONAL_REPRESENTATION('',(#3559),#3562);
#3559 = B_SPLINE_CURVE_WITH_KNOTS('',1,(#3560,#3561),.UNSPECIFIED.,.F.,
  .F.,(2,2),(-6.537989033484,-4.727817713201),.PIECEWISE_BEZIER_KNOTS.);
#3560 = CARTESIAN_POINT('',(11.265806746685,1.882810846197));
#3561 = CARTESIAN_POINT('',(9.455635426402,1.882810846197));
#3562 = ( GEOMETRIC_REPRESENTATION_CONTEXT(2) 
PARAMETRIC_REPRESENTATION_CONTEXT() REPRESENTATION_CONTEXT('2D SPACE',''
  ) );
#3563 = PCURVE('',#3564,#3569);
#3564 = PLANE('',#3565);
#3565 = AXIS2_PLACEMENT_3D('',#3566,#3567,#3568);
#3566 = CARTESIAN_POINT('',(26.331678757271,17.902286734752,
    32.044574176073));
#3567 = DIRECTION('',(0.,1.,0.));
#3568 = DIRECTION('',(0.,0.,1.));
#3569 = DEFINITIONAL_REPRESENTATION('',(#3570),#3573);
#3570 = B_SPLINE_CURVE_WITH_KNOTS('',1,(#3571,#3572),.UNSPECIFIED.,.F.,
  .F.,(2,2),(-6.537989033484,-4.727817713201),.PIECEWISE_BEZIER_KNOTS.);
#3571 = CARTESIAN_POINT('',(13.221143727292,1.810171320283));
#3572 = CARTESIAN_POINT('',(13.221143727292,-8.881784197001E-16));
#3573 = ( GEOMETRIC_REPRESENTATION_CONTEXT(2) 
PARAMETRIC_REPRESENTATION_CONTEXT() REPRESENTATION_CONTEXT('2D SPACE',''
  ) );
#3574 = FACE_BOUND('',#3575,.T.);
#3575 = EDGE_LOOP('',(#3576,#3604,#3630,#3656));
#3576 = ORIENTED_EDGE('',*,*,#3577,.T.);
#3577 = EDGE_CURVE('',#3578,#3580,#3582,.T.);
#3578 = VERTEX_POINT('',#3579);
#3579 = CARTESIAN_POINT('',(32.389235431587,20.506049726633,
    45.265717903365));
#3580 = VERTEX_POINT('',#3581);
#3581 = CARTESIAN_POINT('',(30.611396157878,20.506049726633,
    45.265717903365));
#3582 = SURFACE_CURVE('',#3583,(#3587,#3593),.PCURVE_S1.);
#3583 = LINE('',#3584,#3585);
#3584 = CARTESIAN_POINT('',(23.743719744374,20.506049726633,
    45.265717903365));
#3585 = VECTOR('',#3586,1.);
#3586 = DIRECTION('',(-1.,0.,0.));
#3587 = PCURVE('',#1316,#3588);
#3588 = DEFINITIONAL_REPRESENTATION('',(#3589),#3592);
#3589 = B_SPLINE_CURVE_WITH_KNOTS('',1,(#3590,#3591),.UNSPECIFIED.,.F.,
  .F.,(2,2),(-8.645515687213,-6.867676413504),.PIECEWISE_BEZIER_KNOTS.);
#3590 = CARTESIAN_POINT('',(15.513192100718,4.486573838078));
#3591 = CARTESIAN_POINT('',(13.735352827009,4.486573838078));
#3592 = ( GEOMETRIC_REPRESENTATION_CONTEXT(2) 
PARAMETRIC_REPRESENTATION_CONTEXT() REPRESENTATION_CONTEXT('2D SPACE',''
  ) );
#3593 = PCURVE('',#3594,#3599);
#3594 = PLANE('',#3595);
#3595 = AXIS2_PLACEMENT_3D('',#3596,#3597,#3598);
#3596 = CARTESIAN_POINT('',(30.611396157878,20.506049726633,
    32.950265770915));
#3597 = DIRECTION('',(0.,1.,0.));
#3598 = DIRECTION('',(0.,0.,1.));
#3599 = DEFINITIONAL_REPRESENTATION('',(#3600),#3603);
#3600 = B_SPLINE_CURVE_WITH_KNOTS('',1,(#3601,#3602),.UNSPECIFIED.,.F.,
  .F.,(2,2),(-8.645515687213,-6.867676413504),.PIECEWISE_BEZIER_KNOTS.);
#3601 = CARTESIAN_POINT('',(12.315452132451,1.777839273709));
#3602 = CARTESIAN_POINT('',(12.315452132451,0.));
#3603 = ( GEOMETRIC_REPRESENTATION_CONTEXT(2) 
PARAMETRIC_REPRESENTATION_CONTEXT() REPRESENTATION_CONTEXT('2D SPACE',''
  ) );
#3604 = ORIENTED_EDGE('',*,*,#3605,.T.);
#3605 = EDGE_CURVE('',#3580,#3606,#3608,.T.);
#3606 = VERTEX_POINT('',#3607);
#3607 = CARTESIAN_POINT('',(30.611396157878,23.859048360929,
    45.265717903365));
#3608 = SURFACE_CURVE('',#3609,(#3613,#3619),.PCURVE_S1.);
#3609 = LINE('',#3610,#3611);
#3610 = CARTESIAN_POINT('',(30.611396157878,18.262762807594,
    45.265717903365));
#3611 = VECTOR('',#3612,1.);
#3612 = DIRECTION('',(0.,1.,0.));
#3613 = PCURVE('',#1316,#3614);
#3614 = DEFINITIONAL_REPRESENTATION('',(#3615),#3618);
#3615 = B_SPLINE_CURVE_WITH_KNOTS('',1,(#3616,#3617),.UNSPECIFIED.,.F.,
  .F.,(2,2),(2.243286919039,5.596285553335),.PIECEWISE_BEZIER_KNOTS.);
#3616 = CARTESIAN_POINT('',(13.735352827009,4.486573838078));
#3617 = CARTESIAN_POINT('',(13.735352827009,7.839572472374));
#3618 = ( GEOMETRIC_REPRESENTATION_CONTEXT(2) 
PARAMETRIC_REPRESENTATION_CONTEXT() REPRESENTATION_CONTEXT('2D SPACE',''
  ) );
#3619 = PCURVE('',#3620,#3625);
#3620 = PLANE('',#3621);
#3621 = AXIS2_PLACEMENT_3D('',#3622,#3623,#3624);
#3622 = CARTESIAN_POINT('',(30.611396157878,20.506049726633,
    32.950265770915));
#3623 = DIRECTION('',(1.,0.,0.));
#3624 = DIRECTION('',(0.,0.,1.));
#3625 = DEFINITIONAL_REPRESENTATION('',(#3626),#3629);
#3626 = B_SPLINE_CURVE_WITH_KNOTS('',1,(#3627,#3628),.UNSPECIFIED.,.F.,
  .F.,(2,2),(2.243286919039,5.596285553335),.PIECEWISE_BEZIER_KNOTS.);
#3627 = CARTESIAN_POINT('',(12.315452132451,8.881784197001E-16));
#3628 = CARTESIAN_POINT('',(12.315452132451,-3.352998634296));
#3629 = ( GEOMETRIC_REPRESENTATION_CONTEXT(2) 
PARAMETRIC_REPRESENTATION_CONTEXT() REPRESENTATION_CONTEXT('2D SPACE',''
  ) );
#3630 = ORIENTED_EDGE('',*,*,#3631,.F.);
#3631 = EDGE_CURVE('',#3632,#3606,#3634,.T.);
#3632 = VERTEX_POINT('',#3633);
#3633 = CARTESIAN_POINT('',(32.389235431587,23.859048360929,
    45.265717903365));
#3634 = SURFACE_CURVE('',#3635,(#3639,#3645),.PCURVE_S1.);
#3635 = LINE('',#3636,#3637);
#3636 = CARTESIAN_POINT('',(23.743719744374,23.859048360929,
    45.265717903365));
#3637 = VECTOR('',#3638,1.);
#3638 = DIRECTION('',(-1.,0.,0.));
#3639 = PCURVE('',#1316,#3640);
#3640 = DEFINITIONAL_REPRESENTATION('',(#3641),#3644);
#3641 = B_SPLINE_CURVE_WITH_KNOTS('',1,(#3642,#3643),.UNSPECIFIED.,.F.,
  .F.,(2,2),(-8.645515687213,-6.867676413504),.PIECEWISE_BEZIER_KNOTS.);
#3642 = CARTESIAN_POINT('',(15.513192100718,7.839572472374));
#3643 = CARTESIAN_POINT('',(13.735352827009,7.839572472374));
#3644 = ( GEOMETRIC_REPRESENTATION_CONTEXT(2) 
PARAMETRIC_REPRESENTATION_CONTEXT() REPRESENTATION_CONTEXT('2D SPACE',''
  ) );
#3645 = PCURVE('',#3646,#3651);
#3646 = PLANE('',#3647);
#3647 = AXIS2_PLACEMENT_3D('',#3648,#3649,#3650);
#3648 = CARTESIAN_POINT('',(30.611396157878,23.859048360929,
    32.950265770915));
#3649 = DIRECTION('',(0.,1.,0.));
#3650 = DIRECTION('',(0.,0.,1.));
#3651 = DEFINITIONAL_REPRESENTATION('',(#3652),#3655);
#3652 = B_SPLINE_CURVE_WITH_KNOTS('',1,(#3653,#3654),.UNSPECIFIED.,.F.,
  .F.,(2,2),(-8.645515687213,-6.867676413504),.PIECEWISE_BEZIER_KNOTS.);
#3653 = CARTESIAN_POINT('',(12.315452132451,1.777839273709));
#3654 = CARTESIAN_POINT('',(12.315452132451,0.));
#3655 = ( GEOMETRIC_REPRESENTATION_CONTEXT(2) 
PARAMETRIC_REPRESENTATION_CONTEXT() REPRESENTATION_CONTEXT('2D SPACE',''
  ) );
#3656 = ORIENTED_EDGE('',*,*,#3657,.F.);
#3657 = EDGE_CURVE('',#3578,#3632,#3658,.T.);
#3658 = SURFACE_CURVE('',#3659,(#3663,#3669),.PCURVE_S1.);
#3659 = LINE('',#3660,#3661);
#3660 = CARTESIAN_POINT('',(32.389235431587,18.262762807594,
    45.265717903365));
#3661 = VECTOR('',#3662,1.);
#3662 = DIRECTION('',(0.,1.,0.));
#3663 = PCURVE('',#1316,#3664);
#3664 = DEFINITIONAL_REPRESENTATION('',(#3665),#3668);
#3665 = B_SPLINE_CURVE_WITH_KNOTS('',1,(#3666,#3667),.UNSPECIFIED.,.F.,
  .F.,(2,2),(2.243286919039,5.596285553335),.PIECEWISE_BEZIER_KNOTS.);
#3666 = CARTESIAN_POINT('',(15.513192100718,4.486573838078));
#3667 = CARTESIAN_POINT('',(15.513192100718,7.839572472374));
#3668 = ( GEOMETRIC_REPRESENTATION_CONTEXT(2) 
PARAMETRIC_REPRESENTATION_CONTEXT() REPRESENTATION_CONTEXT('2D SPACE',''
  ) );
#3669 = PCURVE('',#3670,#3675);
#3670 = PLANE('',#3671);
#3671 = AXIS2_PLACEMENT_3D('',#3672,#3673,#3674);
#3672 = CARTESIAN_POINT('',(32.389235431587,20.506049726633,
    32.950265770915));
#3673 = DIRECTION('',(1.,0.,0.));
#3674 = DIRECTION('',(0.,0.,1.));
#3675 = DEFINITIONAL_REPRESENTATION('',(#3676),#3679);
#3676 = B_SPLINE_CURVE_WITH_KNOTS('',1,(#3677,#3678),.UNSPECIFIED.,.F.,
  .F.,(2,2),(2.243286919039,5.596285553335),.PIECEWISE_BEZIER_KNOTS.);
#3677 = CARTESIAN_POINT('',(12.315452132451,8.881784197001E-16));
#3678 = CARTESIAN_POINT('',(12.315452132451,-3.352998634296));
#3679 = ( GEOMETRIC_REPRESENTATION_CONTEXT(2) 
PARAMETRIC_REPRESENTATION_CONTEXT() REPRESENTATION_CONTEXT('2D SPACE',''
  ) );
#3680 = ADVANCED_FACE('',(#3681),#1288,.T.);
#3681 = FACE_BOUND('',#3682,.T.);
#3682 = EDGE_LOOP('',(#3683,#3706,#3732,#3758,#3784,#3803,#3804,#3825,
    #3844,#3845));
#3683 = ORIENTED_EDGE('',*,*,#3684,.F.);
#3684 = EDGE_CURVE('',#3685,#3166,#3687,.T.);
#3685 = VERTEX_POINT('',#3686);
#3686 = CARTESIAN_POINT('',(46.582819461275,31.794455684021,45.));
#3687 = SURFACE_CURVE('',#3688,(#3692,#3699),.PCURVE_S1.);
#3688 = LINE('',#3689,#3690);
#3689 = CARTESIAN_POINT('',(46.582819461275,31.794455684021,
    -5.247048642192));
#3690 = VECTOR('',#3691,1.);
#3691 = DIRECTION('',(0.,0.,1.));
#3692 = PCURVE('',#1288,#3693);
#3693 = DEFINITIONAL_REPRESENTATION('',(#3694),#3698);
#3694 = LINE('',#3695,#3696);
#3695 = CARTESIAN_POINT('',(0.,29.706776130405));
#3696 = VECTOR('',#3697,1.);
#3697 = DIRECTION('',(1.,0.));
#3698 = ( GEOMETRIC_REPRESENTATION_CONTEXT(2) 
PARAMETRIC_REPRESENTATION_CONTEXT() REPRESENTATION_CONTEXT('2D SPACE',''
  ) );
#3699 = PCURVE('',#1495,#3700);
#3700 = DEFINITIONAL_REPRESENTATION('',(#3701),#3705);
#3701 = LINE('',#3702,#3703);
#3702 = CARTESIAN_POINT('',(0.,-15.77497979546));
#3703 = VECTOR('',#3704,1.);
#3704 = DIRECTION('',(1.,0.));
#3705 = ( GEOMETRIC_REPRESENTATION_CONTEXT(2) 
PARAMETRIC_REPRESENTATION_CONTEXT() REPRESENTATION_CONTEXT('2D SPACE',''
  ) );
#3706 = ORIENTED_EDGE('',*,*,#3707,.F.);
#3707 = EDGE_CURVE('',#3708,#3685,#3710,.T.);
#3708 = VERTEX_POINT('',#3709);
#3709 = CARTESIAN_POINT('',(45.,31.794455684021,45.));
#3710 = SURFACE_CURVE('',#3711,(#3715,#3721),.PCURVE_S1.);
#3711 = LINE('',#3712,#3713);
#3712 = CARTESIAN_POINT('',(30.938021665435,31.794455684021,45.));
#3713 = VECTOR('',#3714,1.);
#3714 = DIRECTION('',(1.,0.,-0.));
#3715 = PCURVE('',#1288,#3716);
#3716 = DEFINITIONAL_REPRESENTATION('',(#3717),#3720);
#3717 = B_SPLINE_CURVE_WITH_KNOTS('',1,(#3718,#3719),.UNSPECIFIED.,.F.,
  .F.,(2,2),(14.061978334565,15.64479779584),.PIECEWISE_BEZIER_KNOTS.);
#3718 = CARTESIAN_POINT('',(50.247048642192,28.123956669131));
#3719 = CARTESIAN_POINT('',(50.247048642192,29.706776130405));
#3720 = ( GEOMETRIC_REPRESENTATION_CONTEXT(2) 
PARAMETRIC_REPRESENTATION_CONTEXT() REPRESENTATION_CONTEXT('2D SPACE',''
  ) );
#3721 = PCURVE('',#3722,#3727);
#3722 = PLANE('',#3723);
#3723 = AXIS2_PLACEMENT_3D('',#3724,#3725,#3726);
#3724 = CARTESIAN_POINT('',(45.,25.,45.));
#3725 = DIRECTION('',(0.,0.,1.));
#3726 = DIRECTION('',(1.,0.,-0.));
#3727 = DEFINITIONAL_REPRESENTATION('',(#3728),#3731);
#3728 = B_SPLINE_CURVE_WITH_KNOTS('',1,(#3729,#3730),.UNSPECIFIED.,.F.,
  .F.,(2,2),(14.061978334565,15.64479779584),.PIECEWISE_BEZIER_KNOTS.);
#3729 = CARTESIAN_POINT('',(0.,6.794455684021));
#3730 = CARTESIAN_POINT('',(1.582819461275,6.794455684021));
#3731 = ( GEOMETRIC_REPRESENTATION_CONTEXT(2) 
PARAMETRIC_REPRESENTATION_CONTEXT() REPRESENTATION_CONTEXT('2D SPACE',''
  ) );
#3732 = ORIENTED_EDGE('',*,*,#3733,.T.);
#3733 = EDGE_CURVE('',#3708,#3734,#3736,.T.);
#3734 = VERTEX_POINT('',#3735);
#3735 = CARTESIAN_POINT('',(45.,31.794455684021,20.440354476053));
#3736 = SURFACE_CURVE('',#3737,(#3741,#3747),.PCURVE_S1.);
#3737 = LINE('',#3738,#3739);
#3738 = CARTESIAN_POINT('',(45.,31.794455684021,2.376475678904));
#3739 = VECTOR('',#3740,1.);
#3740 = DIRECTION('',(-0.,0.,-1.));
#3741 = PCURVE('',#1288,#3742);
#3742 = DEFINITIONAL_REPRESENTATION('',(#3743),#3746);
#3743 = B_SPLINE_CURVE_WITH_KNOTS('',1,(#3744,#3745),.UNSPECIFIED.,.F.,
  .F.,(2,2),(-42.62352432109,-18.06387879715),.PIECEWISE_BEZIER_KNOTS.);
#3744 = CARTESIAN_POINT('',(50.247048642192,28.123956669131));
#3745 = CARTESIAN_POINT('',(25.687403118246,28.123956669131));
#3746 = ( GEOMETRIC_REPRESENTATION_CONTEXT(2) 
PARAMETRIC_REPRESENTATION_CONTEXT() REPRESENTATION_CONTEXT('2D SPACE',''
  ) );
#3747 = PCURVE('',#3748,#3753);
#3748 = PLANE('',#3749);
#3749 = AXIS2_PLACEMENT_3D('',#3750,#3751,#3752);
#3750 = CARTESIAN_POINT('',(45.,25.,10.));
#3751 = DIRECTION('',(1.,0.,-0.));
#3752 = DIRECTION('',(0.,0.,1.));
#3753 = DEFINITIONAL_REPRESENTATION('',(#3754),#3757);
#3754 = B_SPLINE_CURVE_WITH_KNOTS('',1,(#3755,#3756),.UNSPECIFIED.,.F.,
  .F.,(2,2),(-42.62352432109,-18.06387879715),.PIECEWISE_BEZIER_KNOTS.);
#3755 = CARTESIAN_POINT('',(35.,-6.794455684021));
#3756 = CARTESIAN_POINT('',(10.440354476053,-6.794455684021));
#3757 = ( GEOMETRIC_REPRESENTATION_CONTEXT(2) 
PARAMETRIC_REPRESENTATION_CONTEXT() REPRESENTATION_CONTEXT('2D SPACE',''
  ) );
#3758 = ORIENTED_EDGE('',*,*,#3759,.F.);
#3759 = EDGE_CURVE('',#3760,#3734,#3762,.T.);
#3760 = VERTEX_POINT('',#3761);
#3761 = CARTESIAN_POINT('',(35.,31.794455684021,20.440354476053));
#3762 = SURFACE_CURVE('',#3763,(#3767,#3773),.PCURVE_S1.);
#3763 = LINE('',#3764,#3765);
#3764 = CARTESIAN_POINT('',(20.543614287817,31.794455684021,
    20.440354476053));
#3765 = VECTOR('',#3766,1.);
#3766 = DIRECTION('',(1.,0.,-0.));
#3767 = PCURVE('',#1288,#3768);
#3768 = DEFINITIONAL_REPRESENTATION('',(#3769),#3772);
#3769 = B_SPLINE_CURVE_WITH_KNOTS('',1,(#3770,#3771),.UNSPECIFIED.,.F.,
  .F.,(2,2),(3.667570956947,26.039205173458),.PIECEWISE_BEZIER_KNOTS.);
#3770 = CARTESIAN_POINT('',(25.687403118246,7.335141913895));
#3771 = CARTESIAN_POINT('',(25.687403118246,29.706776130405));
#3772 = ( GEOMETRIC_REPRESENTATION_CONTEXT(2) 
PARAMETRIC_REPRESENTATION_CONTEXT() REPRESENTATION_CONTEXT('2D SPACE',''
  ) );
#3773 = PCURVE('',#3774,#3779);
#3774 = PLANE('',#3775);
#3775 = AXIS2_PLACEMENT_3D('',#3776,#3777,#3778);
#3776 = CARTESIAN_POINT('',(24.211185244764,26.181985848984,
    20.440354476053));
#3777 = DIRECTION('',(0.,0.,1.));
#3778 = DIRECTION('',(1.,0.,-0.));
#3779 = DEFINITIONAL_REPRESENTATION('',(#3780),#3783);
#3780 = B_SPLINE_CURVE_WITH_KNOTS('',1,(#3781,#3782),.UNSPECIFIED.,.F.,
  .F.,(2,2),(3.667570956947,26.039205173458),.PIECEWISE_BEZIER_KNOTS.);
#3781 = CARTESIAN_POINT('',(0.,5.612469835037));
#3782 = CARTESIAN_POINT('',(22.37163421651,5.612469835037));
#3783 = ( GEOMETRIC_REPRESENTATION_CONTEXT(2) 
PARAMETRIC_REPRESENTATION_CONTEXT() REPRESENTATION_CONTEXT('2D SPACE',''
  ) );
#3784 = ORIENTED_EDGE('',*,*,#3785,.F.);
#3785 = EDGE_CURVE('',#3006,#3760,#3786,.T.);
#3786 = SURFACE_CURVE('',#3787,(#3791,#3797),.PCURVE_S1.);
#3787 = LINE('',#3788,#3789);
#3788 = CARTESIAN_POINT('',(35.,31.794455684021,2.376475678904));
#3789 = VECTOR('',#3790,1.);
#3790 = DIRECTION('',(-0.,0.,-1.));
#3791 = PCURVE('',#1288,#3792);
#3792 = DEFINITIONAL_REPRESENTATION('',(#3793),#3796);
#3793 = B_SPLINE_CURVE_WITH_KNOTS('',1,(#3794,#3795),.UNSPECIFIED.,.F.,
  .F.,(2,2),(-32.62352432109,-18.06387879715),.PIECEWISE_BEZIER_KNOTS.);
#3794 = CARTESIAN_POINT('',(40.247048642192,18.123956669131));
#3795 = CARTESIAN_POINT('',(25.687403118246,18.123956669131));
#3796 = ( GEOMETRIC_REPRESENTATION_CONTEXT(2) 
PARAMETRIC_REPRESENTATION_CONTEXT() REPRESENTATION_CONTEXT('2D SPACE',''
  ) );
#3797 = PCURVE('',#3021,#3798);
#3798 = DEFINITIONAL_REPRESENTATION('',(#3799),#3802);
#3799 = B_SPLINE_CURVE_WITH_KNOTS('',1,(#3800,#3801),.UNSPECIFIED.,.F.,
  .F.,(2,2),(-32.62352432109,-18.06387879715),.PIECEWISE_BEZIER_KNOTS.);
#3800 = CARTESIAN_POINT('',(25.,-4.794455684021));
#3801 = CARTESIAN_POINT('',(10.440354476053,-4.794455684021));
#3802 = ( GEOMETRIC_REPRESENTATION_CONTEXT(2) 
PARAMETRIC_REPRESENTATION_CONTEXT() REPRESENTATION_CONTEXT('2D SPACE',''
  ) );
#3803 = ORIENTED_EDGE('',*,*,#3033,.F.);
#3804 = ORIENTED_EDGE('',*,*,#3805,.T.);
#3805 = EDGE_CURVE('',#3034,#3806,#3808,.T.);
#3806 = VERTEX_POINT('',#3807);
#3807 = CARTESIAN_POINT('',(28.129453266904,31.794455684021,
    36.579546199465));
#3808 = SURFACE_CURVE('',#3809,(#3813,#3819),.PCURVE_S1.);
#3809 = LINE('',#3810,#3811);
#3810 = CARTESIAN_POINT('',(28.129453266904,31.794455684021,
    -5.186588249203));
#3811 = VECTOR('',#3812,1.);
#3812 = DIRECTION('',(0.,0.,1.));
#3813 = PCURVE('',#1288,#3814);
#3814 = DEFINITIONAL_REPRESENTATION('',(#3815),#3818);
#3815 = B_SPLINE_CURVE_WITH_KNOTS('',1,(#3816,#3817),.UNSPECIFIED.,.F.,
  .F.,(2,2),(6.04603929894E-02,41.766134448668),
  .PIECEWISE_BEZIER_KNOTS.);
#3816 = CARTESIAN_POINT('',(0.120920785979,11.253409936034));
#3817 = CARTESIAN_POINT('',(41.826594841658,11.253409936034));
#3818 = ( GEOMETRIC_REPRESENTATION_CONTEXT(2) 
PARAMETRIC_REPRESENTATION_CONTEXT() REPRESENTATION_CONTEXT('2D SPACE',''
  ) );
#3819 = PCURVE('',#3069,#3820);
#3820 = DEFINITIONAL_REPRESENTATION('',(#3821),#3824);
#3821 = B_SPLINE_CURVE_WITH_KNOTS('',1,(#3822,#3823),.UNSPECIFIED.,.F.,
  .F.,(2,2),(6.04603929894E-02,41.766134448668),
  .PIECEWISE_BEZIER_KNOTS.);
#3822 = CARTESIAN_POINT('',(0.,-0.312378236443));
#3823 = CARTESIAN_POINT('',(41.705674055679,-0.312378236443));
#3824 = ( GEOMETRIC_REPRESENTATION_CONTEXT(2) 
PARAMETRIC_REPRESENTATION_CONTEXT() REPRESENTATION_CONTEXT('2D SPACE',''
  ) );
#3825 = ORIENTED_EDGE('',*,*,#3826,.T.);
#3826 = EDGE_CURVE('',#3806,#1247,#3827,.T.);
#3827 = SURFACE_CURVE('',#3828,(#3832,#3838),.PCURVE_S1.);
#3828 = LINE('',#3829,#3830);
#3829 = CARTESIAN_POINT('',(16.267895640448,31.794455684021,
    36.579546199465));
#3830 = VECTOR('',#3831,1.);
#3831 = DIRECTION('',(-1.,-0.,0.));
#3832 = PCURVE('',#1288,#3833);
#3833 = DEFINITIONAL_REPRESENTATION('',(#3834),#3837);
#3834 = B_SPLINE_CURVE_WITH_KNOTS('',1,(#3835,#3836),.UNSPECIFIED.,.F.,
  .F.,(2,2),(-11.86155762645,-0.608147690422),.PIECEWISE_BEZIER_KNOTS.);
#3835 = CARTESIAN_POINT('',(41.826594841658,11.253409936034));
#3836 = CARTESIAN_POINT('',(41.826594841658,0.));
#3837 = ( GEOMETRIC_REPRESENTATION_CONTEXT(2) 
PARAMETRIC_REPRESENTATION_CONTEXT() REPRESENTATION_CONTEXT('2D SPACE',''
  ) );
#3838 = PCURVE('',#1261,#3839);
#3839 = DEFINITIONAL_REPRESENTATION('',(#3840),#3843);
#3840 = B_SPLINE_CURVE_WITH_KNOTS('',1,(#3841,#3842),.UNSPECIFIED.,.F.,
  .F.,(2,2),(-11.86155762645,-0.608147690422),.PIECEWISE_BEZIER_KNOTS.);
#3841 = CARTESIAN_POINT('',(12.469705316877,0.312378236443));
#3842 = CARTESIAN_POINT('',(1.216295380843,0.312378236443));
#3843 = ( GEOMETRIC_REPRESENTATION_CONTEXT(2) 
PARAMETRIC_REPRESENTATION_CONTEXT() REPRESENTATION_CONTEXT('2D SPACE',''
  ) );
#3844 = ORIENTED_EDGE('',*,*,#1272,.T.);
#3845 = ORIENTED_EDGE('',*,*,#3188,.T.);
#3846 = ADVANCED_FACE('',(#3847,#3924,#4290),#1261,.T.);
#3847 = FACE_BOUND('',#3848,.T.);
#3848 = EDGE_LOOP('',(#3849,#3879,#3900,#3901,#3902,#3903));
#3849 = ORIENTED_EDGE('',*,*,#3850,.F.);
#3850 = EDGE_CURVE('',#3851,#3853,#3855,.T.);
#3851 = VERTEX_POINT('',#3852);
#3852 = CARTESIAN_POINT('',(15.659747950026,52.056830649357,
    36.579546199465));
#3853 = VERTEX_POINT('',#3854);
#3854 = CARTESIAN_POINT('',(28.129453266904,52.056830649357,
    36.579546199465));
#3855 = SURFACE_CURVE('',#3856,(#3860,#3867),.PCURVE_S1.);
#3856 = LINE('',#3857,#3858);
#3857 = CARTESIAN_POINT('',(15.659747950026,52.056830649357,
    36.579546199465));
#3858 = VECTOR('',#3859,1.);
#3859 = DIRECTION('',(1.,0.,-0.));
#3860 = PCURVE('',#1261,#3861);
#3861 = DEFINITIONAL_REPRESENTATION('',(#3862),#3866);
#3862 = LINE('',#3863,#3864);
#3863 = CARTESIAN_POINT('',(0.,20.574753201779));
#3864 = VECTOR('',#3865,1.);
#3865 = DIRECTION('',(1.,0.));
#3866 = ( GEOMETRIC_REPRESENTATION_CONTEXT(2) 
PARAMETRIC_REPRESENTATION_CONTEXT() REPRESENTATION_CONTEXT('2D SPACE',''
  ) );
#3867 = PCURVE('',#3868,#3873);
#3868 = PLANE('',#3869);
#3869 = AXIS2_PLACEMENT_3D('',#3870,#3871,#3872);
#3870 = CARTESIAN_POINT('',(15.659747950026,52.056830649357,
    -5.126127856214));
#3871 = DIRECTION('',(-0.,1.,0.));
#3872 = DIRECTION('',(0.,0.,1.));
#3873 = DEFINITIONAL_REPRESENTATION('',(#3874),#3878);
#3874 = LINE('',#3875,#3876);
#3875 = CARTESIAN_POINT('',(41.705674055679,0.));
#3876 = VECTOR('',#3877,1.);
#3877 = DIRECTION('',(0.,1.));
#3878 = ( GEOMETRIC_REPRESENTATION_CONTEXT(2) 
PARAMETRIC_REPRESENTATION_CONTEXT() REPRESENTATION_CONTEXT('2D SPACE',''
  ) );
#3879 = ORIENTED_EDGE('',*,*,#3880,.F.);
#3880 = EDGE_CURVE('',#2931,#3851,#3881,.T.);
#3881 = SURFACE_CURVE('',#3882,(#3886,#3893),.PCURVE_S1.);
#3882 = LINE('',#3883,#3884);
#3883 = CARTESIAN_POINT('',(15.659747950026,31.482077447578,
    36.579546199465));
#3884 = VECTOR('',#3885,1.);
#3885 = DIRECTION('',(-0.,1.,0.));
#3886 = PCURVE('',#1261,#3887);
#3887 = DEFINITIONAL_REPRESENTATION('',(#3888),#3892);
#3888 = LINE('',#3889,#3890);
#3889 = CARTESIAN_POINT('',(0.,0.));
#3890 = VECTOR('',#3891,1.);
#3891 = DIRECTION('',(0.,1.));
#3892 = ( GEOMETRIC_REPRESENTATION_CONTEXT(2) 
PARAMETRIC_REPRESENTATION_CONTEXT() REPRESENTATION_CONTEXT('2D SPACE',''
  ) );
#3893 = PCURVE('',#2946,#3894);
#3894 = DEFINITIONAL_REPRESENTATION('',(#3895),#3899);
#3895 = LINE('',#3896,#3897);
#3896 = CARTESIAN_POINT('',(41.705674055679,0.));
#3897 = VECTOR('',#3898,1.);
#3898 = DIRECTION('',(0.,-1.));
#3899 = ( GEOMETRIC_REPRESENTATION_CONTEXT(2) 
PARAMETRIC_REPRESENTATION_CONTEXT() REPRESENTATION_CONTEXT('2D SPACE',''
  ) );
#3900 = ORIENTED_EDGE('',*,*,#2958,.T.);
#3901 = ORIENTED_EDGE('',*,*,#1246,.T.);
#3902 = ORIENTED_EDGE('',*,*,#3826,.F.);
#3903 = ORIENTED_EDGE('',*,*,#3904,.T.);
#3904 = EDGE_CURVE('',#3806,#3853,#3905,.T.);
#3905 = SURFACE_CURVE('',#3906,(#3910,#3917),.PCURVE_S1.);
#3906 = LINE('',#3907,#3908);
#3907 = CARTESIAN_POINT('',(28.129453266904,31.482077447578,
    36.579546199465));
#3908 = VECTOR('',#3909,1.);
#3909 = DIRECTION('',(-0.,1.,0.));
#3910 = PCURVE('',#1261,#3911);
#3911 = DEFINITIONAL_REPRESENTATION('',(#3912),#3916);
#3912 = LINE('',#3913,#3914);
#3913 = CARTESIAN_POINT('',(12.469705316877,0.));
#3914 = VECTOR('',#3915,1.);
#3915 = DIRECTION('',(0.,1.));
#3916 = ( GEOMETRIC_REPRESENTATION_CONTEXT(2) 
PARAMETRIC_REPRESENTATION_CONTEXT() REPRESENTATION_CONTEXT('2D SPACE',''
  ) );
#3917 = PCURVE('',#3069,#3918);
#3918 = DEFINITIONAL_REPRESENTATION('',(#3919),#3923);
#3919 = LINE('',#3920,#3921);
#3920 = CARTESIAN_POINT('',(41.705674055679,0.));
#3921 = VECTOR('',#3922,1.);
#3922 = DIRECTION('',(0.,-1.));
#3923 = ( GEOMETRIC_REPRESENTATION_CONTEXT(2) 
PARAMETRIC_REPRESENTATION_CONTEXT() REPRESENTATION_CONTEXT('2D SPACE',''
  ) );
#3924 = FACE_BOUND('',#3925,.T.);
#3925 = EDGE_LOOP('',(#3926,#3954,#3980,#4006,#4032,#4058,#4084,#4110,
    #4136,#4162,#4188,#4214,#4240,#4266));
#3926 = ORIENTED_EDGE('',*,*,#3927,.T.);
#3927 = EDGE_CURVE('',#3928,#3930,#3932,.T.);
#3928 = VERTEX_POINT('',#3929);
#3929 = CARTESIAN_POINT('',(22.228959715543,39.592316140422,
    36.579546199465));
#3930 = VERTEX_POINT('',#3931);
#3931 = CARTESIAN_POINT('',(22.228959715543,49.138735340932,
    36.579546199465));
#3932 = SURFACE_CURVE('',#3933,(#3937,#3943),.PCURVE_S1.);
#3933 = LINE('',#3934,#3935);
#3934 = CARTESIAN_POINT('',(22.228959715543,35.537196794,36.579546199465
    ));
#3935 = VECTOR('',#3936,1.);
#3936 = DIRECTION('',(0.,1.,0.));
#3937 = PCURVE('',#1261,#3938);
#3938 = DEFINITIONAL_REPRESENTATION('',(#3939),#3942);
#3939 = B_SPLINE_CURVE_WITH_KNOTS('',1,(#3940,#3941),.UNSPECIFIED.,.F.,
  .F.,(2,2),(4.055119346422,13.658453993392),.PIECEWISE_BEZIER_KNOTS.);
#3940 = CARTESIAN_POINT('',(6.569211765516,8.110238692844));
#3941 = CARTESIAN_POINT('',(6.569211765516,17.713573339814));
#3942 = ( GEOMETRIC_REPRESENTATION_CONTEXT(2) 
PARAMETRIC_REPRESENTATION_CONTEXT() REPRESENTATION_CONTEXT('2D SPACE',''
  ) );
#3943 = PCURVE('',#3944,#3949);
#3944 = PLANE('',#3945);
#3945 = AXIS2_PLACEMENT_3D('',#3946,#3947,#3948);
#3946 = CARTESIAN_POINT('',(22.228959715543,39.592316140422,
    23.358402472173));
#3947 = DIRECTION('',(1.,0.,0.));
#3948 = DIRECTION('',(0.,0.,1.));
#3949 = DEFINITIONAL_REPRESENTATION('',(#3950),#3953);
#3950 = B_SPLINE_CURVE_WITH_KNOTS('',1,(#3951,#3952),.UNSPECIFIED.,.F.,
  .F.,(2,2),(4.055119346422,13.658453993392),.PIECEWISE_BEZIER_KNOTS.);
#3951 = CARTESIAN_POINT('',(13.221143727292,0.));
#3952 = CARTESIAN_POINT('',(13.221143727292,-9.60333464697));
#3953 = ( GEOMETRIC_REPRESENTATION_CONTEXT(2) 
PARAMETRIC_REPRESENTATION_CONTEXT() REPRESENTATION_CONTEXT('2D SPACE',''
  ) );
#3954 = ORIENTED_EDGE('',*,*,#3955,.T.);
#3955 = EDGE_CURVE('',#3930,#3956,#3958,.T.);
#3956 = VERTEX_POINT('',#3957);
#3957 = CARTESIAN_POINT('',(19.497284342846,49.138735340932,
    36.579546199465));
#3958 = SURFACE_CURVE('',#3959,(#3963,#3969),.PCURVE_S1.);
#3959 = LINE('',#3960,#3961);
#3960 = CARTESIAN_POINT('',(17.578516146436,49.138735340932,
    36.579546199465));
#3961 = VECTOR('',#3962,1.);
#3962 = DIRECTION('',(-1.,0.,0.));
#3963 = PCURVE('',#1261,#3964);
#3964 = DEFINITIONAL_REPRESENTATION('',(#3965),#3968);
#3965 = B_SPLINE_CURVE_WITH_KNOTS('',1,(#3966,#3967),.UNSPECIFIED.,.F.,
  .F.,(2,2),(-4.650443569106,-1.91876819641),.PIECEWISE_BEZIER_KNOTS.);
#3966 = CARTESIAN_POINT('',(6.569211765516,17.656657893354));
#3967 = CARTESIAN_POINT('',(3.83753639282,17.656657893354));
#3968 = ( GEOMETRIC_REPRESENTATION_CONTEXT(2) 
PARAMETRIC_REPRESENTATION_CONTEXT() REPRESENTATION_CONTEXT('2D SPACE',''
  ) );
#3969 = PCURVE('',#3970,#3975);
#3970 = PLANE('',#3971);
#3971 = AXIS2_PLACEMENT_3D('',#3972,#3973,#3974);
#3972 = CARTESIAN_POINT('',(19.497284342846,49.138735340932,
    25.740737416546));
#3973 = DIRECTION('',(0.,1.,0.));
#3974 = DIRECTION('',(0.,0.,1.));
#3975 = DEFINITIONAL_REPRESENTATION('',(#3976),#3979);
#3976 = B_SPLINE_CURVE_WITH_KNOTS('',1,(#3977,#3978),.UNSPECIFIED.,.F.,
  .F.,(2,2),(-4.650443569106,-1.91876819641),.PIECEWISE_BEZIER_KNOTS.);
#3977 = CARTESIAN_POINT('',(10.838808782919,2.731675372696));
#3978 = CARTESIAN_POINT('',(10.838808782919,0.));
#3979 = ( GEOMETRIC_REPRESENTATION_CONTEXT(2) 
PARAMETRIC_REPRESENTATION_CONTEXT() REPRESENTATION_CONTEXT('2D SPACE',''
  ) );
#3980 = ORIENTED_EDGE('',*,*,#3981,.T.);
#3981 = EDGE_CURVE('',#3956,#3982,#3984,.T.);
#3982 = VERTEX_POINT('',#3983);
#3983 = CARTESIAN_POINT('',(19.497284342846,50.976400338779,
    36.579546199465));
#3984 = SURFACE_CURVE('',#3985,(#3989,#3995),.PCURVE_S1.);
#3985 = LINE('',#3986,#3987);
#3986 = CARTESIAN_POINT('',(19.497284342846,40.310406394255,
    36.579546199465));
#3987 = VECTOR('',#3988,1.);
#3988 = DIRECTION('',(0.,1.,0.));
#3989 = PCURVE('',#1261,#3990);
#3990 = DEFINITIONAL_REPRESENTATION('',(#3991),#3994);
#3991 = B_SPLINE_CURVE_WITH_KNOTS('',1,(#3992,#3993),.UNSPECIFIED.,.F.,
  .F.,(2,2),(8.828328946677,10.665993944524),.PIECEWISE_BEZIER_KNOTS.);
#3992 = CARTESIAN_POINT('',(3.83753639282,17.656657893354));
#3993 = CARTESIAN_POINT('',(3.83753639282,19.494322891201));
#3994 = ( GEOMETRIC_REPRESENTATION_CONTEXT(2) 
PARAMETRIC_REPRESENTATION_CONTEXT() REPRESENTATION_CONTEXT('2D SPACE',''
  ) );
#3995 = PCURVE('',#3996,#4001);
#3996 = PLANE('',#3997);
#3997 = AXIS2_PLACEMENT_3D('',#3998,#3999,#4000);
#3998 = CARTESIAN_POINT('',(19.497284342846,49.138735340932,
    25.740737416546));
#3999 = DIRECTION('',(1.,0.,0.));
#4000 = DIRECTION('',(0.,0.,1.));
#4001 = DEFINITIONAL_REPRESENTATION('',(#4002),#4005);
#4002 = B_SPLINE_CURVE_WITH_KNOTS('',1,(#4003,#4004),.UNSPECIFIED.,.F.,
  .F.,(2,2),(8.828328946677,10.665993944524),.PIECEWISE_BEZIER_KNOTS.);
#4003 = CARTESIAN_POINT('',(10.838808782919,3.552713678801E-15));
#4004 = CARTESIAN_POINT('',(10.838808782919,-1.837664997847));
#4005 = ( GEOMETRIC_REPRESENTATION_CONTEXT(2) 
PARAMETRIC_REPRESENTATION_CONTEXT() REPRESENTATION_CONTEXT('2D SPACE',''
  ) );
#4006 = ORIENTED_EDGE('',*,*,#4007,.F.);
#4007 = EDGE_CURVE('',#4008,#3982,#4010,.T.);
#4008 = VERTEX_POINT('',#4009);
#4009 = CARTESIAN_POINT('',(24.562828549685,50.976400338779,
    36.579546199465));
#4010 = SURFACE_CURVE('',#4011,(#4015,#4021),.PCURVE_S1.);
#4011 = LINE('',#4012,#4013);
#4012 = CARTESIAN_POINT('',(17.578516146436,50.976400338779,
    36.579546199465));
#4013 = VECTOR('',#4014,1.);
#4014 = DIRECTION('',(-1.,0.,0.));
#4015 = PCURVE('',#1261,#4016);
#4016 = DEFINITIONAL_REPRESENTATION('',(#4017),#4020);
#4017 = B_SPLINE_CURVE_WITH_KNOTS('',1,(#4018,#4019),.UNSPECIFIED.,.F.,
  .F.,(2,2),(-6.984312403248,-1.91876819641),.PIECEWISE_BEZIER_KNOTS.);
#4018 = CARTESIAN_POINT('',(8.903080599658,19.494322891201));
#4019 = CARTESIAN_POINT('',(3.83753639282,19.494322891201));
#4020 = ( GEOMETRIC_REPRESENTATION_CONTEXT(2) 
PARAMETRIC_REPRESENTATION_CONTEXT() REPRESENTATION_CONTEXT('2D SPACE',''
  ) );
#4021 = PCURVE('',#4022,#4027);
#4022 = PLANE('',#4023);
#4023 = AXIS2_PLACEMENT_3D('',#4024,#4025,#4026);
#4024 = CARTESIAN_POINT('',(19.497284342846,50.976400338779,
    25.740737416546));
#4025 = DIRECTION('',(0.,1.,0.));
#4026 = DIRECTION('',(0.,0.,1.));
#4027 = DEFINITIONAL_REPRESENTATION('',(#4028),#4031);
#4028 = B_SPLINE_CURVE_WITH_KNOTS('',1,(#4029,#4030),.UNSPECIFIED.,.F.,
  .F.,(2,2),(-6.984312403248,-1.91876819641),.PIECEWISE_BEZIER_KNOTS.);
#4029 = CARTESIAN_POINT('',(10.838808782919,5.065544206838));
#4030 = CARTESIAN_POINT('',(10.838808782919,0.));
#4031 = ( GEOMETRIC_REPRESENTATION_CONTEXT(2) 
PARAMETRIC_REPRESENTATION_CONTEXT() REPRESENTATION_CONTEXT('2D SPACE',''
  ) );
#4032 = ORIENTED_EDGE('',*,*,#4033,.F.);
#4033 = EDGE_CURVE('',#4034,#4008,#4036,.T.);
#4034 = VERTEX_POINT('',#4035);
#4035 = CARTESIAN_POINT('',(24.562828549685,50.956024508256,
    36.579546199465));
#4036 = SURFACE_CURVE('',#4037,(#4041,#4047),.PCURVE_S1.);
#4037 = LINE('',#4038,#4039);
#4038 = CARTESIAN_POINT('',(24.562828549685,40.310406394255,
    36.579546199465));
#4039 = VECTOR('',#4040,1.);
#4040 = DIRECTION('',(0.,1.,0.));
#4041 = PCURVE('',#1261,#4042);
#4042 = DEFINITIONAL_REPRESENTATION('',(#4043),#4046);
#4043 = B_SPLINE_CURVE_WITH_KNOTS('',1,(#4044,#4045),.UNSPECIFIED.,.F.,
  .F.,(2,2),(9.413573894188,10.665993944524),.PIECEWISE_BEZIER_KNOTS.);
#4044 = CARTESIAN_POINT('',(8.903080599658,18.241902840865));
#4045 = CARTESIAN_POINT('',(8.903080599658,19.494322891201));
#4046 = ( GEOMETRIC_REPRESENTATION_CONTEXT(2) 
PARAMETRIC_REPRESENTATION_CONTEXT() REPRESENTATION_CONTEXT('2D SPACE',''
  ) );
#4047 = PCURVE('',#4048,#4053);
#4048 = PLANE('',#4049);
#4049 = AXIS2_PLACEMENT_3D('',#4050,#4051,#4052);
#4050 = CARTESIAN_POINT('',(24.562828549685,49.138735340932,
    25.740737416546));
#4051 = DIRECTION('',(1.,0.,0.));
#4052 = DIRECTION('',(0.,0.,1.));
#4053 = DEFINITIONAL_REPRESENTATION('',(#4054),#4057);
#4054 = B_SPLINE_CURVE_WITH_KNOTS('',1,(#4055,#4056),.UNSPECIFIED.,.F.,
  .F.,(2,2),(9.413573894188,10.665993944524),.PIECEWISE_BEZIER_KNOTS.);
#4055 = CARTESIAN_POINT('',(10.838808782919,-0.585244947511));
#4056 = CARTESIAN_POINT('',(10.838808782919,-1.837664997847));
#4057 = ( GEOMETRIC_REPRESENTATION_CONTEXT(2) 
PARAMETRIC_REPRESENTATION_CONTEXT() REPRESENTATION_CONTEXT('2D SPACE',''
  ) );
#4058 = ORIENTED_EDGE('',*,*,#4059,.F.);
#4059 = EDGE_CURVE('',#4060,#4034,#4062,.T.);
#4060 = VERTEX_POINT('',#4061);
#4061 = CARTESIAN_POINT('',(24.859202572866,50.956024508256,
    36.579546199465));
#4062 = SURFACE_CURVE('',#4063,(#4067,#4073),.PCURVE_S1.);
#4063 = LINE('',#4064,#4065);
#4064 = CARTESIAN_POINT('',(19.5042451583,50.956024508256,
    36.579546199465));
#4065 = VECTOR('',#4066,1.);
#4066 = DIRECTION('',(-1.,0.,0.));
#4067 = PCURVE('',#1261,#4068);
#4068 = DEFINITIONAL_REPRESENTATION('',(#4069),#4072);
#4069 = B_SPLINE_CURVE_WITH_KNOTS('',1,(#4070,#4071),.UNSPECIFIED.,.F.,
  .F.,(2,2),(-5.354957414566,-5.058583391385),.PIECEWISE_BEZIER_KNOTS.);
#4070 = CARTESIAN_POINT('',(9.199454622839,19.473947060679));
#4071 = CARTESIAN_POINT('',(8.903080599658,19.473947060679));
#4072 = ( GEOMETRIC_REPRESENTATION_CONTEXT(2) 
PARAMETRIC_REPRESENTATION_CONTEXT() REPRESENTATION_CONTEXT('2D SPACE',''
  ) );
#4073 = PCURVE('',#4074,#4079);
#4074 = PLANE('',#4075);
#4075 = AXIS2_PLACEMENT_3D('',#4076,#4077,#4078);
#4076 = CARTESIAN_POINT('',(23.348742366574,50.956024508256,
    25.915288074927));
#4077 = DIRECTION('',(0.,1.,0.));
#4078 = DIRECTION('',(0.,0.,1.));
#4079 = DEFINITIONAL_REPRESENTATION('',(#4080),#4083);
#4080 = B_SPLINE_CURVE_WITH_KNOTS('',1,(#4081,#4082),.UNSPECIFIED.,.F.,
  .F.,(2,2),(-5.354957414566,-5.058583391385),.PIECEWISE_BEZIER_KNOTS.);
#4081 = CARTESIAN_POINT('',(10.664258124538,1.510460206292));
#4082 = CARTESIAN_POINT('',(10.664258124538,1.214086183111));
#4083 = ( GEOMETRIC_REPRESENTATION_CONTEXT(2) 
PARAMETRIC_REPRESENTATION_CONTEXT() REPRESENTATION_CONTEXT('2D SPACE',''
  ) );
#4084 = ORIENTED_EDGE('',*,*,#4085,.F.);
#4085 = EDGE_CURVE('',#4086,#4060,#4088,.T.);
#4086 = VERTEX_POINT('',#4087);
#4087 = CARTESIAN_POINT('',(24.859202572866,49.159111171454,
    36.579546199465));
#4088 = SURFACE_CURVE('',#4089,(#4093,#4099),.PCURVE_S1.);
#4089 = LINE('',#4090,#4091);
#4090 = CARTESIAN_POINT('',(24.859202572866,40.320594309516,
    36.579546199465));
#4091 = VECTOR('',#4092,1.);
#4092 = DIRECTION('',(0.,1.,0.));
#4093 = PCURVE('',#1261,#4094);
#4094 = DEFINITIONAL_REPRESENTATION('',(#4095),#4098);
#4095 = B_SPLINE_CURVE_WITH_KNOTS('',1,(#4096,#4097),.UNSPECIFIED.,.F.,
  .F.,(2,2),(8.838516861938,10.635430198741),.PIECEWISE_BEZIER_KNOTS.);
#4096 = CARTESIAN_POINT('',(9.199454622839,17.677033723877));
#4097 = CARTESIAN_POINT('',(9.199454622839,19.473947060679));
#4098 = ( GEOMETRIC_REPRESENTATION_CONTEXT(2) 
PARAMETRIC_REPRESENTATION_CONTEXT() REPRESENTATION_CONTEXT('2D SPACE',''
  ) );
#4099 = PCURVE('',#4100,#4105);
#4100 = PLANE('',#4101);
#4101 = AXIS2_PLACEMENT_3D('',#4102,#4103,#4104);
#4102 = CARTESIAN_POINT('',(24.859202572866,49.159111171454,
    25.915288074927));
#4103 = DIRECTION('',(1.,0.,0.));
#4104 = DIRECTION('',(0.,0.,1.));
#4105 = DEFINITIONAL_REPRESENTATION('',(#4106),#4109);
#4106 = B_SPLINE_CURVE_WITH_KNOTS('',1,(#4107,#4108),.UNSPECIFIED.,.F.,
  .F.,(2,2),(8.838516861938,10.635430198741),.PIECEWISE_BEZIER_KNOTS.);
#4107 = CARTESIAN_POINT('',(10.664258124538,0.));
#4108 = CARTESIAN_POINT('',(10.664258124538,-1.796913336802));
#4109 = ( GEOMETRIC_REPRESENTATION_CONTEXT(2) 
PARAMETRIC_REPRESENTATION_CONTEXT() REPRESENTATION_CONTEXT('2D SPACE',''
  ) );
#4110 = ORIENTED_EDGE('',*,*,#4111,.T.);
#4111 = EDGE_CURVE('',#4086,#4112,#4114,.T.);
#4112 = VERTEX_POINT('',#4113);
#4113 = CARTESIAN_POINT('',(24.611396191579,49.159111171454,
    36.579546199465));
#4114 = SURFACE_CURVE('',#4115,(#4119,#4125),.PCURVE_S1.);
#4115 = LINE('',#4116,#4117);
#4116 = CARTESIAN_POINT('',(19.5042451583,49.159111171454,
    36.579546199465));
#4117 = VECTOR('',#4118,1.);
#4118 = DIRECTION('',(-1.,0.,0.));
#4119 = PCURVE('',#1261,#4120);
#4120 = DEFINITIONAL_REPRESENTATION('',(#4121),#4124);
#4121 = B_SPLINE_CURVE_WITH_KNOTS('',1,(#4122,#4123),.UNSPECIFIED.,.F.,
  .F.,(2,2),(-5.354957414566,-5.107151033279),.PIECEWISE_BEZIER_KNOTS.);
#4122 = CARTESIAN_POINT('',(9.199454622839,17.677033723877));
#4123 = CARTESIAN_POINT('',(8.951648241553,17.677033723877));
#4124 = ( GEOMETRIC_REPRESENTATION_CONTEXT(2) 
PARAMETRIC_REPRESENTATION_CONTEXT() REPRESENTATION_CONTEXT('2D SPACE',''
  ) );
#4125 = PCURVE('',#4126,#4131);
#4126 = PLANE('',#4127);
#4127 = AXIS2_PLACEMENT_3D('',#4128,#4129,#4130);
#4128 = CARTESIAN_POINT('',(23.348742366574,49.159111171454,
    25.915288074927));
#4129 = DIRECTION('',(0.,1.,0.));
#4130 = DIRECTION('',(0.,0.,1.));
#4131 = DEFINITIONAL_REPRESENTATION('',(#4132),#4135);
#4132 = B_SPLINE_CURVE_WITH_KNOTS('',1,(#4133,#4134),.UNSPECIFIED.,.F.,
  .F.,(2,2),(-5.354957414566,-5.107151033279),.PIECEWISE_BEZIER_KNOTS.);
#4133 = CARTESIAN_POINT('',(10.664258124538,1.510460206292));
#4134 = CARTESIAN_POINT('',(10.664258124538,1.262653825005));
#4135 = ( GEOMETRIC_REPRESENTATION_CONTEXT(2) 
PARAMETRIC_REPRESENTATION_CONTEXT() REPRESENTATION_CONTEXT('2D SPACE',''
  ) );
#4136 = ORIENTED_EDGE('',*,*,#4137,.F.);
#4137 = EDGE_CURVE('',#4138,#4112,#4140,.T.);
#4138 = VERTEX_POINT('',#4139);
#4139 = CARTESIAN_POINT('',(24.611396191579,44.727571015319,
    36.579546199465));
#4140 = SURFACE_CURVE('',#4141,(#4145,#4151),.PCURVE_S1.);
#4141 = LINE('',#4142,#4143);
#4142 = CARTESIAN_POINT('',(24.611396191579,38.104824231448,
    36.579546199465));
#4143 = VECTOR('',#4144,1.);
#4144 = DIRECTION('',(0.,1.,0.));
#4145 = PCURVE('',#1261,#4146);
#4146 = DEFINITIONAL_REPRESENTATION('',(#4147),#4150);
#4147 = B_SPLINE_CURVE_WITH_KNOTS('',1,(#4148,#4149),.UNSPECIFIED.,.F.,
  .F.,(2,2),(6.622746783871,11.619156056994),.PIECEWISE_BEZIER_KNOTS.);
#4148 = CARTESIAN_POINT('',(8.951648241553,13.245493567741));
#4149 = CARTESIAN_POINT('',(8.951648241553,18.241902840865));
#4150 = ( GEOMETRIC_REPRESENTATION_CONTEXT(2) 
PARAMETRIC_REPRESENTATION_CONTEXT() REPRESENTATION_CONTEXT('2D SPACE',''
  ) );
#4151 = PCURVE('',#4152,#4157);
#4152 = PLANE('',#4153);
#4153 = AXIS2_PLACEMENT_3D('',#4154,#4155,#4156);
#4154 = CARTESIAN_POINT('',(24.611396191579,44.727571015319,
    21.689505150563));
#4155 = DIRECTION('',(1.,0.,0.));
#4156 = DIRECTION('',(0.,0.,1.));
#4157 = DEFINITIONAL_REPRESENTATION('',(#4158),#4161);
#4158 = B_SPLINE_CURVE_WITH_KNOTS('',1,(#4159,#4160),.UNSPECIFIED.,.F.,
  .F.,(2,2),(6.622746783871,11.619156056994),.PIECEWISE_BEZIER_KNOTS.);
#4159 = CARTESIAN_POINT('',(14.890041048902,5.329070518201E-15));
#4160 = CARTESIAN_POINT('',(14.890041048902,-4.996409273124));
#4161 = ( GEOMETRIC_REPRESENTATION_CONTEXT(2) 
PARAMETRIC_REPRESENTATION_CONTEXT() REPRESENTATION_CONTEXT('2D SPACE',''
  ) );
#4162 = ORIENTED_EDGE('',*,*,#4163,.T.);
#4163 = EDGE_CURVE('',#4138,#4164,#4166,.T.);
#4164 = VERTEX_POINT('',#4165);
#4165 = CARTESIAN_POINT('',(23.59654874786,44.727571015319,
    36.579546199465));
#4166 = SURFACE_CURVE('',#4167,(#4171,#4177),.PCURVE_S1.);
#4167 = LINE('',#4168,#4169);
#4168 = CARTESIAN_POINT('',(19.628148348943,44.727571015319,
    36.579546199465));
#4169 = VECTOR('',#4170,1.);
#4170 = DIRECTION('',(-1.,0.,0.));
#4171 = PCURVE('',#1261,#4172);
#4172 = DEFINITIONAL_REPRESENTATION('',(#4173),#4176);
#4173 = B_SPLINE_CURVE_WITH_KNOTS('',1,(#4174,#4175),.UNSPECIFIED.,.F.,
  .F.,(2,2),(-4.983247842636,-3.968400398917),.PIECEWISE_BEZIER_KNOTS.);
#4174 = CARTESIAN_POINT('',(8.951648241553,13.245493567742));
#4175 = CARTESIAN_POINT('',(7.936800797834,13.245493567742));
#4176 = ( GEOMETRIC_REPRESENTATION_CONTEXT(2) 
PARAMETRIC_REPRESENTATION_CONTEXT() REPRESENTATION_CONTEXT('2D SPACE',''
  ) );
#4177 = PCURVE('',#4178,#4183);
#4178 = PLANE('',#4179);
#4179 = AXIS2_PLACEMENT_3D('',#4180,#4181,#4182);
#4180 = CARTESIAN_POINT('',(23.59654874786,44.727571015319,
    21.689505150563));
#4181 = DIRECTION('',(0.,1.,0.));
#4182 = DIRECTION('',(0.,0.,1.));
#4183 = DEFINITIONAL_REPRESENTATION('',(#4184),#4187);
#4184 = B_SPLINE_CURVE_WITH_KNOTS('',1,(#4185,#4186),.UNSPECIFIED.,.F.,
  .F.,(2,2),(-4.983247842636,-3.968400398917),.PIECEWISE_BEZIER_KNOTS.);
#4185 = CARTESIAN_POINT('',(14.890041048902,1.014847443719));
#4186 = CARTESIAN_POINT('',(14.890041048902,0.));
#4187 = ( GEOMETRIC_REPRESENTATION_CONTEXT(2) 
PARAMETRIC_REPRESENTATION_CONTEXT() REPRESENTATION_CONTEXT('2D SPACE',''
  ) );
#4188 = ORIENTED_EDGE('',*,*,#4189,.T.);
#4189 = EDGE_CURVE('',#4164,#4190,#4192,.T.);
#4190 = VERTEX_POINT('',#4191);
#4191 = CARTESIAN_POINT('',(23.59654874786,49.138735340932,
    36.579546199465));
#4192 = SURFACE_CURVE('',#4193,(#4197,#4203),.PCURVE_S1.);
#4193 = LINE('',#4194,#4195);
#4194 = CARTESIAN_POINT('',(23.59654874786,38.104824231448,
    36.579546199465));
#4195 = VECTOR('',#4196,1.);
#4196 = DIRECTION('',(0.,1.,0.));
#4197 = PCURVE('',#1261,#4198);
#4198 = DEFINITIONAL_REPRESENTATION('',(#4199),#4202);
#4199 = B_SPLINE_CURVE_WITH_KNOTS('',1,(#4200,#4201),.UNSPECIFIED.,.F.,
  .F.,(2,2),(6.622746783871,11.619156056994),.PIECEWISE_BEZIER_KNOTS.);
#4200 = CARTESIAN_POINT('',(7.936800797834,13.245493567741));
#4201 = CARTESIAN_POINT('',(7.936800797834,18.241902840865));
#4202 = ( GEOMETRIC_REPRESENTATION_CONTEXT(2) 
PARAMETRIC_REPRESENTATION_CONTEXT() REPRESENTATION_CONTEXT('2D SPACE',''
  ) );
#4203 = PCURVE('',#4204,#4209);
#4204 = PLANE('',#4205);
#4205 = AXIS2_PLACEMENT_3D('',#4206,#4207,#4208);
#4206 = CARTESIAN_POINT('',(23.59654874786,44.727571015319,
    21.689505150563));
#4207 = DIRECTION('',(1.,0.,0.));
#4208 = DIRECTION('',(0.,0.,1.));
#4209 = DEFINITIONAL_REPRESENTATION('',(#4210),#4213);
#4210 = B_SPLINE_CURVE_WITH_KNOTS('',1,(#4211,#4212),.UNSPECIFIED.,.F.,
  .F.,(2,2),(6.622746783871,11.619156056994),.PIECEWISE_BEZIER_KNOTS.);
#4211 = CARTESIAN_POINT('',(14.890041048902,5.329070518201E-15));
#4212 = CARTESIAN_POINT('',(14.890041048902,-4.996409273124));
#4213 = ( GEOMETRIC_REPRESENTATION_CONTEXT(2) 
PARAMETRIC_REPRESENTATION_CONTEXT() REPRESENTATION_CONTEXT('2D SPACE',''
  ) );
#4214 = ORIENTED_EDGE('',*,*,#4215,.T.);
#4215 = EDGE_CURVE('',#4190,#4216,#4218,.T.);
#4216 = VERTEX_POINT('',#4217);
#4217 = CARTESIAN_POINT('',(23.34659200854,49.138735340932,
    36.579546199465));
#4218 = SURFACE_CURVE('',#4219,(#4223,#4229),.PCURVE_S1.);
#4219 = LINE('',#4220,#4221);
#4220 = CARTESIAN_POINT('',(17.578516146436,49.138735340932,
    36.579546199465));
#4221 = VECTOR('',#4222,1.);
#4222 = DIRECTION('',(-1.,0.,0.));
#4223 = PCURVE('',#1261,#4224);
#4224 = DEFINITIONAL_REPRESENTATION('',(#4225),#4228);
#4225 = B_SPLINE_CURVE_WITH_KNOTS('',1,(#4226,#4227),.UNSPECIFIED.,.F.,
  .F.,(2,2),(-6.018032601424,-5.768075862104),.PIECEWISE_BEZIER_KNOTS.);
#4226 = CARTESIAN_POINT('',(7.936800797834,17.656657893354));
#4227 = CARTESIAN_POINT('',(7.686844058514,17.656657893354));
#4228 = ( GEOMETRIC_REPRESENTATION_CONTEXT(2) 
PARAMETRIC_REPRESENTATION_CONTEXT() REPRESENTATION_CONTEXT('2D SPACE',''
  ) );
#4229 = PCURVE('',#4230,#4235);
#4230 = PLANE('',#4231);
#4231 = AXIS2_PLACEMENT_3D('',#4232,#4233,#4234);
#4232 = CARTESIAN_POINT('',(19.497284342846,49.138735340932,
    25.740737416546));
#4233 = DIRECTION('',(0.,1.,0.));
#4234 = DIRECTION('',(0.,0.,1.));
#4235 = DEFINITIONAL_REPRESENTATION('',(#4236),#4239);
#4236 = B_SPLINE_CURVE_WITH_KNOTS('',1,(#4237,#4238),.UNSPECIFIED.,.F.,
  .F.,(2,2),(-6.018032601424,-5.768075862104),.PIECEWISE_BEZIER_KNOTS.);
#4237 = CARTESIAN_POINT('',(10.838808782919,4.099264405014));
#4238 = CARTESIAN_POINT('',(10.838808782919,3.849307665694));
#4239 = ( GEOMETRIC_REPRESENTATION_CONTEXT(2) 
PARAMETRIC_REPRESENTATION_CONTEXT() REPRESENTATION_CONTEXT('2D SPACE',''
  ) );
#4240 = ORIENTED_EDGE('',*,*,#4241,.F.);
#4241 = EDGE_CURVE('',#4242,#4216,#4244,.T.);
#4242 = VERTEX_POINT('',#4243);
#4243 = CARTESIAN_POINT('',(23.34659200854,39.592316140422,
    36.579546199465));
#4244 = SURFACE_CURVE('',#4245,(#4249,#4255),.PCURVE_S1.);
#4245 = LINE('',#4246,#4247);
#4246 = CARTESIAN_POINT('',(23.34659200854,35.537196794,36.579546199465)
  );
#4247 = VECTOR('',#4248,1.);
#4248 = DIRECTION('',(0.,1.,0.));
#4249 = PCURVE('',#1261,#4250);
#4250 = DEFINITIONAL_REPRESENTATION('',(#4251),#4254);
#4251 = B_SPLINE_CURVE_WITH_KNOTS('',1,(#4252,#4253),.UNSPECIFIED.,.F.,
  .F.,(2,2),(4.055119346422,13.658453993392),.PIECEWISE_BEZIER_KNOTS.);
#4252 = CARTESIAN_POINT('',(7.686844058514,8.110238692844));
#4253 = CARTESIAN_POINT('',(7.686844058514,17.713573339814));
#4254 = ( GEOMETRIC_REPRESENTATION_CONTEXT(2) 
PARAMETRIC_REPRESENTATION_CONTEXT() REPRESENTATION_CONTEXT('2D SPACE',''
  ) );
#4255 = PCURVE('',#4256,#4261);
#4256 = PLANE('',#4257);
#4257 = AXIS2_PLACEMENT_3D('',#4258,#4259,#4260);
#4258 = CARTESIAN_POINT('',(23.34659200854,39.592316140422,
    23.358402472173));
#4259 = DIRECTION('',(1.,0.,0.));
#4260 = DIRECTION('',(0.,0.,1.));
#4261 = DEFINITIONAL_REPRESENTATION('',(#4262),#4265);
#4262 = B_SPLINE_CURVE_WITH_KNOTS('',1,(#4263,#4264),.UNSPECIFIED.,.F.,
  .F.,(2,2),(4.055119346422,13.658453993392),.PIECEWISE_BEZIER_KNOTS.);
#4263 = CARTESIAN_POINT('',(13.221143727292,0.));
#4264 = CARTESIAN_POINT('',(13.221143727292,-9.60333464697));
#4265 = ( GEOMETRIC_REPRESENTATION_CONTEXT(2) 
PARAMETRIC_REPRESENTATION_CONTEXT() REPRESENTATION_CONTEXT('2D SPACE',''
  ) );
#4266 = ORIENTED_EDGE('',*,*,#4267,.T.);
#4267 = EDGE_CURVE('',#4242,#3928,#4268,.T.);
#4268 = SURFACE_CURVE('',#4269,(#4273,#4279),.PCURVE_S1.);
#4269 = LINE('',#4270,#4271);
#4270 = CARTESIAN_POINT('',(18.944353832785,39.592316140422,
    36.579546199465));
#4271 = VECTOR('',#4272,1.);
#4272 = DIRECTION('',(-1.,0.,0.));
#4273 = PCURVE('',#1261,#4274);
#4274 = DEFINITIONAL_REPRESENTATION('',(#4275),#4278);
#4275 = B_SPLINE_CURVE_WITH_KNOTS('',1,(#4276,#4277),.UNSPECIFIED.,.F.,
  .F.,(2,2),(-4.402238175756,-3.284605882758),.PIECEWISE_BEZIER_KNOTS.);
#4276 = CARTESIAN_POINT('',(7.686844058514,8.110238692844));
#4277 = CARTESIAN_POINT('',(6.569211765516,8.110238692844));
#4278 = ( GEOMETRIC_REPRESENTATION_CONTEXT(2) 
PARAMETRIC_REPRESENTATION_CONTEXT() REPRESENTATION_CONTEXT('2D SPACE',''
  ) );
#4279 = PCURVE('',#4280,#4285);
#4280 = PLANE('',#4281);
#4281 = AXIS2_PLACEMENT_3D('',#4282,#4283,#4284);
#4282 = CARTESIAN_POINT('',(22.228959715543,39.592316140422,
    23.358402472173));
#4283 = DIRECTION('',(0.,1.,0.));
#4284 = DIRECTION('',(0.,0.,1.));
#4285 = DEFINITIONAL_REPRESENTATION('',(#4286),#4289);
#4286 = B_SPLINE_CURVE_WITH_KNOTS('',1,(#4287,#4288),.UNSPECIFIED.,.F.,
  .F.,(2,2),(-4.402238175756,-3.284605882758),.PIECEWISE_BEZIER_KNOTS.);
#4287 = CARTESIAN_POINT('',(13.221143727292,1.117632292998));
#4288 = CARTESIAN_POINT('',(13.221143727292,0.));
#4289 = ( GEOMETRIC_REPRESENTATION_CONTEXT(2) 
PARAMETRIC_REPRESENTATION_CONTEXT() REPRESENTATION_CONTEXT('2D SPACE',''
  ) );
#4290 = FACE_BOUND('',#4291,.T.);
#4291 = EDGE_LOOP('',(#4292,#4320,#4346,#4372));
#4292 = ORIENTED_EDGE('',*,*,#4293,.T.);
#4293 = EDGE_CURVE('',#4294,#4296,#4298,.T.);
#4294 = VERTEX_POINT('',#4295);
#4295 = CARTESIAN_POINT('',(25.969004030695,44.235891216191,
    36.579546199465));
#4296 = VERTEX_POINT('',#4297);
#4297 = CARTESIAN_POINT('',(24.8713341241,44.235891216191,
    36.579546199465));
#4298 = SURFACE_CURVE('',#4299,(#4303,#4309),.PCURVE_S1.);
#4299 = LINE('',#4300,#4301);
#4300 = CARTESIAN_POINT('',(20.265541037063,44.235891216191,
    36.579546199465));
#4301 = VECTOR('',#4302,1.);
#4302 = DIRECTION('',(-1.,0.,0.));
#4303 = PCURVE('',#1261,#4304);
#4304 = DEFINITIONAL_REPRESENTATION('',(#4305),#4308);
#4305 = B_SPLINE_CURVE_WITH_KNOTS('',1,(#4306,#4307),.UNSPECIFIED.,.F.,
  .F.,(2,2),(-5.703462993632,-4.605793087037),.PIECEWISE_BEZIER_KNOTS.);
#4306 = CARTESIAN_POINT('',(10.309256080669,12.753813768613));
#4307 = CARTESIAN_POINT('',(9.211586174074,12.753813768613));
#4308 = ( GEOMETRIC_REPRESENTATION_CONTEXT(2) 
PARAMETRIC_REPRESENTATION_CONTEXT() REPRESENTATION_CONTEXT('2D SPACE',''
  ) );
#4309 = PCURVE('',#4310,#4315);
#4310 = PLANE('',#4311);
#4311 = AXIS2_PLACEMENT_3D('',#4312,#4313,#4314);
#4312 = CARTESIAN_POINT('',(24.8713341241,44.235891216191,
    24.264094067015));
#4313 = DIRECTION('',(0.,1.,0.));
#4314 = DIRECTION('',(0.,0.,1.));
#4315 = DEFINITIONAL_REPRESENTATION('',(#4316),#4319);
#4316 = B_SPLINE_CURVE_WITH_KNOTS('',1,(#4317,#4318),.UNSPECIFIED.,.F.,
  .F.,(2,2),(-5.703462993632,-4.605793087037),.PIECEWISE_BEZIER_KNOTS.);
#4317 = CARTESIAN_POINT('',(12.315452132451,1.097669906595));
#4318 = CARTESIAN_POINT('',(12.315452132451,0.));
#4319 = ( GEOMETRIC_REPRESENTATION_CONTEXT(2) 
PARAMETRIC_REPRESENTATION_CONTEXT() REPRESENTATION_CONTEXT('2D SPACE',''
  ) );
#4320 = ORIENTED_EDGE('',*,*,#4321,.T.);
#4321 = EDGE_CURVE('',#4296,#4322,#4324,.T.);
#4322 = VERTEX_POINT('',#4323);
#4323 = CARTESIAN_POINT('',(24.8713341241,50.215660087571,
    36.579546199465));
#4324 = SURFACE_CURVE('',#4325,(#4329,#4335),.PCURVE_S1.);
#4325 = LINE('',#4326,#4327);
#4326 = CARTESIAN_POINT('',(24.8713341241,37.858984331884,
    36.579546199465));
#4327 = VECTOR('',#4328,1.);
#4328 = DIRECTION('',(0.,1.,0.));
#4329 = PCURVE('',#1261,#4330);
#4330 = DEFINITIONAL_REPRESENTATION('',(#4331),#4334);
#4331 = B_SPLINE_CURVE_WITH_KNOTS('',1,(#4332,#4333),.UNSPECIFIED.,.F.,
  .F.,(2,2),(6.376906884307,12.356675755687),.PIECEWISE_BEZIER_KNOTS.);
#4332 = CARTESIAN_POINT('',(9.211586174074,12.753813768613));
#4333 = CARTESIAN_POINT('',(9.211586174074,18.733582639994));
#4334 = ( GEOMETRIC_REPRESENTATION_CONTEXT(2) 
PARAMETRIC_REPRESENTATION_CONTEXT() REPRESENTATION_CONTEXT('2D SPACE',''
  ) );
#4335 = PCURVE('',#4336,#4341);
#4336 = PLANE('',#4337);
#4337 = AXIS2_PLACEMENT_3D('',#4338,#4339,#4340);
#4338 = CARTESIAN_POINT('',(24.8713341241,44.235891216191,
    24.264094067015));
#4339 = DIRECTION('',(1.,0.,0.));
#4340 = DIRECTION('',(0.,0.,1.));
#4341 = DEFINITIONAL_REPRESENTATION('',(#4342),#4345);
#4342 = B_SPLINE_CURVE_WITH_KNOTS('',1,(#4343,#4344),.UNSPECIFIED.,.F.,
  .F.,(2,2),(6.376906884307,12.356675755687),.PIECEWISE_BEZIER_KNOTS.);
#4343 = CARTESIAN_POINT('',(12.315452132451,0.));
#4344 = CARTESIAN_POINT('',(12.315452132451,-5.979768871381));
#4345 = ( GEOMETRIC_REPRESENTATION_CONTEXT(2) 
PARAMETRIC_REPRESENTATION_CONTEXT() REPRESENTATION_CONTEXT('2D SPACE',''
  ) );
#4346 = ORIENTED_EDGE('',*,*,#4347,.F.);
#4347 = EDGE_CURVE('',#4348,#4322,#4350,.T.);
#4348 = VERTEX_POINT('',#4349);
#4349 = CARTESIAN_POINT('',(25.969004030695,50.215660087571,
    36.579546199465));
#4350 = SURFACE_CURVE('',#4351,(#4355,#4361),.PCURVE_S1.);
#4351 = LINE('',#4352,#4353);
#4352 = CARTESIAN_POINT('',(20.265541037063,50.215660087571,
    36.579546199465));
#4353 = VECTOR('',#4354,1.);
#4354 = DIRECTION('',(-1.,0.,0.));
#4355 = PCURVE('',#1261,#4356);
#4356 = DEFINITIONAL_REPRESENTATION('',(#4357),#4360);
#4357 = B_SPLINE_CURVE_WITH_KNOTS('',1,(#4358,#4359),.UNSPECIFIED.,.F.,
  .F.,(2,2),(-5.703462993632,-4.605793087037),.PIECEWISE_BEZIER_KNOTS.);
#4358 = CARTESIAN_POINT('',(10.309256080669,18.733582639994));
#4359 = CARTESIAN_POINT('',(9.211586174074,18.733582639994));
#4360 = ( GEOMETRIC_REPRESENTATION_CONTEXT(2) 
PARAMETRIC_REPRESENTATION_CONTEXT() REPRESENTATION_CONTEXT('2D SPACE',''
  ) );
#4361 = PCURVE('',#4362,#4367);
#4362 = PLANE('',#4363);
#4363 = AXIS2_PLACEMENT_3D('',#4364,#4365,#4366);
#4364 = CARTESIAN_POINT('',(24.8713341241,50.215660087571,
    24.264094067015));
#4365 = DIRECTION('',(0.,1.,0.));
#4366 = DIRECTION('',(0.,0.,1.));
#4367 = DEFINITIONAL_REPRESENTATION('',(#4368),#4371);
#4368 = B_SPLINE_CURVE_WITH_KNOTS('',1,(#4369,#4370),.UNSPECIFIED.,.F.,
  .F.,(2,2),(-5.703462993632,-4.605793087037),.PIECEWISE_BEZIER_KNOTS.);
#4369 = CARTESIAN_POINT('',(12.315452132451,1.097669906595));
#4370 = CARTESIAN_POINT('',(12.315452132451,0.));
#4371 = ( GEOMETRIC_REPRESENTATION_CONTEXT(2) 
PARAMETRIC_REPRESENTATION_CONTEXT() REPRESENTATION_CONTEXT('2D SPACE',''
  ) );
#4372 = ORIENTED_EDGE('',*,*,#4373,.F.);
#4373 = EDGE_CURVE('',#4294,#4348,#4374,.T.);
#4374 = SURFACE_CURVE('',#4375,(#4379,#4385),.PCURVE_S1.);
#4375 = LINE('',#4376,#4377);
#4376 = CARTESIAN_POINT('',(25.969004030695,37.858984331884,
    36.579546199465));
#4377 = VECTOR('',#4378,1.);
#4378 = DIRECTION('',(0.,1.,0.));
#4379 = PCURVE('',#1261,#4380);
#4380 = DEFINITIONAL_REPRESENTATION('',(#4381),#4384);
#4381 = B_SPLINE_CURVE_WITH_KNOTS('',1,(#4382,#4383),.UNSPECIFIED.,.F.,
  .F.,(2,2),(6.376906884307,12.356675755687),.PIECEWISE_BEZIER_KNOTS.);
#4382 = CARTESIAN_POINT('',(10.309256080669,12.753813768613));
#4383 = CARTESIAN_POINT('',(10.309256080669,18.733582639994));
#4384 = ( GEOMETRIC_REPRESENTATION_CONTEXT(2) 
PARAMETRIC_REPRESENTATION_CONTEXT() REPRESENTATION_CONTEXT('2D SPACE',''
  ) );
#4385 = PCURVE('',#4386,#4391);
#4386 = PLANE('',#4387);
#4387 = AXIS2_PLACEMENT_3D('',#4388,#4389,#4390);
#4388 = CARTESIAN_POINT('',(25.969004030695,44.235891216191,
    24.264094067015));
#4389 = DIRECTION('',(1.,0.,0.));
#4390 = DIRECTION('',(0.,0.,1.));
#4391 = DEFINITIONAL_REPRESENTATION('',(#4392),#4395);
#4392 = B_SPLINE_CURVE_WITH_KNOTS('',1,(#4393,#4394),.UNSPECIFIED.,.F.,
  .F.,(2,2),(6.376906884307,12.356675755687),.PIECEWISE_BEZIER_KNOTS.);
#4393 = CARTESIAN_POINT('',(12.315452132451,0.));
#4394 = CARTESIAN_POINT('',(12.315452132451,-5.979768871381));
#4395 = ( GEOMETRIC_REPRESENTATION_CONTEXT(2) 
PARAMETRIC_REPRESENTATION_CONTEXT() REPRESENTATION_CONTEXT('2D SPACE',''
  ) );
#4396 = ADVANCED_FACE('',(#4397),#1522,.F.);
#4397 = FACE_BOUND('',#4398,.F.);
#4398 = EDGE_LOOP('',(#4399,#4400,#4401,#4422,#4450,#4473));
#4399 = ORIENTED_EDGE('',*,*,#1663,.F.);
#4400 = ORIENTED_EDGE('',*,*,#1507,.T.);
#4401 = ORIENTED_EDGE('',*,*,#4402,.F.);
#4402 = EDGE_CURVE('',#4403,#1480,#4405,.T.);
#4403 = VERTEX_POINT('',#4404);
#4404 = CARTESIAN_POINT('',(46.582819461275,25.,45.));
#4405 = SURFACE_CURVE('',#4406,(#4410,#4416),.PCURVE_S1.);
#4406 = LINE('',#4407,#4408);
#4407 = CARTESIAN_POINT('',(46.582819461275,8.009737944277,45.));
#4408 = VECTOR('',#4409,1.);
#4409 = DIRECTION('',(0.,-1.,0.));
#4410 = PCURVE('',#1522,#4411);
#4411 = DEFINITIONAL_REPRESENTATION('',(#4412),#4415);
#4412 = B_SPLINE_CURVE_WITH_KNOTS('',1,(#4413,#4414),.UNSPECIFIED.,.F.,
  .F.,(2,2),(-18.99026205572,-8.009737944277),.PIECEWISE_BEZIER_KNOTS.);
#4413 = CARTESIAN_POINT('',(11.582819461275,27.));
#4414 = CARTESIAN_POINT('',(11.582819461275,16.019475888555));
#4415 = ( GEOMETRIC_REPRESENTATION_CONTEXT(2) 
PARAMETRIC_REPRESENTATION_CONTEXT() REPRESENTATION_CONTEXT('2D SPACE',''
  ) );
#4416 = PCURVE('',#1495,#4417);
#4417 = DEFINITIONAL_REPRESENTATION('',(#4418),#4421);
#4418 = B_SPLINE_CURVE_WITH_KNOTS('',1,(#4419,#4420),.UNSPECIFIED.,.F.,
  .F.,(2,2),(-18.99026205572,-8.009737944277),.PIECEWISE_BEZIER_KNOTS.);
#4419 = CARTESIAN_POINT('',(50.247048642192,-10.98052411144));
#4420 = CARTESIAN_POINT('',(50.247048642192,0.));
#4421 = ( GEOMETRIC_REPRESENTATION_CONTEXT(2) 
PARAMETRIC_REPRESENTATION_CONTEXT() REPRESENTATION_CONTEXT('2D SPACE',''
  ) );
#4422 = ORIENTED_EDGE('',*,*,#4423,.F.);
#4423 = EDGE_CURVE('',#4424,#4403,#4426,.T.);
#4424 = VERTEX_POINT('',#4425);
#4425 = CARTESIAN_POINT('',(45.,25.,45.));
#4426 = SURFACE_CURVE('',#4427,(#4431,#4438),.PCURVE_S1.);
#4427 = LINE('',#4428,#4429);
#4428 = CARTESIAN_POINT('',(45.,25.,45.));
#4429 = VECTOR('',#4430,1.);
#4430 = DIRECTION('',(1.,0.,-0.));
#4431 = PCURVE('',#1522,#4432);
#4432 = DEFINITIONAL_REPRESENTATION('',(#4433),#4437);
#4433 = LINE('',#4434,#4435);
#4434 = CARTESIAN_POINT('',(10.,25.));
#4435 = VECTOR('',#4436,1.);
#4436 = DIRECTION('',(1.,0.));
#4437 = ( GEOMETRIC_REPRESENTATION_CONTEXT(2) 
PARAMETRIC_REPRESENTATION_CONTEXT() REPRESENTATION_CONTEXT('2D SPACE',''
  ) );
#4438 = PCURVE('',#4439,#4444);
#4439 = PLANE('',#4440);
#4440 = AXIS2_PLACEMENT_3D('',#4441,#4442,#4443);
#4441 = CARTESIAN_POINT('',(35.,0.,45.));
#4442 = DIRECTION('',(0.,0.,1.));
#4443 = DIRECTION('',(1.,0.,-0.));
#4444 = DEFINITIONAL_REPRESENTATION('',(#4445),#4449);
#4445 = LINE('',#4446,#4447);
#4446 = CARTESIAN_POINT('',(10.,25.));
#4447 = VECTOR('',#4448,1.);
#4448 = DIRECTION('',(1.,0.));
#4449 = ( GEOMETRIC_REPRESENTATION_CONTEXT(2) 
PARAMETRIC_REPRESENTATION_CONTEXT() REPRESENTATION_CONTEXT('2D SPACE',''
  ) );
#4450 = ORIENTED_EDGE('',*,*,#4451,.T.);
#4451 = EDGE_CURVE('',#4424,#4452,#4454,.T.);
#4452 = VERTEX_POINT('',#4453);
#4453 = CARTESIAN_POINT('',(45.,27.,45.));
#4454 = SURFACE_CURVE('',#4455,(#4459,#4466),.PCURVE_S1.);
#4455 = LINE('',#4456,#4457);
#4456 = CARTESIAN_POINT('',(45.,25.,45.));
#4457 = VECTOR('',#4458,1.);
#4458 = DIRECTION('',(-0.,1.,0.));
#4459 = PCURVE('',#1522,#4460);
#4460 = DEFINITIONAL_REPRESENTATION('',(#4461),#4465);
#4461 = LINE('',#4462,#4463);
#4462 = CARTESIAN_POINT('',(10.,25.));
#4463 = VECTOR('',#4464,1.);
#4464 = DIRECTION('',(0.,1.));
#4465 = ( GEOMETRIC_REPRESENTATION_CONTEXT(2) 
PARAMETRIC_REPRESENTATION_CONTEXT() REPRESENTATION_CONTEXT('2D SPACE',''
  ) );
#4466 = PCURVE('',#4439,#4467);
#4467 = DEFINITIONAL_REPRESENTATION('',(#4468),#4472);
#4468 = LINE('',#4469,#4470);
#4469 = CARTESIAN_POINT('',(10.,25.));
#4470 = VECTOR('',#4471,1.);
#4471 = DIRECTION('',(0.,1.));
#4472 = ( GEOMETRIC_REPRESENTATION_CONTEXT(2) 
PARAMETRIC_REPRESENTATION_CONTEXT() REPRESENTATION_CONTEXT('2D SPACE',''
  ) );
#4473 = ORIENTED_EDGE('',*,*,#4474,.F.);
#4474 = EDGE_CURVE('',#1664,#4452,#4475,.T.);
#4475 = SURFACE_CURVE('',#4476,(#4480,#4487),.PCURVE_S1.);
#4476 = LINE('',#4477,#4478);
#4477 = CARTESIAN_POINT('',(35.,27.,45.));
#4478 = VECTOR('',#4479,1.);
#4479 = DIRECTION('',(1.,0.,-0.));
#4480 = PCURVE('',#1522,#4481);
#4481 = DEFINITIONAL_REPRESENTATION('',(#4482),#4486);
#4482 = LINE('',#4483,#4484);
#4483 = CARTESIAN_POINT('',(0.,27.));
#4484 = VECTOR('',#4485,1.);
#4485 = DIRECTION('',(1.,0.));
#4486 = ( GEOMETRIC_REPRESENTATION_CONTEXT(2) 
PARAMETRIC_REPRESENTATION_CONTEXT() REPRESENTATION_CONTEXT('2D SPACE',''
  ) );
#4487 = PCURVE('',#1747,#4488);
#4488 = DEFINITIONAL_REPRESENTATION('',(#4489),#4493);
#4489 = LINE('',#4490,#4491);
#4490 = CARTESIAN_POINT('',(45.,0.));
#4491 = VECTOR('',#4492,1.);
#4492 = DIRECTION('',(0.,1.));
#4493 = ( GEOMETRIC_REPRESENTATION_CONTEXT(2) 
PARAMETRIC_REPRESENTATION_CONTEXT() REPRESENTATION_CONTEXT('2D SPACE',''
  ) );
#4494 = ADVANCED_FACE('',(#4495),#1495,.T.);
#4495 = FACE_BOUND('',#4496,.T.);
#4496 = EDGE_LOOP('',(#4497,#4518,#4519,#4520,#4521,#4522));
#4497 = ORIENTED_EDGE('',*,*,#4498,.F.);
#4498 = EDGE_CURVE('',#3685,#4499,#4501,.T.);
#4499 = VERTEX_POINT('',#4500);
#4500 = CARTESIAN_POINT('',(46.582819461275,27.,45.));
#4501 = SURFACE_CURVE('',#4502,(#4506,#4512),.PCURVE_S1.);
#4502 = LINE('',#4503,#4504);
#4503 = CARTESIAN_POINT('',(46.582819461275,20.509737944277,45.));
#4504 = VECTOR('',#4505,1.);
#4505 = DIRECTION('',(0.,-1.,0.));
#4506 = PCURVE('',#1495,#4507);
#4507 = DEFINITIONAL_REPRESENTATION('',(#4508),#4511);
#4508 = B_SPLINE_CURVE_WITH_KNOTS('',1,(#4509,#4510),.UNSPECIFIED.,.F.,
  .F.,(2,2),(-11.28471773974,-4.490262055723),.PIECEWISE_BEZIER_KNOTS.);
#4509 = CARTESIAN_POINT('',(50.247048642192,-15.77497979546));
#4510 = CARTESIAN_POINT('',(50.247048642192,-8.980524111445));
#4511 = ( GEOMETRIC_REPRESENTATION_CONTEXT(2) 
PARAMETRIC_REPRESENTATION_CONTEXT() REPRESENTATION_CONTEXT('2D SPACE',''
  ) );
#4512 = PCURVE('',#3722,#4513);
#4513 = DEFINITIONAL_REPRESENTATION('',(#4514),#4517);
#4514 = B_SPLINE_CURVE_WITH_KNOTS('',1,(#4515,#4516),.UNSPECIFIED.,.F.,
  .F.,(2,2),(-11.28471773974,-4.490262055723),.PIECEWISE_BEZIER_KNOTS.);
#4515 = CARTESIAN_POINT('',(1.582819461275,6.794455684021));
#4516 = CARTESIAN_POINT('',(1.582819461275,0.));
#4517 = ( GEOMETRIC_REPRESENTATION_CONTEXT(2) 
PARAMETRIC_REPRESENTATION_CONTEXT() REPRESENTATION_CONTEXT('2D SPACE',''
  ) );
#4518 = ORIENTED_EDGE('',*,*,#3684,.T.);
#4519 = ORIENTED_EDGE('',*,*,#3165,.F.);
#4520 = ORIENTED_EDGE('',*,*,#1479,.F.);
#4521 = ORIENTED_EDGE('',*,*,#4402,.F.);
#4522 = ORIENTED_EDGE('',*,*,#4523,.F.);
#4523 = EDGE_CURVE('',#4499,#4403,#4524,.T.);
#4524 = SURFACE_CURVE('',#4525,(#4529,#4535),.PCURVE_S1.);
#4525 = LINE('',#4526,#4527);
#4526 = CARTESIAN_POINT('',(46.582819461275,8.009737944277,45.));
#4527 = VECTOR('',#4528,1.);
#4528 = DIRECTION('',(0.,-1.,0.));
#4529 = PCURVE('',#1495,#4530);
#4530 = DEFINITIONAL_REPRESENTATION('',(#4531),#4534);
#4531 = B_SPLINE_CURVE_WITH_KNOTS('',1,(#4532,#4533),.UNSPECIFIED.,.F.,
  .F.,(2,2),(-18.99026205572,-8.009737944277),.PIECEWISE_BEZIER_KNOTS.);
#4532 = CARTESIAN_POINT('',(50.247048642192,-10.98052411144));
#4533 = CARTESIAN_POINT('',(50.247048642192,0.));
#4534 = ( GEOMETRIC_REPRESENTATION_CONTEXT(2) 
PARAMETRIC_REPRESENTATION_CONTEXT() REPRESENTATION_CONTEXT('2D SPACE',''
  ) );
#4535 = PCURVE('',#4439,#4536);
#4536 = DEFINITIONAL_REPRESENTATION('',(#4537),#4540);
#4537 = B_SPLINE_CURVE_WITH_KNOTS('',1,(#4538,#4539),.UNSPECIFIED.,.F.,
  .F.,(2,2),(-18.99026205572,-8.009737944277),.PIECEWISE_BEZIER_KNOTS.);
#4538 = CARTESIAN_POINT('',(11.582819461275,27.));
#4539 = CARTESIAN_POINT('',(11.582819461275,16.019475888555));
#4540 = ( GEOMETRIC_REPRESENTATION_CONTEXT(2) 
PARAMETRIC_REPRESENTATION_CONTEXT() REPRESENTATION_CONTEXT('2D SPACE',''
  ) );
#4541 = ADVANCED_FACE('',(#4542),#1747,.F.);
#4542 = FACE_BOUND('',#4543,.F.);
#4543 = EDGE_LOOP('',(#4544,#4570,#4571,#4572,#4573));
#4544 = ORIENTED_EDGE('',*,*,#4545,.F.);
#4545 = EDGE_CURVE('',#1690,#4546,#4548,.T.);
#4546 = VERTEX_POINT('',#4547);
#4547 = CARTESIAN_POINT('',(45.,27.,15.));
#4548 = SURFACE_CURVE('',#4549,(#4553,#4559),.PCURVE_S1.);
#4549 = LINE('',#4550,#4551);
#4550 = CARTESIAN_POINT('',(22.5,27.,15.));
#4551 = VECTOR('',#4552,1.);
#4552 = DIRECTION('',(1.,0.,-0.));
#4553 = PCURVE('',#1747,#4554);
#4554 = DEFINITIONAL_REPRESENTATION('',(#4555),#4558);
#4555 = B_SPLINE_CURVE_WITH_KNOTS('',1,(#4556,#4557),.UNSPECIFIED.,.F.,
  .F.,(2,2),(12.5,24.552390931299),.PIECEWISE_BEZIER_KNOTS.);
#4556 = CARTESIAN_POINT('',(15.,0.));
#4557 = CARTESIAN_POINT('',(15.,12.052390931299));
#4558 = ( GEOMETRIC_REPRESENTATION_CONTEXT(2) 
PARAMETRIC_REPRESENTATION_CONTEXT() REPRESENTATION_CONTEXT('2D SPACE',''
  ) );
#4559 = PCURVE('',#4560,#4565);
#4560 = PLANE('',#4561);
#4561 = AXIS2_PLACEMENT_3D('',#4562,#4563,#4564);
#4562 = CARTESIAN_POINT('',(10.,25.,15.));
#4563 = DIRECTION('',(0.,0.,1.));
#4564 = DIRECTION('',(1.,0.,-0.));
#4565 = DEFINITIONAL_REPRESENTATION('',(#4566),#4569);
#4566 = B_SPLINE_CURVE_WITH_KNOTS('',1,(#4567,#4568),.UNSPECIFIED.,.F.,
  .F.,(2,2),(12.5,24.552390931299),.PIECEWISE_BEZIER_KNOTS.);
#4567 = CARTESIAN_POINT('',(25.,2.));
#4568 = CARTESIAN_POINT('',(37.052390931299,2.));
#4569 = ( GEOMETRIC_REPRESENTATION_CONTEXT(2) 
PARAMETRIC_REPRESENTATION_CONTEXT() REPRESENTATION_CONTEXT('2D SPACE',''
  ) );
#4570 = ORIENTED_EDGE('',*,*,#1710,.T.);
#4571 = ORIENTED_EDGE('',*,*,#1733,.T.);
#4572 = ORIENTED_EDGE('',*,*,#4474,.T.);
#4573 = ORIENTED_EDGE('',*,*,#4574,.T.);
#4574 = EDGE_CURVE('',#4452,#4546,#4575,.T.);
#4575 = SURFACE_CURVE('',#4576,(#4580,#4586),.PCURVE_S1.);
#4576 = LINE('',#4577,#4578);
#4577 = CARTESIAN_POINT('',(45.,27.,5.));
#4578 = VECTOR('',#4579,1.);
#4579 = DIRECTION('',(-0.,0.,-1.));
#4580 = PCURVE('',#1747,#4581);
#4581 = DEFINITIONAL_REPRESENTATION('',(#4582),#4585);
#4582 = B_SPLINE_CURVE_WITH_KNOTS('',1,(#4583,#4584),.UNSPECIFIED.,.F.,
  .F.,(2,2),(-40.,-10.),.PIECEWISE_BEZIER_KNOTS.);
#4583 = CARTESIAN_POINT('',(45.,10.));
#4584 = CARTESIAN_POINT('',(15.,10.));
#4585 = ( GEOMETRIC_REPRESENTATION_CONTEXT(2) 
PARAMETRIC_REPRESENTATION_CONTEXT() REPRESENTATION_CONTEXT('2D SPACE',''
  ) );
#4586 = PCURVE('',#3748,#4587);
#4587 = DEFINITIONAL_REPRESENTATION('',(#4588),#4591);
#4588 = B_SPLINE_CURVE_WITH_KNOTS('',1,(#4589,#4590),.UNSPECIFIED.,.F.,
  .F.,(2,2),(-40.,-10.),.PIECEWISE_BEZIER_KNOTS.);
#4589 = CARTESIAN_POINT('',(35.,-2.));
#4590 = CARTESIAN_POINT('',(5.,-2.));
#4591 = ( GEOMETRIC_REPRESENTATION_CONTEXT(2) 
PARAMETRIC_REPRESENTATION_CONTEXT() REPRESENTATION_CONTEXT('2D SPACE',''
  ) );
#4592 = ADVANCED_FACE('',(#4593),#1801,.T.);
#4593 = FACE_BOUND('',#4594,.T.);
#4594 = EDGE_LOOP('',(#4595,#4596,#4597,#4598));
#4595 = ORIENTED_EDGE('',*,*,#1937,.F.);
#4596 = ORIENTED_EDGE('',*,*,#1785,.T.);
#4597 = ORIENTED_EDGE('',*,*,#1839,.T.);
#4598 = ORIENTED_EDGE('',*,*,#1888,.F.);
#4599 = ADVANCED_FACE('',(#4600),#2058,.T.);
#4600 = FACE_BOUND('',#4601,.T.);
#4601 = EDGE_LOOP('',(#4602,#4603,#4604,#4605,#4606,#4607,#4628,#4629,
    #4630,#4631));
#4602 = ORIENTED_EDGE('',*,*,#2714,.T.);
#4603 = ORIENTED_EDGE('',*,*,#2785,.F.);
#4604 = ORIENTED_EDGE('',*,*,#2856,.F.);
#4605 = ORIENTED_EDGE('',*,*,#2884,.T.);
#4606 = ORIENTED_EDGE('',*,*,#2042,.T.);
#4607 = ORIENTED_EDGE('',*,*,#4608,.F.);
#4608 = EDGE_CURVE('',#2169,#2015,#4609,.T.);
#4609 = SURFACE_CURVE('',#4610,(#4614,#4621),.PCURVE_S1.);
#4610 = LINE('',#4611,#4612);
#4611 = CARTESIAN_POINT('',(24.84369693729,6.243691183034,4.372478931937
    ));
#4612 = VECTOR('',#4613,1.);
#4613 = DIRECTION('',(0.,-1.,0.));
#4614 = PCURVE('',#2058,#4615);
#4615 = DEFINITIONAL_REPRESENTATION('',(#4616),#4620);
#4616 = LINE('',#4617,#4618);
#4617 = CARTESIAN_POINT('',(0.962714610336,1.920056912938E-02));
#4618 = VECTOR('',#4619,1.);
#4619 = DIRECTION('',(-1.,0.));
#4620 = ( GEOMETRIC_REPRESENTATION_CONTEXT(2) 
PARAMETRIC_REPRESENTATION_CONTEXT() REPRESENTATION_CONTEXT('2D SPACE',''
  ) );
#4621 = PCURVE('',#2030,#4622);
#4622 = DEFINITIONAL_REPRESENTATION('',(#4623),#4627);
#4623 = LINE('',#4624,#4625);
#4624 = CARTESIAN_POINT('',(0.467047152001,-0.962714610336));
#4625 = VECTOR('',#4626,1.);
#4626 = DIRECTION('',(0.,-1.));
#4627 = ( GEOMETRIC_REPRESENTATION_CONTEXT(2) 
PARAMETRIC_REPRESENTATION_CONTEXT() REPRESENTATION_CONTEXT('2D SPACE',''
  ) );
#4628 = ORIENTED_EDGE('',*,*,#2191,.F.);
#4629 = ORIENTED_EDGE('',*,*,#2263,.T.);
#4630 = ORIENTED_EDGE('',*,*,#2367,.T.);
#4631 = ORIENTED_EDGE('',*,*,#4632,.F.);
#4632 = EDGE_CURVE('',#2690,#2340,#4633,.T.);
#4633 = SURFACE_CURVE('',#4634,(#4638,#4645),.PCURVE_S1.);
#4634 = LINE('',#4635,#4636);
#4635 = CARTESIAN_POINT('',(24.84369693729,6.725665708817,4.550712219016
    ));
#4636 = VECTOR('',#4637,1.);
#4637 = DIRECTION('',(0.,-1.,0.));
#4638 = PCURVE('',#2058,#4639);
#4639 = DEFINITIONAL_REPRESENTATION('',(#4640),#4644);
#4640 = LINE('',#4641,#4642);
#4641 = CARTESIAN_POINT('',(1.444689136119,0.197433856209));
#4642 = VECTOR('',#4643,1.);
#4643 = DIRECTION('',(-1.,0.));
#4644 = ( GEOMETRIC_REPRESENTATION_CONTEXT(2) 
PARAMETRIC_REPRESENTATION_CONTEXT() REPRESENTATION_CONTEXT('2D SPACE',''
  ) );
#4645 = PCURVE('',#2355,#4646);
#4646 = DEFINITIONAL_REPRESENTATION('',(#4647),#4651);
#4647 = LINE('',#4648,#4649);
#4648 = CARTESIAN_POINT('',(0.794227737116,-1.444689136119));
#4649 = VECTOR('',#4650,1.);
#4650 = DIRECTION('',(0.,-1.));
#4651 = ( GEOMETRIC_REPRESENTATION_CONTEXT(2) 
PARAMETRIC_REPRESENTATION_CONTEXT() REPRESENTATION_CONTEXT('2D SPACE',''
  ) );
#4652 = ADVANCED_FACE('',(#4653),#2030,.F.);
#4653 = FACE_BOUND('',#4654,.F.);
#4654 = EDGE_LOOP('',(#4655,#4656,#4677,#4678));
#4655 = ORIENTED_EDGE('',*,*,#2168,.F.);
#4656 = ORIENTED_EDGE('',*,*,#4657,.F.);
#4657 = EDGE_CURVE('',#1987,#2146,#4658,.T.);
#4658 = SURFACE_CURVE('',#4659,(#4663,#4670),.PCURVE_S1.);
#4659 = LINE('',#4660,#4661);
#4660 = CARTESIAN_POINT('',(24.376649785289,7.206405793371,
    4.372478931937));
#4661 = VECTOR('',#4662,1.);
#4662 = DIRECTION('',(0.,1.,0.));
#4663 = PCURVE('',#2030,#4664);
#4664 = DEFINITIONAL_REPRESENTATION('',(#4665),#4669);
#4665 = LINE('',#4666,#4667);
#4666 = CARTESIAN_POINT('',(0.,0.));
#4667 = VECTOR('',#4668,1.);
#4668 = DIRECTION('',(0.,1.));
#4669 = ( GEOMETRIC_REPRESENTATION_CONTEXT(2) 
PARAMETRIC_REPRESENTATION_CONTEXT() REPRESENTATION_CONTEXT('2D SPACE',''
  ) );
#4670 = PCURVE('',#2002,#4671);
#4671 = DEFINITIONAL_REPRESENTATION('',(#4672),#4676);
#4672 = LINE('',#4673,#4674);
#4673 = CARTESIAN_POINT('',(0.,3.239709116463));
#4674 = VECTOR('',#4675,1.);
#4675 = DIRECTION('',(1.,0.));
#4676 = ( GEOMETRIC_REPRESENTATION_CONTEXT(2) 
PARAMETRIC_REPRESENTATION_CONTEXT() REPRESENTATION_CONTEXT('2D SPACE',''
  ) );
#4677 = ORIENTED_EDGE('',*,*,#2014,.T.);
#4678 = ORIENTED_EDGE('',*,*,#4608,.F.);
#4679 = ADVANCED_FACE('',(#4680),#2002,.T.);
#4680 = FACE_BOUND('',#4681,.T.);
#4681 = EDGE_LOOP('',(#4682,#4683,#4684,#4685));
#4682 = ORIENTED_EDGE('',*,*,#1986,.F.);
#4683 = ORIENTED_EDGE('',*,*,#2118,.T.);
#4684 = ORIENTED_EDGE('',*,*,#2145,.T.);
#4685 = ORIENTED_EDGE('',*,*,#4657,.F.);
#4686 = ADVANCED_FACE('',(#4687),#2355,.F.);
#4687 = FACE_BOUND('',#4688,.F.);
#4688 = EDGE_LOOP('',(#4689,#4690,#4711,#4712,#4713,#4714));
#4689 = ORIENTED_EDGE('',*,*,#2466,.F.);
#4690 = ORIENTED_EDGE('',*,*,#4691,.F.);
#4691 = EDGE_CURVE('',#2312,#2444,#4692,.T.);
#4692 = SURFACE_CURVE('',#4693,(#4697,#4704),.PCURVE_S1.);
#4693 = LINE('',#4694,#4695);
#4694 = CARTESIAN_POINT('',(24.049469200174,8.170354844936,
    4.550712219016));
#4695 = VECTOR('',#4696,1.);
#4696 = DIRECTION('',(0.,1.,0.));
#4697 = PCURVE('',#2355,#4698);
#4698 = DEFINITIONAL_REPRESENTATION('',(#4699),#4703);
#4699 = LINE('',#4700,#4701);
#4700 = CARTESIAN_POINT('',(0.,0.));
#4701 = VECTOR('',#4702,1.);
#4702 = DIRECTION('',(0.,1.));
#4703 = ( GEOMETRIC_REPRESENTATION_CONTEXT(2) 
PARAMETRIC_REPRESENTATION_CONTEXT() REPRESENTATION_CONTEXT('2D SPACE',''
  ) );
#4704 = PCURVE('',#2327,#4705);
#4705 = DEFINITIONAL_REPRESENTATION('',(#4706),#4710);
#4706 = LINE('',#4707,#4708);
#4707 = CARTESIAN_POINT('',(0.,1.685551245142));
#4708 = VECTOR('',#4709,1.);
#4709 = DIRECTION('',(1.,0.));
#4710 = ( GEOMETRIC_REPRESENTATION_CONTEXT(2) 
PARAMETRIC_REPRESENTATION_CONTEXT() REPRESENTATION_CONTEXT('2D SPACE',''
  ) );
#4711 = ORIENTED_EDGE('',*,*,#2339,.T.);
#4712 = ORIENTED_EDGE('',*,*,#4632,.F.);
#4713 = ORIENTED_EDGE('',*,*,#2689,.T.);
#4714 = ORIENTED_EDGE('',*,*,#4715,.F.);
#4715 = EDGE_CURVE('',#2467,#2692,#4716,.T.);
#4716 = SURFACE_CURVE('',#4717,(#4721,#4728),.PCURVE_S1.);
#4717 = LINE('',#4718,#4719);
#4718 = CARTESIAN_POINT('',(24.877916889471,8.083021325667,
    4.550712219016));
#4719 = VECTOR('',#4720,1.);
#4720 = DIRECTION('',(0.,-1.,0.));
#4721 = PCURVE('',#2355,#4722);
#4722 = DEFINITIONAL_REPRESENTATION('',(#4723),#4727);
#4723 = LINE('',#4724,#4725);
#4724 = CARTESIAN_POINT('',(0.828447689298,-8.733351926951E-02));
#4725 = VECTOR('',#4726,1.);
#4726 = DIRECTION('',(0.,-1.));
#4727 = ( GEOMETRIC_REPRESENTATION_CONTEXT(2) 
PARAMETRIC_REPRESENTATION_CONTEXT() REPRESENTATION_CONTEXT('2D SPACE',''
  ) );
#4728 = PCURVE('',#2505,#4729);
#4729 = DEFINITIONAL_REPRESENTATION('',(#4730),#4734);
#4730 = LINE('',#4731,#4732);
#4731 = CARTESIAN_POINT('',(8.733351926951E-02,0.190560018493));
#4732 = VECTOR('',#4733,1.);
#4733 = DIRECTION('',(-1.,0.));
#4734 = ( GEOMETRIC_REPRESENTATION_CONTEXT(2) 
PARAMETRIC_REPRESENTATION_CONTEXT() REPRESENTATION_CONTEXT('2D SPACE',''
  ) );
#4735 = ADVANCED_FACE('',(#4736),#2327,.T.);
#4736 = FACE_BOUND('',#4737,.T.);
#4737 = EDGE_LOOP('',(#4738,#4739,#4740,#4741));
#4738 = ORIENTED_EDGE('',*,*,#2311,.F.);
#4739 = ORIENTED_EDGE('',*,*,#2416,.T.);
#4740 = ORIENTED_EDGE('',*,*,#2443,.T.);
#4741 = ORIENTED_EDGE('',*,*,#4691,.F.);
#4742 = ADVANCED_FACE('',(#4743),#2505,.T.);
#4743 = FACE_BOUND('',#4744,.T.);
#4744 = EDGE_LOOP('',(#4745,#4746,#4747,#4748,#4749,#4750));
#4745 = ORIENTED_EDGE('',*,*,#2640,.F.);
#4746 = ORIENTED_EDGE('',*,*,#2760,.T.);
#4747 = ORIENTED_EDGE('',*,*,#4715,.F.);
#4748 = ORIENTED_EDGE('',*,*,#2489,.F.);
#4749 = ORIENTED_EDGE('',*,*,#2542,.T.);
#4750 = ORIENTED_EDGE('',*,*,#2592,.T.);
#4751 = ADVANCED_FACE('',(#4752),#2946,.F.);
#4752 = FACE_BOUND('',#4753,.F.);
#4753 = EDGE_LOOP('',(#4754,#4755,#4756,#4777,#4803,#4824));
#4754 = ORIENTED_EDGE('',*,*,#2930,.F.);
#4755 = ORIENTED_EDGE('',*,*,#3108,.F.);
#4756 = ORIENTED_EDGE('',*,*,#4757,.F.);
#4757 = EDGE_CURVE('',#4758,#3081,#4760,.T.);
#4758 = VERTEX_POINT('',#4759);
#4759 = CARTESIAN_POINT('',(15.659747950026,37.,35.));
#4760 = SURFACE_CURVE('',#4761,(#4765,#4771),.PCURVE_S1.);
#4761 = LINE('',#4762,#4763);
#4762 = CARTESIAN_POINT('',(15.659747950026,33.241038723789,35.));
#4763 = VECTOR('',#4764,1.);
#4764 = DIRECTION('',(0.,-1.,0.));
#4765 = PCURVE('',#2946,#4766);
#4766 = DEFINITIONAL_REPRESENTATION('',(#4767),#4770);
#4767 = B_SPLINE_CURVE_WITH_KNOTS('',1,(#4768,#4769),.UNSPECIFIED.,.F.,
  .F.,(2,2),(-18.81579192556,-1.758961276211),.PIECEWISE_BEZIER_KNOTS.);
#4768 = CARTESIAN_POINT('',(40.126127856214,-20.57475320177));
#4769 = CARTESIAN_POINT('',(40.126127856214,-3.517922552422));
#4770 = ( GEOMETRIC_REPRESENTATION_CONTEXT(2) 
PARAMETRIC_REPRESENTATION_CONTEXT() REPRESENTATION_CONTEXT('2D SPACE',''
  ) );
#4771 = PCURVE('',#3096,#4772);
#4772 = DEFINITIONAL_REPRESENTATION('',(#4773),#4776);
#4773 = B_SPLINE_CURVE_WITH_KNOTS('',1,(#4774,#4775),.UNSPECIFIED.,.F.,
  .F.,(2,2),(-18.81579192556,-1.758961276211),.PIECEWISE_BEZIER_KNOTS.);
#4774 = CARTESIAN_POINT('',(5.659747950026,17.056830649357));
#4775 = CARTESIAN_POINT('',(5.659747950026,0.));
#4776 = ( GEOMETRIC_REPRESENTATION_CONTEXT(2) 
PARAMETRIC_REPRESENTATION_CONTEXT() REPRESENTATION_CONTEXT('2D SPACE',''
  ) );
#4777 = ORIENTED_EDGE('',*,*,#4778,.F.);
#4778 = EDGE_CURVE('',#4779,#4758,#4781,.T.);
#4779 = VERTEX_POINT('',#4780);
#4780 = CARTESIAN_POINT('',(15.659747950026,52.056830649357,35.));
#4781 = SURFACE_CURVE('',#4782,(#4786,#4792),.PCURVE_S1.);
#4782 = LINE('',#4783,#4784);
#4783 = CARTESIAN_POINT('',(15.659747950026,33.241038723789,35.));
#4784 = VECTOR('',#4785,1.);
#4785 = DIRECTION('',(0.,-1.,0.));
#4786 = PCURVE('',#2946,#4787);
#4787 = DEFINITIONAL_REPRESENTATION('',(#4788),#4791);
#4788 = B_SPLINE_CURVE_WITH_KNOTS('',1,(#4789,#4790),.UNSPECIFIED.,.F.,
  .F.,(2,2),(-18.81579192556,-1.758961276211),.PIECEWISE_BEZIER_KNOTS.);
#4789 = CARTESIAN_POINT('',(40.126127856214,-20.57475320177));
#4790 = CARTESIAN_POINT('',(40.126127856214,-3.517922552422));
#4791 = ( GEOMETRIC_REPRESENTATION_CONTEXT(2) 
PARAMETRIC_REPRESENTATION_CONTEXT() REPRESENTATION_CONTEXT('2D SPACE',''
  ) );
#4792 = PCURVE('',#4793,#4798);
#4793 = PLANE('',#4794);
#4794 = AXIS2_PLACEMENT_3D('',#4795,#4796,#4797);
#4795 = CARTESIAN_POINT('',(10.,35.,35.));
#4796 = DIRECTION('',(0.,0.,1.));
#4797 = DIRECTION('',(1.,0.,-0.));
#4798 = DEFINITIONAL_REPRESENTATION('',(#4799),#4802);
#4799 = B_SPLINE_CURVE_WITH_KNOTS('',1,(#4800,#4801),.UNSPECIFIED.,.F.,
  .F.,(2,2),(-18.81579192556,-1.758961276211),.PIECEWISE_BEZIER_KNOTS.);
#4800 = CARTESIAN_POINT('',(5.659747950026,17.056830649357));
#4801 = CARTESIAN_POINT('',(5.659747950026,0.));
#4802 = ( GEOMETRIC_REPRESENTATION_CONTEXT(2) 
PARAMETRIC_REPRESENTATION_CONTEXT() REPRESENTATION_CONTEXT('2D SPACE',''
  ) );
#4803 = ORIENTED_EDGE('',*,*,#4804,.T.);
#4804 = EDGE_CURVE('',#4779,#3851,#4805,.T.);
#4805 = SURFACE_CURVE('',#4806,(#4810,#4817),.PCURVE_S1.);
#4806 = LINE('',#4807,#4808);
#4807 = CARTESIAN_POINT('',(15.659747950026,52.056830649357,
    -5.126127856214));
#4808 = VECTOR('',#4809,1.);
#4809 = DIRECTION('',(0.,0.,1.));
#4810 = PCURVE('',#2946,#4811);
#4811 = DEFINITIONAL_REPRESENTATION('',(#4812),#4816);
#4812 = LINE('',#4813,#4814);
#4813 = CARTESIAN_POINT('',(0.,-20.57475320177));
#4814 = VECTOR('',#4815,1.);
#4815 = DIRECTION('',(1.,0.));
#4816 = ( GEOMETRIC_REPRESENTATION_CONTEXT(2) 
PARAMETRIC_REPRESENTATION_CONTEXT() REPRESENTATION_CONTEXT('2D SPACE',''
  ) );
#4817 = PCURVE('',#3868,#4818);
#4818 = DEFINITIONAL_REPRESENTATION('',(#4819),#4823);
#4819 = LINE('',#4820,#4821);
#4820 = CARTESIAN_POINT('',(0.,0.));
#4821 = VECTOR('',#4822,1.);
#4822 = DIRECTION('',(1.,0.));
#4823 = ( GEOMETRIC_REPRESENTATION_CONTEXT(2) 
PARAMETRIC_REPRESENTATION_CONTEXT() REPRESENTATION_CONTEXT('2D SPACE',''
  ) );
#4824 = ORIENTED_EDGE('',*,*,#3880,.F.);
#4825 = ADVANCED_FACE('',(#4826),#3096,.F.);
#4826 = FACE_BOUND('',#4827,.F.);
#4827 = EDGE_LOOP('',(#4828,#4851,#4852,#4853));
#4828 = ORIENTED_EDGE('',*,*,#4829,.F.);
#4829 = EDGE_CURVE('',#4758,#4830,#4832,.T.);
#4830 = VERTEX_POINT('',#4831);
#4831 = CARTESIAN_POINT('',(28.129453266904,37.,35.));
#4832 = SURFACE_CURVE('',#4833,(#4837,#4844),.PCURVE_S1.);
#4833 = LINE('',#4834,#4835);
#4834 = CARTESIAN_POINT('',(10.,37.,35.));
#4835 = VECTOR('',#4836,1.);
#4836 = DIRECTION('',(1.,0.,-0.));
#4837 = PCURVE('',#3096,#4838);
#4838 = DEFINITIONAL_REPRESENTATION('',(#4839),#4843);
#4839 = LINE('',#4840,#4841);
#4840 = CARTESIAN_POINT('',(0.,2.));
#4841 = VECTOR('',#4842,1.);
#4842 = DIRECTION('',(1.,0.));
#4843 = ( GEOMETRIC_REPRESENTATION_CONTEXT(2) 
PARAMETRIC_REPRESENTATION_CONTEXT() REPRESENTATION_CONTEXT('2D SPACE',''
  ) );
#4844 = PCURVE('',#4793,#4845);
#4845 = DEFINITIONAL_REPRESENTATION('',(#4846),#4850);
#4846 = LINE('',#4847,#4848);
#4847 = CARTESIAN_POINT('',(0.,2.));
#4848 = VECTOR('',#4849,1.);
#4849 = DIRECTION('',(1.,0.));
#4850 = ( GEOMETRIC_REPRESENTATION_CONTEXT(2) 
PARAMETRIC_REPRESENTATION_CONTEXT() REPRESENTATION_CONTEXT('2D SPACE',''
  ) );
#4851 = ORIENTED_EDGE('',*,*,#4757,.T.);
#4852 = ORIENTED_EDGE('',*,*,#3080,.T.);
#4853 = ORIENTED_EDGE('',*,*,#4854,.F.);
#4854 = EDGE_CURVE('',#4830,#3055,#4855,.T.);
#4855 = SURFACE_CURVE('',#4856,(#4860,#4866),.PCURVE_S1.);
#4856 = LINE('',#4857,#4858);
#4857 = CARTESIAN_POINT('',(28.129453266904,33.241038723789,35.));
#4858 = VECTOR('',#4859,1.);
#4859 = DIRECTION('',(0.,-1.,0.));
#4860 = PCURVE('',#3096,#4861);
#4861 = DEFINITIONAL_REPRESENTATION('',(#4862),#4865);
#4862 = B_SPLINE_CURVE_WITH_KNOTS('',1,(#4863,#4864),.UNSPECIFIED.,.F.,
  .F.,(2,2),(-18.81579192556,-1.758961276211),.PIECEWISE_BEZIER_KNOTS.);
#4863 = CARTESIAN_POINT('',(18.129453266904,17.056830649357));
#4864 = CARTESIAN_POINT('',(18.129453266904,0.));
#4865 = ( GEOMETRIC_REPRESENTATION_CONTEXT(2) 
PARAMETRIC_REPRESENTATION_CONTEXT() REPRESENTATION_CONTEXT('2D SPACE',''
  ) );
#4866 = PCURVE('',#3069,#4867);
#4867 = DEFINITIONAL_REPRESENTATION('',(#4868),#4871);
#4868 = B_SPLINE_CURVE_WITH_KNOTS('',1,(#4869,#4870),.UNSPECIFIED.,.F.,
  .F.,(2,2),(-18.81579192556,-1.758961276211),.PIECEWISE_BEZIER_KNOTS.);
#4869 = CARTESIAN_POINT('',(40.126127856214,-20.57475320177));
#4870 = CARTESIAN_POINT('',(40.126127856214,-3.517922552422));
#4871 = ( GEOMETRIC_REPRESENTATION_CONTEXT(2) 
PARAMETRIC_REPRESENTATION_CONTEXT() REPRESENTATION_CONTEXT('2D SPACE',''
  ) );
#4872 = ADVANCED_FACE('',(#4873),#3069,.T.);
#4873 = FACE_BOUND('',#4874,.T.);
#4874 = EDGE_LOOP('',(#4875,#4876,#4877,#4878,#4879,#4900));
#4875 = ORIENTED_EDGE('',*,*,#3904,.F.);
#4876 = ORIENTED_EDGE('',*,*,#3805,.F.);
#4877 = ORIENTED_EDGE('',*,*,#3054,.F.);
#4878 = ORIENTED_EDGE('',*,*,#4854,.F.);
#4879 = ORIENTED_EDGE('',*,*,#4880,.F.);
#4880 = EDGE_CURVE('',#4881,#4830,#4883,.T.);
#4881 = VERTEX_POINT('',#4882);
#4882 = CARTESIAN_POINT('',(28.129453266904,52.056830649357,35.));
#4883 = SURFACE_CURVE('',#4884,(#4888,#4894),.PCURVE_S1.);
#4884 = LINE('',#4885,#4886);
#4885 = CARTESIAN_POINT('',(28.129453266904,33.241038723789,35.));
#4886 = VECTOR('',#4887,1.);
#4887 = DIRECTION('',(0.,-1.,0.));
#4888 = PCURVE('',#3069,#4889);
#4889 = DEFINITIONAL_REPRESENTATION('',(#4890),#4893);
#4890 = B_SPLINE_CURVE_WITH_KNOTS('',1,(#4891,#4892),.UNSPECIFIED.,.F.,
  .F.,(2,2),(-18.81579192556,-1.758961276211),.PIECEWISE_BEZIER_KNOTS.);
#4891 = CARTESIAN_POINT('',(40.126127856214,-20.57475320177));
#4892 = CARTESIAN_POINT('',(40.126127856214,-3.517922552422));
#4893 = ( GEOMETRIC_REPRESENTATION_CONTEXT(2) 
PARAMETRIC_REPRESENTATION_CONTEXT() REPRESENTATION_CONTEXT('2D SPACE',''
  ) );
#4894 = PCURVE('',#4793,#4895);
#4895 = DEFINITIONAL_REPRESENTATION('',(#4896),#4899);
#4896 = B_SPLINE_CURVE_WITH_KNOTS('',1,(#4897,#4898),.UNSPECIFIED.,.F.,
  .F.,(2,2),(-18.81579192556,-1.758961276211),.PIECEWISE_BEZIER_KNOTS.);
#4897 = CARTESIAN_POINT('',(18.129453266904,17.056830649357));
#4898 = CARTESIAN_POINT('',(18.129453266904,0.));
#4899 = ( GEOMETRIC_REPRESENTATION_CONTEXT(2) 
PARAMETRIC_REPRESENTATION_CONTEXT() REPRESENTATION_CONTEXT('2D SPACE',''
  ) );
#4900 = ORIENTED_EDGE('',*,*,#4901,.T.);
#4901 = EDGE_CURVE('',#4881,#3853,#4902,.T.);
#4902 = SURFACE_CURVE('',#4903,(#4907,#4914),.PCURVE_S1.);
#4903 = LINE('',#4904,#4905);
#4904 = CARTESIAN_POINT('',(28.129453266904,52.056830649357,
    -5.126127856214));
#4905 = VECTOR('',#4906,1.);
#4906 = DIRECTION('',(0.,0.,1.));
#4907 = PCURVE('',#3069,#4908);
#4908 = DEFINITIONAL_REPRESENTATION('',(#4909),#4913);
#4909 = LINE('',#4910,#4911);
#4910 = CARTESIAN_POINT('',(0.,-20.57475320177));
#4911 = VECTOR('',#4912,1.);
#4912 = DIRECTION('',(1.,0.));
#4913 = ( GEOMETRIC_REPRESENTATION_CONTEXT(2) 
PARAMETRIC_REPRESENTATION_CONTEXT() REPRESENTATION_CONTEXT('2D SPACE',''
  ) );
#4914 = PCURVE('',#3868,#4915);
#4915 = DEFINITIONAL_REPRESENTATION('',(#4916),#4920);
#4916 = LINE('',#4917,#4918);
#4917 = CARTESIAN_POINT('',(0.,12.469705316877));
#4918 = VECTOR('',#4919,1.);
#4919 = DIRECTION('',(1.,0.));
#4920 = ( GEOMETRIC_REPRESENTATION_CONTEXT(2) 
PARAMETRIC_REPRESENTATION_CONTEXT() REPRESENTATION_CONTEXT('2D SPACE',''
  ) );
#4921 = ADVANCED_FACE('',(#4922),#3021,.F.);
#4922 = FACE_BOUND('',#4923,.F.);
#4923 = EDGE_LOOP('',(#4924,#4925,#4946,#4972,#4991,#4992));
#4924 = ORIENTED_EDGE('',*,*,#1710,.F.);
#4925 = ORIENTED_EDGE('',*,*,#4926,.T.);
#4926 = EDGE_CURVE('',#1690,#4927,#4929,.T.);
#4927 = VERTEX_POINT('',#4928);
#4928 = CARTESIAN_POINT('',(35.,35.,15.));
#4929 = SURFACE_CURVE('',#4930,(#4934,#4940),.PCURVE_S1.);
#4930 = LINE('',#4931,#4932);
#4931 = CARTESIAN_POINT('',(35.,26.,15.));
#4932 = VECTOR('',#4933,1.);
#4933 = DIRECTION('',(-0.,1.,0.));
#4934 = PCURVE('',#3021,#4935);
#4935 = DEFINITIONAL_REPRESENTATION('',(#4936),#4939);
#4936 = B_SPLINE_CURVE_WITH_KNOTS('',1,(#4937,#4938),.UNSPECIFIED.,.F.,
  .F.,(2,2),(1.,9.),.PIECEWISE_BEZIER_KNOTS.);
#4937 = CARTESIAN_POINT('',(5.,0.));
#4938 = CARTESIAN_POINT('',(5.,-8.));
#4939 = ( GEOMETRIC_REPRESENTATION_CONTEXT(2) 
PARAMETRIC_REPRESENTATION_CONTEXT() REPRESENTATION_CONTEXT('2D SPACE',''
  ) );
#4940 = PCURVE('',#4560,#4941);
#4941 = DEFINITIONAL_REPRESENTATION('',(#4942),#4945);
#4942 = B_SPLINE_CURVE_WITH_KNOTS('',1,(#4943,#4944),.UNSPECIFIED.,.F.,
  .F.,(2,2),(1.,9.),.PIECEWISE_BEZIER_KNOTS.);
#4943 = CARTESIAN_POINT('',(25.,2.));
#4944 = CARTESIAN_POINT('',(25.,10.));
#4945 = ( GEOMETRIC_REPRESENTATION_CONTEXT(2) 
PARAMETRIC_REPRESENTATION_CONTEXT() REPRESENTATION_CONTEXT('2D SPACE',''
  ) );
#4946 = ORIENTED_EDGE('',*,*,#4947,.F.);
#4947 = EDGE_CURVE('',#4948,#4927,#4950,.T.);
#4948 = VERTEX_POINT('',#4949);
#4949 = CARTESIAN_POINT('',(35.,35.,20.440354476053));
#4950 = SURFACE_CURVE('',#4951,(#4955,#4961),.PCURVE_S1.);
#4951 = LINE('',#4952,#4953);
#4952 = CARTESIAN_POINT('',(35.,35.,5.));
#4953 = VECTOR('',#4954,1.);
#4954 = DIRECTION('',(-0.,0.,-1.));
#4955 = PCURVE('',#3021,#4956);
#4956 = DEFINITIONAL_REPRESENTATION('',(#4957),#4960);
#4957 = B_SPLINE_CURVE_WITH_KNOTS('',1,(#4958,#4959),.UNSPECIFIED.,.F.,
  .F.,(2,2),(-30.,-10.),.PIECEWISE_BEZIER_KNOTS.);
#4958 = CARTESIAN_POINT('',(25.,-8.));
#4959 = CARTESIAN_POINT('',(5.,-8.));
#4960 = ( GEOMETRIC_REPRESENTATION_CONTEXT(2) 
PARAMETRIC_REPRESENTATION_CONTEXT() REPRESENTATION_CONTEXT('2D SPACE',''
  ) );
#4961 = PCURVE('',#4962,#4967);
#4962 = PLANE('',#4963);
#4963 = AXIS2_PLACEMENT_3D('',#4964,#4965,#4966);
#4964 = CARTESIAN_POINT('',(10.,35.,0.));
#4965 = DIRECTION('',(-0.,1.,0.));
#4966 = DIRECTION('',(0.,0.,1.));
#4967 = DEFINITIONAL_REPRESENTATION('',(#4968),#4971);
#4968 = B_SPLINE_CURVE_WITH_KNOTS('',1,(#4969,#4970),.UNSPECIFIED.,.F.,
  .F.,(2,2),(-30.,-10.),.PIECEWISE_BEZIER_KNOTS.);
#4969 = CARTESIAN_POINT('',(35.,25.));
#4970 = CARTESIAN_POINT('',(15.,25.));
#4971 = ( GEOMETRIC_REPRESENTATION_CONTEXT(2) 
PARAMETRIC_REPRESENTATION_CONTEXT() REPRESENTATION_CONTEXT('2D SPACE',''
  ) );
#4972 = ORIENTED_EDGE('',*,*,#4973,.F.);
#4973 = EDGE_CURVE('',#3760,#4948,#4974,.T.);
#4974 = SURFACE_CURVE('',#4975,(#4979,#4985),.PCURVE_S1.);
#4975 = LINE('',#4976,#4977);
#4976 = CARTESIAN_POINT('',(35.,26.590992924492,20.440354476053));
#4977 = VECTOR('',#4978,1.);
#4978 = DIRECTION('',(-0.,1.,0.));
#4979 = PCURVE('',#3021,#4980);
#4980 = DEFINITIONAL_REPRESENTATION('',(#4981),#4984);
#4981 = B_SPLINE_CURVE_WITH_KNOTS('',1,(#4982,#4983),.UNSPECIFIED.,.F.,
  .F.,(2,2),(5.203462759529,8.409007075508),.PIECEWISE_BEZIER_KNOTS.);
#4982 = CARTESIAN_POINT('',(10.440354476053,-4.794455684021));
#4983 = CARTESIAN_POINT('',(10.440354476053,-8.));
#4984 = ( GEOMETRIC_REPRESENTATION_CONTEXT(2) 
PARAMETRIC_REPRESENTATION_CONTEXT() REPRESENTATION_CONTEXT('2D SPACE',''
  ) );
#4985 = PCURVE('',#3774,#4986);
#4986 = DEFINITIONAL_REPRESENTATION('',(#4987),#4990);
#4987 = B_SPLINE_CURVE_WITH_KNOTS('',1,(#4988,#4989),.UNSPECIFIED.,.F.,
  .F.,(2,2),(5.203462759529,8.409007075508),.PIECEWISE_BEZIER_KNOTS.);
#4988 = CARTESIAN_POINT('',(10.788814755236,5.612469835037));
#4989 = CARTESIAN_POINT('',(10.788814755236,8.818014151016));
#4990 = ( GEOMETRIC_REPRESENTATION_CONTEXT(2) 
PARAMETRIC_REPRESENTATION_CONTEXT() REPRESENTATION_CONTEXT('2D SPACE',''
  ) );
#4991 = ORIENTED_EDGE('',*,*,#3785,.F.);
#4992 = ORIENTED_EDGE('',*,*,#3005,.F.);
#4993 = ADVANCED_FACE('',(#4994),#3228,.T.);
#4994 = FACE_BOUND('',#4995,.T.);
#4995 = EDGE_LOOP('',(#4996,#5019,#5047,#5075,#5103,#5124));
#4996 = ORIENTED_EDGE('',*,*,#4997,.F.);
#4997 = EDGE_CURVE('',#4998,#3212,#5000,.T.);
#4998 = VERTEX_POINT('',#4999);
#4999 = CARTESIAN_POINT('',(26.331678757271,17.902286734752,
    32.044574176073));
#5000 = SURFACE_CURVE('',#5001,(#5005,#5012),.PCURVE_S1.);
#5001 = LINE('',#5002,#5003);
#5002 = CARTESIAN_POINT('',(26.331678757271,17.902286734752,
    32.044574176073));
#5003 = VECTOR('',#5004,1.);
#5004 = DIRECTION('',(0.,0.,1.));
#5005 = PCURVE('',#3228,#5006);
#5006 = DEFINITIONAL_REPRESENTATION('',(#5007),#5011);
#5007 = LINE('',#5008,#5009);
#5008 = CARTESIAN_POINT('',(0.,0.));
#5009 = VECTOR('',#5010,1.);
#5010 = DIRECTION('',(1.,0.));
#5011 = ( GEOMETRIC_REPRESENTATION_CONTEXT(2) 
PARAMETRIC_REPRESENTATION_CONTEXT() REPRESENTATION_CONTEXT('2D SPACE',''
  ) );
#5012 = PCURVE('',#3564,#5013);
#5013 = DEFINITIONAL_REPRESENTATION('',(#5014),#5018);
#5014 = LINE('',#5015,#5016);
#5015 = CARTESIAN_POINT('',(0.,0.));
#5016 = VECTOR('',#5017,1.);
#5017 = DIRECTION('',(1.,0.));
#5018 = ( GEOMETRIC_REPRESENTATION_CONTEXT(2) 
PARAMETRIC_REPRESENTATION_CONTEXT() REPRESENTATION_CONTEXT('2D SPACE',''
  ) );
#5019 = ORIENTED_EDGE('',*,*,#5020,.T.);
#5020 = EDGE_CURVE('',#4998,#5021,#5023,.T.);
#5021 = VERTEX_POINT('',#5022);
#5022 = CARTESIAN_POINT('',(26.331678757271,23.287104885514,
    32.044574176073));
#5023 = SURFACE_CURVE('',#5024,(#5028,#5035),.PCURVE_S1.);
#5024 = LINE('',#5025,#5026);
#5025 = CARTESIAN_POINT('',(26.331678757271,17.902286734752,
    32.044574176073));
#5026 = VECTOR('',#5027,1.);
#5027 = DIRECTION('',(0.,1.,0.));
#5028 = PCURVE('',#3228,#5029);
#5029 = DEFINITIONAL_REPRESENTATION('',(#5030),#5034);
#5030 = LINE('',#5031,#5032);
#5031 = CARTESIAN_POINT('',(0.,0.));
#5032 = VECTOR('',#5033,1.);
#5033 = DIRECTION('',(0.,-1.));
#5034 = ( GEOMETRIC_REPRESENTATION_CONTEXT(2) 
PARAMETRIC_REPRESENTATION_CONTEXT() REPRESENTATION_CONTEXT('2D SPACE',''
  ) );
#5035 = PCURVE('',#5036,#5041);
#5036 = PLANE('',#5037);
#5037 = AXIS2_PLACEMENT_3D('',#5038,#5039,#5040);
#5038 = CARTESIAN_POINT('',(26.331678757271,17.902286734752,
    32.044574176073));
#5039 = DIRECTION('',(0.,0.,1.));
#5040 = DIRECTION('',(1.,0.,0.));
#5041 = DEFINITIONAL_REPRESENTATION('',(#5042),#5046);
#5042 = LINE('',#5043,#5044);
#5043 = CARTESIAN_POINT('',(0.,0.));
#5044 = VECTOR('',#5045,1.);
#5045 = DIRECTION('',(0.,1.));
#5046 = ( GEOMETRIC_REPRESENTATION_CONTEXT(2) 
PARAMETRIC_REPRESENTATION_CONTEXT() REPRESENTATION_CONTEXT('2D SPACE',''
  ) );
#5047 = ORIENTED_EDGE('',*,*,#5048,.T.);
#5048 = EDGE_CURVE('',#5021,#5049,#5051,.T.);
#5049 = VERTEX_POINT('',#5050);
#5050 = CARTESIAN_POINT('',(26.331678757271,23.287104885514,
    34.426909120446));
#5051 = SURFACE_CURVE('',#5052,(#5056,#5063),.PCURVE_S1.);
#5052 = LINE('',#5053,#5054);
#5053 = CARTESIAN_POINT('',(26.331678757271,23.287104885514,
    32.044574176073));
#5054 = VECTOR('',#5055,1.);
#5055 = DIRECTION('',(0.,0.,1.));
#5056 = PCURVE('',#3228,#5057);
#5057 = DEFINITIONAL_REPRESENTATION('',(#5058),#5062);
#5058 = LINE('',#5059,#5060);
#5059 = CARTESIAN_POINT('',(0.,-5.384818150762));
#5060 = VECTOR('',#5061,1.);
#5061 = DIRECTION('',(1.,0.));
#5062 = ( GEOMETRIC_REPRESENTATION_CONTEXT(2) 
PARAMETRIC_REPRESENTATION_CONTEXT() REPRESENTATION_CONTEXT('2D SPACE',''
  ) );
#5063 = PCURVE('',#5064,#5069);
#5064 = PLANE('',#5065);
#5065 = AXIS2_PLACEMENT_3D('',#5066,#5067,#5068);
#5066 = CARTESIAN_POINT('',(26.331678757271,23.287104885514,
    32.044574176073));
#5067 = DIRECTION('',(0.,1.,0.));
#5068 = DIRECTION('',(0.,0.,1.));
#5069 = DEFINITIONAL_REPRESENTATION('',(#5070),#5074);
#5070 = LINE('',#5071,#5072);
#5071 = CARTESIAN_POINT('',(0.,0.));
#5072 = VECTOR('',#5073,1.);
#5073 = DIRECTION('',(1.,0.));
#5074 = ( GEOMETRIC_REPRESENTATION_CONTEXT(2) 
PARAMETRIC_REPRESENTATION_CONTEXT() REPRESENTATION_CONTEXT('2D SPACE',''
  ) );
#5075 = ORIENTED_EDGE('',*,*,#5076,.F.);
#5076 = EDGE_CURVE('',#5077,#5049,#5079,.T.);
#5077 = VERTEX_POINT('',#5078);
#5078 = CARTESIAN_POINT('',(26.331678757271,23.255191040957,
    34.426909120446));
#5079 = SURFACE_CURVE('',#5080,(#5084,#5091),.PCURVE_S1.);
#5080 = LINE('',#5081,#5082);
#5081 = CARTESIAN_POINT('',(26.331678757271,20.578738887854,
    34.426909120446));
#5082 = VECTOR('',#5083,1.);
#5083 = DIRECTION('',(0.,1.,0.));
#5084 = PCURVE('',#3228,#5085);
#5085 = DEFINITIONAL_REPRESENTATION('',(#5086),#5090);
#5086 = LINE('',#5087,#5088);
#5087 = CARTESIAN_POINT('',(2.382334944373,-2.676452153103));
#5088 = VECTOR('',#5089,1.);
#5089 = DIRECTION('',(0.,-1.));
#5090 = ( GEOMETRIC_REPRESENTATION_CONTEXT(2) 
PARAMETRIC_REPRESENTATION_CONTEXT() REPRESENTATION_CONTEXT('2D SPACE',''
  ) );
#5091 = PCURVE('',#5092,#5097);
#5092 = PLANE('',#5093);
#5093 = AXIS2_PLACEMENT_3D('',#5094,#5095,#5096);
#5094 = CARTESIAN_POINT('',(21.907325195764,23.255191040957,
    34.426909120446));
#5095 = DIRECTION('',(0.,0.,1.));
#5096 = DIRECTION('',(1.,0.,0.));
#5097 = DEFINITIONAL_REPRESENTATION('',(#5098),#5102);
#5098 = LINE('',#5099,#5100);
#5099 = CARTESIAN_POINT('',(4.424353561507,-2.676452153103));
#5100 = VECTOR('',#5101,1.);
#5101 = DIRECTION('',(0.,1.));
#5102 = ( GEOMETRIC_REPRESENTATION_CONTEXT(2) 
PARAMETRIC_REPRESENTATION_CONTEXT() REPRESENTATION_CONTEXT('2D SPACE',''
  ) );
#5103 = ORIENTED_EDGE('',*,*,#5104,.F.);
#5104 = EDGE_CURVE('',#3214,#5077,#5105,.T.);
#5105 = SURFACE_CURVE('',#5106,(#5110,#5117),.PCURVE_S1.);
#5106 = LINE('',#5107,#5108);
#5107 = CARTESIAN_POINT('',(26.331678757271,23.255191040957,
    33.23574164826));
#5108 = VECTOR('',#5109,1.);
#5109 = DIRECTION('',(0.,0.,-1.));
#5110 = PCURVE('',#3228,#5111);
#5111 = DEFINITIONAL_REPRESENTATION('',(#5112),#5116);
#5112 = LINE('',#5113,#5114);
#5113 = CARTESIAN_POINT('',(1.191167472187,-5.352904306205));
#5114 = VECTOR('',#5115,1.);
#5115 = DIRECTION('',(-1.,0.));
#5116 = ( GEOMETRIC_REPRESENTATION_CONTEXT(2) 
PARAMETRIC_REPRESENTATION_CONTEXT() REPRESENTATION_CONTEXT('2D SPACE',''
  ) );
#5117 = PCURVE('',#3254,#5118);
#5118 = DEFINITIONAL_REPRESENTATION('',(#5119),#5123);
#5119 = LINE('',#5120,#5121);
#5120 = CARTESIAN_POINT('',(-1.191167472187,4.424353561507));
#5121 = VECTOR('',#5122,1.);
#5122 = DIRECTION('',(-1.,0.));
#5123 = ( GEOMETRIC_REPRESENTATION_CONTEXT(2) 
PARAMETRIC_REPRESENTATION_CONTEXT() REPRESENTATION_CONTEXT('2D SPACE',''
  ) );
#5124 = ORIENTED_EDGE('',*,*,#3211,.F.);
#5125 = ADVANCED_FACE('',(#5126),#3564,.T.);
#5126 = FACE_BOUND('',#5127,.T.);
#5127 = EDGE_LOOP('',(#5128,#5151,#5172,#5173));
#5128 = ORIENTED_EDGE('',*,*,#5129,.F.);
#5129 = EDGE_CURVE('',#5130,#3526,#5132,.T.);
#5130 = VERTEX_POINT('',#5131);
#5131 = CARTESIAN_POINT('',(28.141850077555,17.902286734752,
    32.044574176073));
#5132 = SURFACE_CURVE('',#5133,(#5137,#5144),.PCURVE_S1.);
#5133 = LINE('',#5134,#5135);
#5134 = CARTESIAN_POINT('',(28.141850077555,17.902286734752,
    32.044574176073));
#5135 = VECTOR('',#5136,1.);
#5136 = DIRECTION('',(0.,0.,1.));
#5137 = PCURVE('',#3564,#5138);
#5138 = DEFINITIONAL_REPRESENTATION('',(#5139),#5143);
#5139 = LINE('',#5140,#5141);
#5140 = CARTESIAN_POINT('',(0.,1.810171320283));
#5141 = VECTOR('',#5142,1.);
#5142 = DIRECTION('',(1.,0.));
#5143 = ( GEOMETRIC_REPRESENTATION_CONTEXT(2) 
PARAMETRIC_REPRESENTATION_CONTEXT() REPRESENTATION_CONTEXT('2D SPACE',''
  ) );
#5144 = PCURVE('',#3540,#5145);
#5145 = DEFINITIONAL_REPRESENTATION('',(#5146),#5150);
#5146 = LINE('',#5147,#5148);
#5147 = CARTESIAN_POINT('',(0.,0.));
#5148 = VECTOR('',#5149,1.);
#5149 = DIRECTION('',(1.,0.));
#5150 = ( GEOMETRIC_REPRESENTATION_CONTEXT(2) 
PARAMETRIC_REPRESENTATION_CONTEXT() REPRESENTATION_CONTEXT('2D SPACE',''
  ) );
#5151 = ORIENTED_EDGE('',*,*,#5152,.F.);
#5152 = EDGE_CURVE('',#4998,#5130,#5153,.T.);
#5153 = SURFACE_CURVE('',#5154,(#5158,#5165),.PCURVE_S1.);
#5154 = LINE('',#5155,#5156);
#5155 = CARTESIAN_POINT('',(26.331678757271,17.902286734752,
    32.044574176073));
#5156 = VECTOR('',#5157,1.);
#5157 = DIRECTION('',(1.,0.,0.));
#5158 = PCURVE('',#3564,#5159);
#5159 = DEFINITIONAL_REPRESENTATION('',(#5160),#5164);
#5160 = LINE('',#5161,#5162);
#5161 = CARTESIAN_POINT('',(0.,0.));
#5162 = VECTOR('',#5163,1.);
#5163 = DIRECTION('',(0.,1.));
#5164 = ( GEOMETRIC_REPRESENTATION_CONTEXT(2) 
PARAMETRIC_REPRESENTATION_CONTEXT() REPRESENTATION_CONTEXT('2D SPACE',''
  ) );
#5165 = PCURVE('',#5036,#5166);
#5166 = DEFINITIONAL_REPRESENTATION('',(#5167),#5171);
#5167 = LINE('',#5168,#5169);
#5168 = CARTESIAN_POINT('',(0.,0.));
#5169 = VECTOR('',#5170,1.);
#5170 = DIRECTION('',(1.,0.));
#5171 = ( GEOMETRIC_REPRESENTATION_CONTEXT(2) 
PARAMETRIC_REPRESENTATION_CONTEXT() REPRESENTATION_CONTEXT('2D SPACE',''
  ) );
#5172 = ORIENTED_EDGE('',*,*,#4997,.T.);
#5173 = ORIENTED_EDGE('',*,*,#3551,.F.);
#5174 = ADVANCED_FACE('',(#5175),#3540,.F.);
#5175 = FACE_BOUND('',#5176,.F.);
#5176 = EDGE_LOOP('',(#5177,#5178,#5201,#5224,#5247,#5268));
#5177 = ORIENTED_EDGE('',*,*,#5129,.F.);
#5178 = ORIENTED_EDGE('',*,*,#5179,.T.);
#5179 = EDGE_CURVE('',#5130,#5180,#5182,.T.);
#5180 = VERTEX_POINT('',#5181);
#5181 = CARTESIAN_POINT('',(28.141850077555,23.287104885514,
    32.044574176073));
#5182 = SURFACE_CURVE('',#5183,(#5187,#5194),.PCURVE_S1.);
#5183 = LINE('',#5184,#5185);
#5184 = CARTESIAN_POINT('',(28.141850077555,17.902286734752,
    32.044574176073));
#5185 = VECTOR('',#5186,1.);
#5186 = DIRECTION('',(0.,1.,0.));
#5187 = PCURVE('',#3540,#5188);
#5188 = DEFINITIONAL_REPRESENTATION('',(#5189),#5193);
#5189 = LINE('',#5190,#5191);
#5190 = CARTESIAN_POINT('',(0.,0.));
#5191 = VECTOR('',#5192,1.);
#5192 = DIRECTION('',(0.,-1.));
#5193 = ( GEOMETRIC_REPRESENTATION_CONTEXT(2) 
PARAMETRIC_REPRESENTATION_CONTEXT() REPRESENTATION_CONTEXT('2D SPACE',''
  ) );
#5194 = PCURVE('',#5036,#5195);
#5195 = DEFINITIONAL_REPRESENTATION('',(#5196),#5200);
#5196 = LINE('',#5197,#5198);
#5197 = CARTESIAN_POINT('',(1.810171320283,0.));
#5198 = VECTOR('',#5199,1.);
#5199 = DIRECTION('',(0.,1.));
#5200 = ( GEOMETRIC_REPRESENTATION_CONTEXT(2) 
PARAMETRIC_REPRESENTATION_CONTEXT() REPRESENTATION_CONTEXT('2D SPACE',''
  ) );
#5201 = ORIENTED_EDGE('',*,*,#5202,.T.);
#5202 = EDGE_CURVE('',#5180,#5203,#5205,.T.);
#5203 = VERTEX_POINT('',#5204);
#5204 = CARTESIAN_POINT('',(28.141850077555,23.287104885514,
    34.426909120446));
#5205 = SURFACE_CURVE('',#5206,(#5210,#5217),.PCURVE_S1.);
#5206 = LINE('',#5207,#5208);
#5207 = CARTESIAN_POINT('',(28.141850077555,23.287104885514,
    32.044574176073));
#5208 = VECTOR('',#5209,1.);
#5209 = DIRECTION('',(0.,0.,1.));
#5210 = PCURVE('',#3540,#5211);
#5211 = DEFINITIONAL_REPRESENTATION('',(#5212),#5216);
#5212 = LINE('',#5213,#5214);
#5213 = CARTESIAN_POINT('',(0.,-5.384818150762));
#5214 = VECTOR('',#5215,1.);
#5215 = DIRECTION('',(1.,0.));
#5216 = ( GEOMETRIC_REPRESENTATION_CONTEXT(2) 
PARAMETRIC_REPRESENTATION_CONTEXT() REPRESENTATION_CONTEXT('2D SPACE',''
  ) );
#5217 = PCURVE('',#5064,#5218);
#5218 = DEFINITIONAL_REPRESENTATION('',(#5219),#5223);
#5219 = LINE('',#5220,#5221);
#5220 = CARTESIAN_POINT('',(0.,1.810171320283));
#5221 = VECTOR('',#5222,1.);
#5222 = DIRECTION('',(1.,0.));
#5223 = ( GEOMETRIC_REPRESENTATION_CONTEXT(2) 
PARAMETRIC_REPRESENTATION_CONTEXT() REPRESENTATION_CONTEXT('2D SPACE',''
  ) );
#5224 = ORIENTED_EDGE('',*,*,#5225,.F.);
#5225 = EDGE_CURVE('',#5226,#5203,#5228,.T.);
#5226 = VERTEX_POINT('',#5227);
#5227 = CARTESIAN_POINT('',(28.141850077555,23.255191040957,
    34.426909120446));
#5228 = SURFACE_CURVE('',#5229,(#5233,#5240),.PCURVE_S1.);
#5229 = LINE('',#5230,#5231);
#5230 = CARTESIAN_POINT('',(28.141850077555,20.578738887854,
    34.426909120446));
#5231 = VECTOR('',#5232,1.);
#5232 = DIRECTION('',(0.,1.,0.));
#5233 = PCURVE('',#3540,#5234);
#5234 = DEFINITIONAL_REPRESENTATION('',(#5235),#5239);
#5235 = LINE('',#5236,#5237);
#5236 = CARTESIAN_POINT('',(2.382334944373,-2.676452153103));
#5237 = VECTOR('',#5238,1.);
#5238 = DIRECTION('',(0.,-1.));
#5239 = ( GEOMETRIC_REPRESENTATION_CONTEXT(2) 
PARAMETRIC_REPRESENTATION_CONTEXT() REPRESENTATION_CONTEXT('2D SPACE',''
  ) );
#5240 = PCURVE('',#5092,#5241);
#5241 = DEFINITIONAL_REPRESENTATION('',(#5242),#5246);
#5242 = LINE('',#5243,#5244);
#5243 = CARTESIAN_POINT('',(6.234524881791,-2.676452153103));
#5244 = VECTOR('',#5245,1.);
#5245 = DIRECTION('',(0.,1.));
#5246 = ( GEOMETRIC_REPRESENTATION_CONTEXT(2) 
PARAMETRIC_REPRESENTATION_CONTEXT() REPRESENTATION_CONTEXT('2D SPACE',''
  ) );
#5247 = ORIENTED_EDGE('',*,*,#5248,.F.);
#5248 = EDGE_CURVE('',#3500,#5226,#5249,.T.);
#5249 = SURFACE_CURVE('',#5250,(#5254,#5261),.PCURVE_S1.);
#5250 = LINE('',#5251,#5252);
#5251 = CARTESIAN_POINT('',(28.141850077555,23.255191040957,
    33.23574164826));
#5252 = VECTOR('',#5253,1.);
#5253 = DIRECTION('',(0.,0.,-1.));
#5254 = PCURVE('',#3540,#5255);
#5255 = DEFINITIONAL_REPRESENTATION('',(#5256),#5260);
#5256 = LINE('',#5257,#5258);
#5257 = CARTESIAN_POINT('',(1.191167472187,-5.352904306205));
#5258 = VECTOR('',#5259,1.);
#5259 = DIRECTION('',(-1.,0.));
#5260 = ( GEOMETRIC_REPRESENTATION_CONTEXT(2) 
PARAMETRIC_REPRESENTATION_CONTEXT() REPRESENTATION_CONTEXT('2D SPACE',''
  ) );
#5261 = PCURVE('',#3514,#5262);
#5262 = DEFINITIONAL_REPRESENTATION('',(#5263),#5267);
#5263 = LINE('',#5264,#5265);
#5264 = CARTESIAN_POINT('',(-1.191167472187,6.234524881791));
#5265 = VECTOR('',#5266,1.);
#5266 = DIRECTION('',(-1.,0.));
#5267 = ( GEOMETRIC_REPRESENTATION_CONTEXT(2) 
PARAMETRIC_REPRESENTATION_CONTEXT() REPRESENTATION_CONTEXT('2D SPACE',''
  ) );
#5268 = ORIENTED_EDGE('',*,*,#3525,.F.);
#5269 = ADVANCED_FACE('',(#5270),#3514,.T.);
#5270 = FACE_BOUND('',#5271,.T.);
#5271 = EDGE_LOOP('',(#5272,#5273,#5296,#5317));
#5272 = ORIENTED_EDGE('',*,*,#3499,.F.);
#5273 = ORIENTED_EDGE('',*,*,#5274,.T.);
#5274 = EDGE_CURVE('',#3474,#5275,#5277,.T.);
#5275 = VERTEX_POINT('',#5276);
#5276 = CARTESIAN_POINT('',(28.546692102668,23.255191040957,
    34.426909120446));
#5277 = SURFACE_CURVE('',#5278,(#5282,#5289),.PCURVE_S1.);
#5278 = LINE('',#5279,#5280);
#5279 = CARTESIAN_POINT('',(28.546692102668,23.255191040957,
    32.401292987455));
#5280 = VECTOR('',#5281,1.);
#5281 = DIRECTION('',(0.,0.,-1.));
#5282 = PCURVE('',#3514,#5283);
#5283 = DEFINITIONAL_REPRESENTATION('',(#5284),#5288);
#5284 = LINE('',#5285,#5286);
#5285 = CARTESIAN_POINT('',(-2.025616132992,6.639366906904));
#5286 = VECTOR('',#5287,1.);
#5287 = DIRECTION('',(-1.,0.));
#5288 = ( GEOMETRIC_REPRESENTATION_CONTEXT(2) 
PARAMETRIC_REPRESENTATION_CONTEXT() REPRESENTATION_CONTEXT('2D SPACE',''
  ) );
#5289 = PCURVE('',#3488,#5290);
#5290 = DEFINITIONAL_REPRESENTATION('',(#5291),#5295);
#5291 = LINE('',#5292,#5293);
#5292 = CARTESIAN_POINT('',(2.025616132992,-2.473444756406));
#5293 = VECTOR('',#5294,1.);
#5294 = DIRECTION('',(-1.,0.));
#5295 = ( GEOMETRIC_REPRESENTATION_CONTEXT(2) 
PARAMETRIC_REPRESENTATION_CONTEXT() REPRESENTATION_CONTEXT('2D SPACE',''
  ) );
#5296 = ORIENTED_EDGE('',*,*,#5297,.F.);
#5297 = EDGE_CURVE('',#5226,#5275,#5298,.T.);
#5298 = SURFACE_CURVE('',#5299,(#5303,#5310),.PCURVE_S1.);
#5299 = LINE('',#5300,#5301);
#5300 = CARTESIAN_POINT('',(21.907325195764,23.255191040957,
    34.426909120446));
#5301 = VECTOR('',#5302,1.);
#5302 = DIRECTION('',(1.,0.,0.));
#5303 = PCURVE('',#3514,#5304);
#5304 = DEFINITIONAL_REPRESENTATION('',(#5305),#5309);
#5305 = LINE('',#5306,#5307);
#5306 = CARTESIAN_POINT('',(0.,0.));
#5307 = VECTOR('',#5308,1.);
#5308 = DIRECTION('',(0.,1.));
#5309 = ( GEOMETRIC_REPRESENTATION_CONTEXT(2) 
PARAMETRIC_REPRESENTATION_CONTEXT() REPRESENTATION_CONTEXT('2D SPACE',''
  ) );
#5310 = PCURVE('',#5092,#5311);
#5311 = DEFINITIONAL_REPRESENTATION('',(#5312),#5316);
#5312 = LINE('',#5313,#5314);
#5313 = CARTESIAN_POINT('',(0.,0.));
#5314 = VECTOR('',#5315,1.);
#5315 = DIRECTION('',(1.,0.));
#5316 = ( GEOMETRIC_REPRESENTATION_CONTEXT(2) 
PARAMETRIC_REPRESENTATION_CONTEXT() REPRESENTATION_CONTEXT('2D SPACE',''
  ) );
#5317 = ORIENTED_EDGE('',*,*,#5248,.F.);
#5318 = ADVANCED_FACE('',(#5319),#3488,.T.);
#5319 = FACE_BOUND('',#5320,.T.);
#5320 = EDGE_LOOP('',(#5321,#5344,#5372,#5400,#5421,#5422));
#5321 = ORIENTED_EDGE('',*,*,#5322,.F.);
#5322 = EDGE_CURVE('',#5323,#3448,#5325,.T.);
#5323 = VERTEX_POINT('',#5324);
#5324 = CARTESIAN_POINT('',(28.546692102668,20.781746284551,
    30.375676854463));
#5325 = SURFACE_CURVE('',#5326,(#5330,#5337),.PCURVE_S1.);
#5326 = LINE('',#5327,#5328);
#5327 = CARTESIAN_POINT('',(28.546692102668,20.781746284551,
    30.375676854463));
#5328 = VECTOR('',#5329,1.);
#5329 = DIRECTION('',(0.,0.,1.));
#5330 = PCURVE('',#3488,#5331);
#5331 = DEFINITIONAL_REPRESENTATION('',(#5332),#5336);
#5332 = LINE('',#5333,#5334);
#5333 = CARTESIAN_POINT('',(0.,0.));
#5334 = VECTOR('',#5335,1.);
#5335 = DIRECTION('',(1.,0.));
#5336 = ( GEOMETRIC_REPRESENTATION_CONTEXT(2) 
PARAMETRIC_REPRESENTATION_CONTEXT() REPRESENTATION_CONTEXT('2D SPACE',''
  ) );
#5337 = PCURVE('',#3462,#5338);
#5338 = DEFINITIONAL_REPRESENTATION('',(#5339),#5343);
#5339 = LINE('',#5340,#5341);
#5340 = CARTESIAN_POINT('',(0.,0.));
#5341 = VECTOR('',#5342,1.);
#5342 = DIRECTION('',(1.,0.));
#5343 = ( GEOMETRIC_REPRESENTATION_CONTEXT(2) 
PARAMETRIC_REPRESENTATION_CONTEXT() REPRESENTATION_CONTEXT('2D SPACE',''
  ) );
#5344 = ORIENTED_EDGE('',*,*,#5345,.T.);
#5345 = EDGE_CURVE('',#5323,#5346,#5348,.T.);
#5346 = VERTEX_POINT('',#5347);
#5347 = CARTESIAN_POINT('',(28.546692102668,23.58335180301,
    30.375676854463));
#5348 = SURFACE_CURVE('',#5349,(#5353,#5360),.PCURVE_S1.);
#5349 = LINE('',#5350,#5351);
#5350 = CARTESIAN_POINT('',(28.546692102668,20.781746284551,
    30.375676854463));
#5351 = VECTOR('',#5352,1.);
#5352 = DIRECTION('',(0.,1.,0.));
#5353 = PCURVE('',#3488,#5354);
#5354 = DEFINITIONAL_REPRESENTATION('',(#5355),#5359);
#5355 = LINE('',#5356,#5357);
#5356 = CARTESIAN_POINT('',(0.,0.));
#5357 = VECTOR('',#5358,1.);
#5358 = DIRECTION('',(0.,-1.));
#5359 = ( GEOMETRIC_REPRESENTATION_CONTEXT(2) 
PARAMETRIC_REPRESENTATION_CONTEXT() REPRESENTATION_CONTEXT('2D SPACE',''
  ) );
#5360 = PCURVE('',#5361,#5366);
#5361 = PLANE('',#5362);
#5362 = AXIS2_PLACEMENT_3D('',#5363,#5364,#5365);
#5363 = CARTESIAN_POINT('',(28.546692102668,20.781746284551,
    30.375676854463));
#5364 = DIRECTION('',(0.,0.,1.));
#5365 = DIRECTION('',(1.,0.,0.));
#5366 = DEFINITIONAL_REPRESENTATION('',(#5367),#5371);
#5367 = LINE('',#5368,#5369);
#5368 = CARTESIAN_POINT('',(0.,0.));
#5369 = VECTOR('',#5370,1.);
#5370 = DIRECTION('',(0.,1.));
#5371 = ( GEOMETRIC_REPRESENTATION_CONTEXT(2) 
PARAMETRIC_REPRESENTATION_CONTEXT() REPRESENTATION_CONTEXT('2D SPACE',''
  ) );
#5372 = ORIENTED_EDGE('',*,*,#5373,.T.);
#5373 = EDGE_CURVE('',#5346,#5374,#5376,.T.);
#5374 = VERTEX_POINT('',#5375);
#5375 = CARTESIAN_POINT('',(28.546692102668,23.58335180301,
    34.426909120446));
#5376 = SURFACE_CURVE('',#5377,(#5381,#5388),.PCURVE_S1.);
#5377 = LINE('',#5378,#5379);
#5378 = CARTESIAN_POINT('',(28.546692102668,23.58335180301,
    30.375676854463));
#5379 = VECTOR('',#5380,1.);
#5380 = DIRECTION('',(0.,0.,1.));
#5381 = PCURVE('',#3488,#5382);
#5382 = DEFINITIONAL_REPRESENTATION('',(#5383),#5387);
#5383 = LINE('',#5384,#5385);
#5384 = CARTESIAN_POINT('',(0.,-2.801605518458));
#5385 = VECTOR('',#5386,1.);
#5386 = DIRECTION('',(1.,0.));
#5387 = ( GEOMETRIC_REPRESENTATION_CONTEXT(2) 
PARAMETRIC_REPRESENTATION_CONTEXT() REPRESENTATION_CONTEXT('2D SPACE',''
  ) );
#5388 = PCURVE('',#5389,#5394);
#5389 = PLANE('',#5390);
#5390 = AXIS2_PLACEMENT_3D('',#5391,#5392,#5393);
#5391 = CARTESIAN_POINT('',(28.546692102668,23.58335180301,
    30.375676854463));
#5392 = DIRECTION('',(0.,1.,0.));
#5393 = DIRECTION('',(0.,0.,1.));
#5394 = DEFINITIONAL_REPRESENTATION('',(#5395),#5399);
#5395 = LINE('',#5396,#5397);
#5396 = CARTESIAN_POINT('',(0.,0.));
#5397 = VECTOR('',#5398,1.);
#5398 = DIRECTION('',(1.,0.));
#5399 = ( GEOMETRIC_REPRESENTATION_CONTEXT(2) 
PARAMETRIC_REPRESENTATION_CONTEXT() REPRESENTATION_CONTEXT('2D SPACE',''
  ) );
#5400 = ORIENTED_EDGE('',*,*,#5401,.F.);
#5401 = EDGE_CURVE('',#5275,#5374,#5402,.T.);
#5402 = SURFACE_CURVE('',#5403,(#5407,#5414),.PCURVE_S1.);
#5403 = LINE('',#5404,#5405);
#5404 = CARTESIAN_POINT('',(28.546692102668,22.018468662754,
    34.426909120446));
#5405 = VECTOR('',#5406,1.);
#5406 = DIRECTION('',(0.,1.,0.));
#5407 = PCURVE('',#3488,#5408);
#5408 = DEFINITIONAL_REPRESENTATION('',(#5409),#5413);
#5409 = LINE('',#5410,#5411);
#5410 = CARTESIAN_POINT('',(4.051232265983,-1.236722378203));
#5411 = VECTOR('',#5412,1.);
#5412 = DIRECTION('',(0.,-1.));
#5413 = ( GEOMETRIC_REPRESENTATION_CONTEXT(2) 
PARAMETRIC_REPRESENTATION_CONTEXT() REPRESENTATION_CONTEXT('2D SPACE',''
  ) );
#5414 = PCURVE('',#5092,#5415);
#5415 = DEFINITIONAL_REPRESENTATION('',(#5416),#5420);
#5416 = LINE('',#5417,#5418);
#5417 = CARTESIAN_POINT('',(6.639366906904,-1.236722378203));
#5418 = VECTOR('',#5419,1.);
#5419 = DIRECTION('',(0.,1.));
#5420 = ( GEOMETRIC_REPRESENTATION_CONTEXT(2) 
PARAMETRIC_REPRESENTATION_CONTEXT() REPRESENTATION_CONTEXT('2D SPACE',''
  ) );
#5421 = ORIENTED_EDGE('',*,*,#5274,.F.);
#5422 = ORIENTED_EDGE('',*,*,#3473,.F.);
#5423 = ADVANCED_FACE('',(#5424),#3462,.T.);
#5424 = FACE_BOUND('',#5425,.T.);
#5425 = EDGE_LOOP('',(#5426,#5449,#5470,#5471));
#5426 = ORIENTED_EDGE('',*,*,#5427,.F.);
#5427 = EDGE_CURVE('',#5428,#3422,#5430,.T.);
#5428 = VERTEX_POINT('',#5429);
#5429 = CARTESIAN_POINT('',(30.190388109478,20.781746284551,
    30.375676854463));
#5430 = SURFACE_CURVE('',#5431,(#5435,#5442),.PCURVE_S1.);
#5431 = LINE('',#5432,#5433);
#5432 = CARTESIAN_POINT('',(30.190388109478,20.781746284551,
    30.375676854463));
#5433 = VECTOR('',#5434,1.);
#5434 = DIRECTION('',(0.,0.,1.));
#5435 = PCURVE('',#3462,#5436);
#5436 = DEFINITIONAL_REPRESENTATION('',(#5437),#5441);
#5437 = LINE('',#5438,#5439);
#5438 = CARTESIAN_POINT('',(0.,1.64369600681));
#5439 = VECTOR('',#5440,1.);
#5440 = DIRECTION('',(1.,0.));
#5441 = ( GEOMETRIC_REPRESENTATION_CONTEXT(2) 
PARAMETRIC_REPRESENTATION_CONTEXT() REPRESENTATION_CONTEXT('2D SPACE',''
  ) );
#5442 = PCURVE('',#3436,#5443);
#5443 = DEFINITIONAL_REPRESENTATION('',(#5444),#5448);
#5444 = LINE('',#5445,#5446);
#5445 = CARTESIAN_POINT('',(0.,0.));
#5446 = VECTOR('',#5447,1.);
#5447 = DIRECTION('',(1.,0.));
#5448 = ( GEOMETRIC_REPRESENTATION_CONTEXT(2) 
PARAMETRIC_REPRESENTATION_CONTEXT() REPRESENTATION_CONTEXT('2D SPACE',''
  ) );
#5449 = ORIENTED_EDGE('',*,*,#5450,.F.);
#5450 = EDGE_CURVE('',#5323,#5428,#5451,.T.);
#5451 = SURFACE_CURVE('',#5452,(#5456,#5463),.PCURVE_S1.);
#5452 = LINE('',#5453,#5454);
#5453 = CARTESIAN_POINT('',(28.546692102668,20.781746284551,
    30.375676854463));
#5454 = VECTOR('',#5455,1.);
#5455 = DIRECTION('',(1.,0.,0.));
#5456 = PCURVE('',#3462,#5457);
#5457 = DEFINITIONAL_REPRESENTATION('',(#5458),#5462);
#5458 = LINE('',#5459,#5460);
#5459 = CARTESIAN_POINT('',(0.,0.));
#5460 = VECTOR('',#5461,1.);
#5461 = DIRECTION('',(0.,1.));
#5462 = ( GEOMETRIC_REPRESENTATION_CONTEXT(2) 
PARAMETRIC_REPRESENTATION_CONTEXT() REPRESENTATION_CONTEXT('2D SPACE',''
  ) );
#5463 = PCURVE('',#5361,#5464);
#5464 = DEFINITIONAL_REPRESENTATION('',(#5465),#5469);
#5465 = LINE('',#5466,#5467);
#5466 = CARTESIAN_POINT('',(0.,0.));
#5467 = VECTOR('',#5468,1.);
#5468 = DIRECTION('',(1.,0.));
#5469 = ( GEOMETRIC_REPRESENTATION_CONTEXT(2) 
PARAMETRIC_REPRESENTATION_CONTEXT() REPRESENTATION_CONTEXT('2D SPACE',''
  ) );
#5470 = ORIENTED_EDGE('',*,*,#5322,.T.);
#5471 = ORIENTED_EDGE('',*,*,#3447,.F.);
#5472 = ADVANCED_FACE('',(#5473),#3436,.F.);
#5473 = FACE_BOUND('',#5474,.F.);
#5474 = EDGE_LOOP('',(#5475,#5476,#5499,#5522,#5550,#5571));
#5475 = ORIENTED_EDGE('',*,*,#5427,.F.);
#5476 = ORIENTED_EDGE('',*,*,#5477,.T.);
#5477 = EDGE_CURVE('',#5428,#5478,#5480,.T.);
#5478 = VERTEX_POINT('',#5479);
#5479 = CARTESIAN_POINT('',(30.190388109478,23.58335180301,
    30.375676854463));
#5480 = SURFACE_CURVE('',#5481,(#5485,#5492),.PCURVE_S1.);
#5481 = LINE('',#5482,#5483);
#5482 = CARTESIAN_POINT('',(30.190388109478,20.781746284551,
    30.375676854463));
#5483 = VECTOR('',#5484,1.);
#5484 = DIRECTION('',(0.,1.,0.));
#5485 = PCURVE('',#3436,#5486);
#5486 = DEFINITIONAL_REPRESENTATION('',(#5487),#5491);
#5487 = LINE('',#5488,#5489);
#5488 = CARTESIAN_POINT('',(0.,0.));
#5489 = VECTOR('',#5490,1.);
#5490 = DIRECTION('',(0.,-1.));
#5491 = ( GEOMETRIC_REPRESENTATION_CONTEXT(2) 
PARAMETRIC_REPRESENTATION_CONTEXT() REPRESENTATION_CONTEXT('2D SPACE',''
  ) );
#5492 = PCURVE('',#5361,#5493);
#5493 = DEFINITIONAL_REPRESENTATION('',(#5494),#5498);
#5494 = LINE('',#5495,#5496);
#5495 = CARTESIAN_POINT('',(1.64369600681,0.));
#5496 = VECTOR('',#5497,1.);
#5497 = DIRECTION('',(0.,1.));
#5498 = ( GEOMETRIC_REPRESENTATION_CONTEXT(2) 
PARAMETRIC_REPRESENTATION_CONTEXT() REPRESENTATION_CONTEXT('2D SPACE',''
  ) );
#5499 = ORIENTED_EDGE('',*,*,#5500,.T.);
#5500 = EDGE_CURVE('',#5478,#5501,#5503,.T.);
#5501 = VERTEX_POINT('',#5502);
#5502 = CARTESIAN_POINT('',(30.190388109478,23.58335180301,
    34.601459778827));
#5503 = SURFACE_CURVE('',#5504,(#5508,#5515),.PCURVE_S1.);
#5504 = LINE('',#5505,#5506);
#5505 = CARTESIAN_POINT('',(30.190388109478,23.58335180301,
    30.375676854463));
#5506 = VECTOR('',#5507,1.);
#5507 = DIRECTION('',(0.,0.,1.));
#5508 = PCURVE('',#3436,#5509);
#5509 = DEFINITIONAL_REPRESENTATION('',(#5510),#5514);
#5510 = LINE('',#5511,#5512);
#5511 = CARTESIAN_POINT('',(0.,-2.801605518458));
#5512 = VECTOR('',#5513,1.);
#5513 = DIRECTION('',(1.,0.));
#5514 = ( GEOMETRIC_REPRESENTATION_CONTEXT(2) 
PARAMETRIC_REPRESENTATION_CONTEXT() REPRESENTATION_CONTEXT('2D SPACE',''
  ) );
#5515 = PCURVE('',#5389,#5516);
#5516 = DEFINITIONAL_REPRESENTATION('',(#5517),#5521);
#5517 = LINE('',#5518,#5519);
#5518 = CARTESIAN_POINT('',(0.,1.64369600681));
#5519 = VECTOR('',#5520,1.);
#5520 = DIRECTION('',(1.,0.));
#5521 = ( GEOMETRIC_REPRESENTATION_CONTEXT(2) 
PARAMETRIC_REPRESENTATION_CONTEXT() REPRESENTATION_CONTEXT('2D SPACE',''
  ) );
#5522 = ORIENTED_EDGE('',*,*,#5523,.F.);
#5523 = EDGE_CURVE('',#5524,#5501,#5526,.T.);
#5524 = VERTEX_POINT('',#5525);
#5525 = CARTESIAN_POINT('',(30.190388109478,23.266616253768,
    34.601459778827));
#5526 = SURFACE_CURVE('',#5527,(#5531,#5538),.PCURVE_S1.);
#5527 = LINE('',#5528,#5529);
#5528 = CARTESIAN_POINT('',(30.190388109478,22.024181269159,
    34.601459778827));
#5529 = VECTOR('',#5530,1.);
#5530 = DIRECTION('',(0.,1.,0.));
#5531 = PCURVE('',#3436,#5532);
#5532 = DEFINITIONAL_REPRESENTATION('',(#5533),#5537);
#5533 = LINE('',#5534,#5535);
#5534 = CARTESIAN_POINT('',(4.225782924364,-1.242434984608));
#5535 = VECTOR('',#5536,1.);
#5536 = DIRECTION('',(0.,-1.));
#5537 = ( GEOMETRIC_REPRESENTATION_CONTEXT(2) 
PARAMETRIC_REPRESENTATION_CONTEXT() REPRESENTATION_CONTEXT('2D SPACE',''
  ) );
#5538 = PCURVE('',#5539,#5544);
#5539 = PLANE('',#5540);
#5540 = AXIS2_PLACEMENT_3D('',#5541,#5542,#5543);
#5541 = CARTESIAN_POINT('',(28.145332901436,23.266616253768,
    34.601459778827));
#5542 = DIRECTION('',(0.,0.,1.));
#5543 = DIRECTION('',(1.,0.,0.));
#5544 = DEFINITIONAL_REPRESENTATION('',(#5545),#5549);
#5545 = LINE('',#5546,#5547);
#5546 = CARTESIAN_POINT('',(2.045055208042,-1.242434984608));
#5547 = VECTOR('',#5548,1.);
#5548 = DIRECTION('',(0.,1.));
#5549 = ( GEOMETRIC_REPRESENTATION_CONTEXT(2) 
PARAMETRIC_REPRESENTATION_CONTEXT() REPRESENTATION_CONTEXT('2D SPACE',''
  ) );
#5550 = ORIENTED_EDGE('',*,*,#5551,.F.);
#5551 = EDGE_CURVE('',#3396,#5524,#5552,.T.);
#5552 = SURFACE_CURVE('',#5553,(#5557,#5564),.PCURVE_S1.);
#5553 = LINE('',#5554,#5555);
#5554 = CARTESIAN_POINT('',(30.190388109478,23.266616253768,
    32.488568316645));
#5555 = VECTOR('',#5556,1.);
#5556 = DIRECTION('',(0.,0.,-1.));
#5557 = PCURVE('',#3436,#5558);
#5558 = DEFINITIONAL_REPRESENTATION('',(#5559),#5563);
#5559 = LINE('',#5560,#5561);
#5560 = CARTESIAN_POINT('',(2.112891462182,-2.484869969216));
#5561 = VECTOR('',#5562,1.);
#5562 = DIRECTION('',(-1.,0.));
#5563 = ( GEOMETRIC_REPRESENTATION_CONTEXT(2) 
PARAMETRIC_REPRESENTATION_CONTEXT() REPRESENTATION_CONTEXT('2D SPACE',''
  ) );
#5564 = PCURVE('',#3410,#5565);
#5565 = DEFINITIONAL_REPRESENTATION('',(#5566),#5570);
#5566 = LINE('',#5567,#5568);
#5567 = CARTESIAN_POINT('',(-2.112891462182,2.045055208042));
#5568 = VECTOR('',#5569,1.);
#5569 = DIRECTION('',(-1.,0.));
#5570 = ( GEOMETRIC_REPRESENTATION_CONTEXT(2) 
PARAMETRIC_REPRESENTATION_CONTEXT() REPRESENTATION_CONTEXT('2D SPACE',''
  ) );
#5571 = ORIENTED_EDGE('',*,*,#3421,.F.);
#5572 = ADVANCED_FACE('',(#5573),#3410,.T.);
#5573 = FACE_BOUND('',#5574,.T.);
#5574 = EDGE_LOOP('',(#5575,#5598,#5599,#5600));
#5575 = ORIENTED_EDGE('',*,*,#5576,.F.);
#5576 = EDGE_CURVE('',#5524,#5577,#5579,.T.);
#5577 = VERTEX_POINT('',#5578);
#5578 = CARTESIAN_POINT('',(30.59174731071,23.266616253768,
    34.601459778827));
#5579 = SURFACE_CURVE('',#5580,(#5584,#5591),.PCURVE_S1.);
#5580 = LINE('',#5581,#5582);
#5581 = CARTESIAN_POINT('',(28.145332901436,23.266616253768,
    34.601459778827));
#5582 = VECTOR('',#5583,1.);
#5583 = DIRECTION('',(1.,0.,0.));
#5584 = PCURVE('',#3410,#5585);
#5585 = DEFINITIONAL_REPRESENTATION('',(#5586),#5590);
#5586 = LINE('',#5587,#5588);
#5587 = CARTESIAN_POINT('',(0.,0.));
#5588 = VECTOR('',#5589,1.);
#5589 = DIRECTION('',(0.,1.));
#5590 = ( GEOMETRIC_REPRESENTATION_CONTEXT(2) 
PARAMETRIC_REPRESENTATION_CONTEXT() REPRESENTATION_CONTEXT('2D SPACE',''
  ) );
#5591 = PCURVE('',#5539,#5592);
#5592 = DEFINITIONAL_REPRESENTATION('',(#5593),#5597);
#5593 = LINE('',#5594,#5595);
#5594 = CARTESIAN_POINT('',(0.,0.));
#5595 = VECTOR('',#5596,1.);
#5596 = DIRECTION('',(1.,0.));
#5597 = ( GEOMETRIC_REPRESENTATION_CONTEXT(2) 
PARAMETRIC_REPRESENTATION_CONTEXT() REPRESENTATION_CONTEXT('2D SPACE',''
  ) );
#5598 = ORIENTED_EDGE('',*,*,#5551,.F.);
#5599 = ORIENTED_EDGE('',*,*,#3395,.F.);
#5600 = ORIENTED_EDGE('',*,*,#5601,.F.);
#5601 = EDGE_CURVE('',#5577,#3370,#5602,.T.);
#5602 = SURFACE_CURVE('',#5603,(#5607,#5614),.PCURVE_S1.);
#5603 = LINE('',#5604,#5605);
#5604 = CARTESIAN_POINT('',(30.59174731071,23.266616253768,
    34.601459778827));
#5605 = VECTOR('',#5606,1.);
#5606 = DIRECTION('',(0.,0.,1.));
#5607 = PCURVE('',#3410,#5608);
#5608 = DEFINITIONAL_REPRESENTATION('',(#5609),#5613);
#5609 = LINE('',#5610,#5611);
#5610 = CARTESIAN_POINT('',(0.,2.446414409274));
#5611 = VECTOR('',#5612,1.);
#5612 = DIRECTION('',(1.,0.));
#5613 = ( GEOMETRIC_REPRESENTATION_CONTEXT(2) 
PARAMETRIC_REPRESENTATION_CONTEXT() REPRESENTATION_CONTEXT('2D SPACE',''
  ) );
#5614 = PCURVE('',#3384,#5615);
#5615 = DEFINITIONAL_REPRESENTATION('',(#5616),#5620);
#5616 = LINE('',#5617,#5618);
#5617 = CARTESIAN_POINT('',(0.,0.));
#5618 = VECTOR('',#5619,1.);
#5619 = DIRECTION('',(1.,0.));
#5620 = ( GEOMETRIC_REPRESENTATION_CONTEXT(2) 
PARAMETRIC_REPRESENTATION_CONTEXT() REPRESENTATION_CONTEXT('2D SPACE',''
  ) );
#5621 = ADVANCED_FACE('',(#5622),#3384,.F.);
#5622 = FACE_BOUND('',#5623,.F.);
#5623 = EDGE_LOOP('',(#5624,#5625,#5648,#5669));
#5624 = ORIENTED_EDGE('',*,*,#5601,.F.);
#5625 = ORIENTED_EDGE('',*,*,#5626,.T.);
#5626 = EDGE_CURVE('',#5577,#5627,#5629,.T.);
#5627 = VERTEX_POINT('',#5628);
#5628 = CARTESIAN_POINT('',(30.59174731071,24.274188301089,
    34.601459778827));
#5629 = SURFACE_CURVE('',#5630,(#5634,#5641),.PCURVE_S1.);
#5630 = LINE('',#5631,#5632);
#5631 = CARTESIAN_POINT('',(30.59174731071,23.266616253768,
    34.601459778827));
#5632 = VECTOR('',#5633,1.);
#5633 = DIRECTION('',(0.,1.,0.));
#5634 = PCURVE('',#3384,#5635);
#5635 = DEFINITIONAL_REPRESENTATION('',(#5636),#5640);
#5636 = LINE('',#5637,#5638);
#5637 = CARTESIAN_POINT('',(0.,0.));
#5638 = VECTOR('',#5639,1.);
#5639 = DIRECTION('',(0.,-1.));
#5640 = ( GEOMETRIC_REPRESENTATION_CONTEXT(2) 
PARAMETRIC_REPRESENTATION_CONTEXT() REPRESENTATION_CONTEXT('2D SPACE',''
  ) );
#5641 = PCURVE('',#5539,#5642);
#5642 = DEFINITIONAL_REPRESENTATION('',(#5643),#5647);
#5643 = LINE('',#5644,#5645);
#5644 = CARTESIAN_POINT('',(2.446414409274,0.));
#5645 = VECTOR('',#5646,1.);
#5646 = DIRECTION('',(0.,1.));
#5647 = ( GEOMETRIC_REPRESENTATION_CONTEXT(2) 
PARAMETRIC_REPRESENTATION_CONTEXT() REPRESENTATION_CONTEXT('2D SPACE',''
  ) );
#5648 = ORIENTED_EDGE('',*,*,#5649,.T.);
#5649 = EDGE_CURVE('',#5627,#3344,#5650,.T.);
#5650 = SURFACE_CURVE('',#5651,(#5655,#5662),.PCURVE_S1.);
#5651 = LINE('',#5652,#5653);
#5652 = CARTESIAN_POINT('',(30.59174731071,24.274188301089,
    34.601459778827));
#5653 = VECTOR('',#5654,1.);
#5654 = DIRECTION('',(0.,0.,1.));
#5655 = PCURVE('',#3384,#5656);
#5656 = DEFINITIONAL_REPRESENTATION('',(#5657),#5661);
#5657 = LINE('',#5658,#5659);
#5658 = CARTESIAN_POINT('',(0.,-1.007572047321));
#5659 = VECTOR('',#5660,1.);
#5660 = DIRECTION('',(1.,0.));
#5661 = ( GEOMETRIC_REPRESENTATION_CONTEXT(2) 
PARAMETRIC_REPRESENTATION_CONTEXT() REPRESENTATION_CONTEXT('2D SPACE',''
  ) );
#5662 = PCURVE('',#3358,#5663);
#5663 = DEFINITIONAL_REPRESENTATION('',(#5664),#5668);
#5664 = LINE('',#5665,#5666);
#5665 = CARTESIAN_POINT('',(0.,2.446414409274));
#5666 = VECTOR('',#5667,1.);
#5667 = DIRECTION('',(1.,0.));
#5668 = ( GEOMETRIC_REPRESENTATION_CONTEXT(2) 
PARAMETRIC_REPRESENTATION_CONTEXT() REPRESENTATION_CONTEXT('2D SPACE',''
  ) );
#5669 = ORIENTED_EDGE('',*,*,#3369,.F.);
#5670 = ADVANCED_FACE('',(#5671),#3358,.F.);
#5671 = FACE_BOUND('',#5672,.F.);
#5672 = EDGE_LOOP('',(#5673,#5696,#5717,#5718));
#5673 = ORIENTED_EDGE('',*,*,#5674,.F.);
#5674 = EDGE_CURVE('',#5675,#5627,#5677,.T.);
#5675 = VERTEX_POINT('',#5676);
#5676 = CARTESIAN_POINT('',(30.111725607507,24.274188301089,
    34.601459778827));
#5677 = SURFACE_CURVE('',#5678,(#5682,#5689),.PCURVE_S1.);
#5678 = LINE('',#5679,#5680);
#5679 = CARTESIAN_POINT('',(28.145332901436,24.274188301089,
    34.601459778827));
#5680 = VECTOR('',#5681,1.);
#5681 = DIRECTION('',(1.,0.,0.));
#5682 = PCURVE('',#3358,#5683);
#5683 = DEFINITIONAL_REPRESENTATION('',(#5684),#5688);
#5684 = LINE('',#5685,#5686);
#5685 = CARTESIAN_POINT('',(0.,0.));
#5686 = VECTOR('',#5687,1.);
#5687 = DIRECTION('',(0.,1.));
#5688 = ( GEOMETRIC_REPRESENTATION_CONTEXT(2) 
PARAMETRIC_REPRESENTATION_CONTEXT() REPRESENTATION_CONTEXT('2D SPACE',''
  ) );
#5689 = PCURVE('',#5539,#5690);
#5690 = DEFINITIONAL_REPRESENTATION('',(#5691),#5695);
#5691 = LINE('',#5692,#5693);
#5692 = CARTESIAN_POINT('',(0.,1.007572047321));
#5693 = VECTOR('',#5694,1.);
#5694 = DIRECTION('',(1.,0.));
#5695 = ( GEOMETRIC_REPRESENTATION_CONTEXT(2) 
PARAMETRIC_REPRESENTATION_CONTEXT() REPRESENTATION_CONTEXT('2D SPACE',''
  ) );
#5696 = ORIENTED_EDGE('',*,*,#5697,.T.);
#5697 = EDGE_CURVE('',#5675,#3318,#5698,.T.);
#5698 = SURFACE_CURVE('',#5699,(#5703,#5710),.PCURVE_S1.);
#5699 = LINE('',#5700,#5701);
#5700 = CARTESIAN_POINT('',(30.111725607507,24.274188301089,
    34.514184449637));
#5701 = VECTOR('',#5702,1.);
#5702 = DIRECTION('',(0.,0.,1.));
#5703 = PCURVE('',#3358,#5704);
#5704 = DEFINITIONAL_REPRESENTATION('',(#5705),#5709);
#5705 = LINE('',#5706,#5707);
#5706 = CARTESIAN_POINT('',(-8.727532919042E-02,1.966392706071));
#5707 = VECTOR('',#5708,1.);
#5708 = DIRECTION('',(1.,0.));
#5709 = ( GEOMETRIC_REPRESENTATION_CONTEXT(2) 
PARAMETRIC_REPRESENTATION_CONTEXT() REPRESENTATION_CONTEXT('2D SPACE',''
  ) );
#5710 = PCURVE('',#3332,#5711);
#5711 = DEFINITIONAL_REPRESENTATION('',(#5712),#5716);
#5712 = LINE('',#5713,#5714);
#5713 = CARTESIAN_POINT('',(8.727532919042E-02,-1.018997260132));
#5714 = VECTOR('',#5715,1.);
#5715 = DIRECTION('',(1.,0.));
#5716 = ( GEOMETRIC_REPRESENTATION_CONTEXT(2) 
PARAMETRIC_REPRESENTATION_CONTEXT() REPRESENTATION_CONTEXT('2D SPACE',''
  ) );
#5717 = ORIENTED_EDGE('',*,*,#3343,.F.);
#5718 = ORIENTED_EDGE('',*,*,#5649,.F.);
#5719 = ADVANCED_FACE('',(#5720),#3332,.F.);
#5720 = FACE_BOUND('',#5721,.F.);
#5721 = EDGE_LOOP('',(#5722,#5747,#5770,#5791,#5792,#5793));
#5722 = ORIENTED_EDGE('',*,*,#5723,.F.);
#5723 = EDGE_CURVE('',#5724,#5726,#5728,.T.);
#5724 = VERTEX_POINT('',#5725);
#5725 = CARTESIAN_POINT('',(30.111725607507,23.58335180301,
    34.426909120446));
#5726 = VERTEX_POINT('',#5727);
#5727 = CARTESIAN_POINT('',(30.111725607507,23.58335180301,
    34.601459778827));
#5728 = SURFACE_CURVE('',#5729,(#5733,#5740),.PCURVE_S1.);
#5729 = LINE('',#5730,#5731);
#5730 = CARTESIAN_POINT('',(30.111725607507,23.58335180301,
    32.401292987455));
#5731 = VECTOR('',#5732,1.);
#5732 = DIRECTION('',(0.,0.,1.));
#5733 = PCURVE('',#3332,#5734);
#5734 = DEFINITIONAL_REPRESENTATION('',(#5735),#5739);
#5735 = LINE('',#5736,#5737);
#5736 = CARTESIAN_POINT('',(-2.025616132992,-0.328160762053));
#5737 = VECTOR('',#5738,1.);
#5738 = DIRECTION('',(1.,0.));
#5739 = ( GEOMETRIC_REPRESENTATION_CONTEXT(2) 
PARAMETRIC_REPRESENTATION_CONTEXT() REPRESENTATION_CONTEXT('2D SPACE',''
  ) );
#5740 = PCURVE('',#5389,#5741);
#5741 = DEFINITIONAL_REPRESENTATION('',(#5742),#5746);
#5742 = LINE('',#5743,#5744);
#5743 = CARTESIAN_POINT('',(2.025616132992,1.565033504839));
#5744 = VECTOR('',#5745,1.);
#5745 = DIRECTION('',(1.,0.));
#5746 = ( GEOMETRIC_REPRESENTATION_CONTEXT(2) 
PARAMETRIC_REPRESENTATION_CONTEXT() REPRESENTATION_CONTEXT('2D SPACE',''
  ) );
#5747 = ORIENTED_EDGE('',*,*,#5748,.T.);
#5748 = EDGE_CURVE('',#5724,#5749,#5751,.T.);
#5749 = VERTEX_POINT('',#5750);
#5750 = CARTESIAN_POINT('',(30.111725607507,24.2856135139,
    34.426909120446));
#5751 = SURFACE_CURVE('',#5752,(#5756,#5763),.PCURVE_S1.);
#5752 = LINE('',#5753,#5754);
#5753 = CARTESIAN_POINT('',(30.111725607507,23.255191040957,
    34.426909120446));
#5754 = VECTOR('',#5755,1.);
#5755 = DIRECTION('',(0.,1.,0.));
#5756 = PCURVE('',#3332,#5757);
#5757 = DEFINITIONAL_REPRESENTATION('',(#5758),#5762);
#5758 = LINE('',#5759,#5760);
#5759 = CARTESIAN_POINT('',(0.,0.));
#5760 = VECTOR('',#5761,1.);
#5761 = DIRECTION('',(0.,-1.));
#5762 = ( GEOMETRIC_REPRESENTATION_CONTEXT(2) 
PARAMETRIC_REPRESENTATION_CONTEXT() REPRESENTATION_CONTEXT('2D SPACE',''
  ) );
#5763 = PCURVE('',#5092,#5764);
#5764 = DEFINITIONAL_REPRESENTATION('',(#5765),#5769);
#5765 = LINE('',#5766,#5767);
#5766 = CARTESIAN_POINT('',(8.204400411743,0.));
#5767 = VECTOR('',#5768,1.);
#5768 = DIRECTION('',(0.,1.));
#5769 = ( GEOMETRIC_REPRESENTATION_CONTEXT(2) 
PARAMETRIC_REPRESENTATION_CONTEXT() REPRESENTATION_CONTEXT('2D SPACE',''
  ) );
#5770 = ORIENTED_EDGE('',*,*,#5771,.T.);
#5771 = EDGE_CURVE('',#5749,#3292,#5772,.T.);
#5772 = SURFACE_CURVE('',#5773,(#5777,#5784),.PCURVE_S1.);
#5773 = LINE('',#5774,#5775);
#5774 = CARTESIAN_POINT('',(30.111725607507,24.2856135139,
    34.426909120446));
#5775 = VECTOR('',#5776,1.);
#5776 = DIRECTION('',(0.,0.,1.));
#5777 = PCURVE('',#3332,#5778);
#5778 = DEFINITIONAL_REPRESENTATION('',(#5779),#5783);
#5779 = LINE('',#5780,#5781);
#5780 = CARTESIAN_POINT('',(0.,-1.030422472943));
#5781 = VECTOR('',#5782,1.);
#5782 = DIRECTION('',(1.,0.));
#5783 = ( GEOMETRIC_REPRESENTATION_CONTEXT(2) 
PARAMETRIC_REPRESENTATION_CONTEXT() REPRESENTATION_CONTEXT('2D SPACE',''
  ) );
#5784 = PCURVE('',#3306,#5785);
#5785 = DEFINITIONAL_REPRESENTATION('',(#5786),#5790);
#5786 = LINE('',#5787,#5788);
#5787 = CARTESIAN_POINT('',(0.,8.204400411743));
#5788 = VECTOR('',#5789,1.);
#5789 = DIRECTION('',(1.,0.));
#5790 = ( GEOMETRIC_REPRESENTATION_CONTEXT(2) 
PARAMETRIC_REPRESENTATION_CONTEXT() REPRESENTATION_CONTEXT('2D SPACE',''
  ) );
#5791 = ORIENTED_EDGE('',*,*,#3317,.F.);
#5792 = ORIENTED_EDGE('',*,*,#5697,.F.);
#5793 = ORIENTED_EDGE('',*,*,#5794,.T.);
#5794 = EDGE_CURVE('',#5675,#5726,#5795,.T.);
#5795 = SURFACE_CURVE('',#5796,(#5800,#5807),.PCURVE_S1.);
#5796 = LINE('',#5797,#5798);
#5797 = CARTESIAN_POINT('',(30.111725607507,23.260903647362,
    34.601459778827));
#5798 = VECTOR('',#5799,1.);
#5799 = DIRECTION('',(0.,-1.,0.));
#5800 = PCURVE('',#3332,#5801);
#5801 = DEFINITIONAL_REPRESENTATION('',(#5802),#5806);
#5802 = LINE('',#5803,#5804);
#5803 = CARTESIAN_POINT('',(0.174550658381,-5.712606405268E-03));
#5804 = VECTOR('',#5805,1.);
#5805 = DIRECTION('',(0.,1.));
#5806 = ( GEOMETRIC_REPRESENTATION_CONTEXT(2) 
PARAMETRIC_REPRESENTATION_CONTEXT() REPRESENTATION_CONTEXT('2D SPACE',''
  ) );
#5807 = PCURVE('',#5539,#5808);
#5808 = DEFINITIONAL_REPRESENTATION('',(#5809),#5813);
#5809 = LINE('',#5810,#5811);
#5810 = CARTESIAN_POINT('',(1.966392706071,-5.712606405272E-03));
#5811 = VECTOR('',#5812,1.);
#5812 = DIRECTION('',(0.,-1.));
#5813 = ( GEOMETRIC_REPRESENTATION_CONTEXT(2) 
PARAMETRIC_REPRESENTATION_CONTEXT() REPRESENTATION_CONTEXT('2D SPACE',''
  ) );
#5814 = ADVANCED_FACE('',(#5815),#3306,.F.);
#5815 = FACE_BOUND('',#5816,.F.);
#5816 = EDGE_LOOP('',(#5817,#5818,#5841,#5862));
#5817 = ORIENTED_EDGE('',*,*,#5771,.F.);
#5818 = ORIENTED_EDGE('',*,*,#5819,.F.);
#5819 = EDGE_CURVE('',#5820,#5749,#5822,.T.);
#5820 = VERTEX_POINT('',#5821);
#5821 = CARTESIAN_POINT('',(21.907325195764,24.2856135139,
    34.426909120446));
#5822 = SURFACE_CURVE('',#5823,(#5827,#5834),.PCURVE_S1.);
#5823 = LINE('',#5824,#5825);
#5824 = CARTESIAN_POINT('',(21.907325195764,24.2856135139,
    34.426909120446));
#5825 = VECTOR('',#5826,1.);
#5826 = DIRECTION('',(1.,0.,0.));
#5827 = PCURVE('',#3306,#5828);
#5828 = DEFINITIONAL_REPRESENTATION('',(#5829),#5833);
#5829 = LINE('',#5830,#5831);
#5830 = CARTESIAN_POINT('',(0.,0.));
#5831 = VECTOR('',#5832,1.);
#5832 = DIRECTION('',(0.,1.));
#5833 = ( GEOMETRIC_REPRESENTATION_CONTEXT(2) 
PARAMETRIC_REPRESENTATION_CONTEXT() REPRESENTATION_CONTEXT('2D SPACE',''
  ) );
#5834 = PCURVE('',#5092,#5835);
#5835 = DEFINITIONAL_REPRESENTATION('',(#5836),#5840);
#5836 = LINE('',#5837,#5838);
#5837 = CARTESIAN_POINT('',(0.,1.030422472943));
#5838 = VECTOR('',#5839,1.);
#5839 = DIRECTION('',(1.,0.));
#5840 = ( GEOMETRIC_REPRESENTATION_CONTEXT(2) 
PARAMETRIC_REPRESENTATION_CONTEXT() REPRESENTATION_CONTEXT('2D SPACE',''
  ) );
#5841 = ORIENTED_EDGE('',*,*,#5842,.T.);
#5842 = EDGE_CURVE('',#5820,#3266,#5843,.T.);
#5843 = SURFACE_CURVE('',#5844,(#5848,#5855),.PCURVE_S1.);
#5844 = LINE('',#5845,#5846);
#5845 = CARTESIAN_POINT('',(21.907325195764,24.2856135139,
    34.426909120446));
#5846 = VECTOR('',#5847,1.);
#5847 = DIRECTION('',(0.,0.,1.));
#5848 = PCURVE('',#3306,#5849);
#5849 = DEFINITIONAL_REPRESENTATION('',(#5850),#5854);
#5850 = LINE('',#5851,#5852);
#5851 = CARTESIAN_POINT('',(0.,0.));
#5852 = VECTOR('',#5853,1.);
#5853 = DIRECTION('',(1.,0.));
#5854 = ( GEOMETRIC_REPRESENTATION_CONTEXT(2) 
PARAMETRIC_REPRESENTATION_CONTEXT() REPRESENTATION_CONTEXT('2D SPACE',''
  ) );
#5855 = PCURVE('',#3280,#5856);
#5856 = DEFINITIONAL_REPRESENTATION('',(#5857),#5861);
#5857 = LINE('',#5858,#5859);
#5858 = CARTESIAN_POINT('',(0.,-1.030422472943));
#5859 = VECTOR('',#5860,1.);
#5860 = DIRECTION('',(1.,0.));
#5861 = ( GEOMETRIC_REPRESENTATION_CONTEXT(2) 
PARAMETRIC_REPRESENTATION_CONTEXT() REPRESENTATION_CONTEXT('2D SPACE',''
  ) );
#5862 = ORIENTED_EDGE('',*,*,#3291,.F.);
#5863 = ADVANCED_FACE('',(#5864),#3280,.T.);
#5864 = FACE_BOUND('',#5865,.T.);
#5865 = EDGE_LOOP('',(#5866,#5889,#5910,#5911));
#5866 = ORIENTED_EDGE('',*,*,#5867,.F.);
#5867 = EDGE_CURVE('',#5868,#3240,#5870,.T.);
#5868 = VERTEX_POINT('',#5869);
#5869 = CARTESIAN_POINT('',(21.907325195764,23.255191040957,
    34.426909120446));
#5870 = SURFACE_CURVE('',#5871,(#5875,#5882),.PCURVE_S1.);
#5871 = LINE('',#5872,#5873);
#5872 = CARTESIAN_POINT('',(21.907325195764,23.255191040957,
    34.426909120446));
#5873 = VECTOR('',#5874,1.);
#5874 = DIRECTION('',(0.,0.,1.));
#5875 = PCURVE('',#3280,#5876);
#5876 = DEFINITIONAL_REPRESENTATION('',(#5877),#5881);
#5877 = LINE('',#5878,#5879);
#5878 = CARTESIAN_POINT('',(0.,0.));
#5879 = VECTOR('',#5880,1.);
#5880 = DIRECTION('',(1.,0.));
#5881 = ( GEOMETRIC_REPRESENTATION_CONTEXT(2) 
PARAMETRIC_REPRESENTATION_CONTEXT() REPRESENTATION_CONTEXT('2D SPACE',''
  ) );
#5882 = PCURVE('',#3254,#5883);
#5883 = DEFINITIONAL_REPRESENTATION('',(#5884),#5888);
#5884 = LINE('',#5885,#5886);
#5885 = CARTESIAN_POINT('',(0.,0.));
#5886 = VECTOR('',#5887,1.);
#5887 = DIRECTION('',(1.,0.));
#5888 = ( GEOMETRIC_REPRESENTATION_CONTEXT(2) 
PARAMETRIC_REPRESENTATION_CONTEXT() REPRESENTATION_CONTEXT('2D SPACE',''
  ) );
#5889 = ORIENTED_EDGE('',*,*,#5890,.T.);
#5890 = EDGE_CURVE('',#5868,#5820,#5891,.T.);
#5891 = SURFACE_CURVE('',#5892,(#5896,#5903),.PCURVE_S1.);
#5892 = LINE('',#5893,#5894);
#5893 = CARTESIAN_POINT('',(21.907325195764,23.255191040957,
    34.426909120446));
#5894 = VECTOR('',#5895,1.);
#5895 = DIRECTION('',(0.,1.,0.));
#5896 = PCURVE('',#3280,#5897);
#5897 = DEFINITIONAL_REPRESENTATION('',(#5898),#5902);
#5898 = LINE('',#5899,#5900);
#5899 = CARTESIAN_POINT('',(0.,0.));
#5900 = VECTOR('',#5901,1.);
#5901 = DIRECTION('',(0.,-1.));
#5902 = ( GEOMETRIC_REPRESENTATION_CONTEXT(2) 
PARAMETRIC_REPRESENTATION_CONTEXT() REPRESENTATION_CONTEXT('2D SPACE',''
  ) );
#5903 = PCURVE('',#5092,#5904);
#5904 = DEFINITIONAL_REPRESENTATION('',(#5905),#5909);
#5905 = LINE('',#5906,#5907);
#5906 = CARTESIAN_POINT('',(0.,0.));
#5907 = VECTOR('',#5908,1.);
#5908 = DIRECTION('',(0.,1.));
#5909 = ( GEOMETRIC_REPRESENTATION_CONTEXT(2) 
PARAMETRIC_REPRESENTATION_CONTEXT() REPRESENTATION_CONTEXT('2D SPACE',''
  ) );
#5910 = ORIENTED_EDGE('',*,*,#5842,.T.);
#5911 = ORIENTED_EDGE('',*,*,#3265,.F.);
#5912 = ADVANCED_FACE('',(#5913),#3254,.T.);
#5913 = FACE_BOUND('',#5914,.T.);
#5914 = EDGE_LOOP('',(#5915,#5916,#5917,#5938));
#5915 = ORIENTED_EDGE('',*,*,#3239,.F.);
#5916 = ORIENTED_EDGE('',*,*,#5104,.T.);
#5917 = ORIENTED_EDGE('',*,*,#5918,.F.);
#5918 = EDGE_CURVE('',#5868,#5077,#5919,.T.);
#5919 = SURFACE_CURVE('',#5920,(#5924,#5931),.PCURVE_S1.);
#5920 = LINE('',#5921,#5922);
#5921 = CARTESIAN_POINT('',(21.907325195764,23.255191040957,
    34.426909120446));
#5922 = VECTOR('',#5923,1.);
#5923 = DIRECTION('',(1.,0.,0.));
#5924 = PCURVE('',#3254,#5925);
#5925 = DEFINITIONAL_REPRESENTATION('',(#5926),#5930);
#5926 = LINE('',#5927,#5928);
#5927 = CARTESIAN_POINT('',(0.,0.));
#5928 = VECTOR('',#5929,1.);
#5929 = DIRECTION('',(0.,1.));
#5930 = ( GEOMETRIC_REPRESENTATION_CONTEXT(2) 
PARAMETRIC_REPRESENTATION_CONTEXT() REPRESENTATION_CONTEXT('2D SPACE',''
  ) );
#5931 = PCURVE('',#5092,#5932);
#5932 = DEFINITIONAL_REPRESENTATION('',(#5933),#5937);
#5933 = LINE('',#5934,#5935);
#5934 = CARTESIAN_POINT('',(0.,0.));
#5935 = VECTOR('',#5936,1.);
#5936 = DIRECTION('',(1.,0.));
#5937 = ( GEOMETRIC_REPRESENTATION_CONTEXT(2) 
PARAMETRIC_REPRESENTATION_CONTEXT() REPRESENTATION_CONTEXT('2D SPACE',''
  ) );
#5938 = ORIENTED_EDGE('',*,*,#5867,.T.);
#5939 = ADVANCED_FACE('',(#5940),#3594,.T.);
#5940 = FACE_BOUND('',#5941,.T.);
#5941 = EDGE_LOOP('',(#5942,#5965,#5993,#6014));
#5942 = ORIENTED_EDGE('',*,*,#5943,.F.);
#5943 = EDGE_CURVE('',#5944,#3578,#5946,.T.);
#5944 = VERTEX_POINT('',#5945);
#5945 = CARTESIAN_POINT('',(32.389235431587,20.506049726633,
    32.950265770915));
#5946 = SURFACE_CURVE('',#5947,(#5951,#5958),.PCURVE_S1.);
#5947 = LINE('',#5948,#5949);
#5948 = CARTESIAN_POINT('',(32.389235431587,20.506049726633,
    32.950265770915));
#5949 = VECTOR('',#5950,1.);
#5950 = DIRECTION('',(0.,0.,1.));
#5951 = PCURVE('',#3594,#5952);
#5952 = DEFINITIONAL_REPRESENTATION('',(#5953),#5957);
#5953 = LINE('',#5954,#5955);
#5954 = CARTESIAN_POINT('',(0.,1.777839273709));
#5955 = VECTOR('',#5956,1.);
#5956 = DIRECTION('',(1.,0.));
#5957 = ( GEOMETRIC_REPRESENTATION_CONTEXT(2) 
PARAMETRIC_REPRESENTATION_CONTEXT() REPRESENTATION_CONTEXT('2D SPACE',''
  ) );
#5958 = PCURVE('',#3670,#5959);
#5959 = DEFINITIONAL_REPRESENTATION('',(#5960),#5964);
#5960 = LINE('',#5961,#5962);
#5961 = CARTESIAN_POINT('',(0.,0.));
#5962 = VECTOR('',#5963,1.);
#5963 = DIRECTION('',(1.,0.));
#5964 = ( GEOMETRIC_REPRESENTATION_CONTEXT(2) 
PARAMETRIC_REPRESENTATION_CONTEXT() REPRESENTATION_CONTEXT('2D SPACE',''
  ) );
#5965 = ORIENTED_EDGE('',*,*,#5966,.F.);
#5966 = EDGE_CURVE('',#5967,#5944,#5969,.T.);
#5967 = VERTEX_POINT('',#5968);
#5968 = CARTESIAN_POINT('',(30.611396157878,20.506049726633,
    32.950265770915));
#5969 = SURFACE_CURVE('',#5970,(#5974,#5981),.PCURVE_S1.);
#5970 = LINE('',#5971,#5972);
#5971 = CARTESIAN_POINT('',(30.611396157878,20.506049726633,
    32.950265770915));
#5972 = VECTOR('',#5973,1.);
#5973 = DIRECTION('',(1.,0.,0.));
#5974 = PCURVE('',#3594,#5975);
#5975 = DEFINITIONAL_REPRESENTATION('',(#5976),#5980);
#5976 = LINE('',#5977,#5978);
#5977 = CARTESIAN_POINT('',(0.,0.));
#5978 = VECTOR('',#5979,1.);
#5979 = DIRECTION('',(0.,1.));
#5980 = ( GEOMETRIC_REPRESENTATION_CONTEXT(2) 
PARAMETRIC_REPRESENTATION_CONTEXT() REPRESENTATION_CONTEXT('2D SPACE',''
  ) );
#5981 = PCURVE('',#5982,#5987);
#5982 = PLANE('',#5983);
#5983 = AXIS2_PLACEMENT_3D('',#5984,#5985,#5986);
#5984 = CARTESIAN_POINT('',(30.611396157878,20.506049726633,
    32.950265770915));
#5985 = DIRECTION('',(0.,0.,1.));
#5986 = DIRECTION('',(1.,0.,0.));
#5987 = DEFINITIONAL_REPRESENTATION('',(#5988),#5992);
#5988 = LINE('',#5989,#5990);
#5989 = CARTESIAN_POINT('',(0.,0.));
#5990 = VECTOR('',#5991,1.);
#5991 = DIRECTION('',(1.,0.));
#5992 = ( GEOMETRIC_REPRESENTATION_CONTEXT(2) 
PARAMETRIC_REPRESENTATION_CONTEXT() REPRESENTATION_CONTEXT('2D SPACE',''
  ) );
#5993 = ORIENTED_EDGE('',*,*,#5994,.T.);
#5994 = EDGE_CURVE('',#5967,#3580,#5995,.T.);
#5995 = SURFACE_CURVE('',#5996,(#6000,#6007),.PCURVE_S1.);
#5996 = LINE('',#5997,#5998);
#5997 = CARTESIAN_POINT('',(30.611396157878,20.506049726633,
    32.950265770915));
#5998 = VECTOR('',#5999,1.);
#5999 = DIRECTION('',(0.,0.,1.));
#6000 = PCURVE('',#3594,#6001);
#6001 = DEFINITIONAL_REPRESENTATION('',(#6002),#6006);
#6002 = LINE('',#6003,#6004);
#6003 = CARTESIAN_POINT('',(0.,0.));
#6004 = VECTOR('',#6005,1.);
#6005 = DIRECTION('',(1.,0.));
#6006 = ( GEOMETRIC_REPRESENTATION_CONTEXT(2) 
PARAMETRIC_REPRESENTATION_CONTEXT() REPRESENTATION_CONTEXT('2D SPACE',''
  ) );
#6007 = PCURVE('',#3620,#6008);
#6008 = DEFINITIONAL_REPRESENTATION('',(#6009),#6013);
#6009 = LINE('',#6010,#6011);
#6010 = CARTESIAN_POINT('',(0.,0.));
#6011 = VECTOR('',#6012,1.);
#6012 = DIRECTION('',(1.,0.));
#6013 = ( GEOMETRIC_REPRESENTATION_CONTEXT(2) 
PARAMETRIC_REPRESENTATION_CONTEXT() REPRESENTATION_CONTEXT('2D SPACE',''
  ) );
#6014 = ORIENTED_EDGE('',*,*,#3577,.F.);
#6015 = ADVANCED_FACE('',(#6016),#3670,.F.);
#6016 = FACE_BOUND('',#6017,.F.);
#6017 = EDGE_LOOP('',(#6018,#6019,#6042,#6063));
#6018 = ORIENTED_EDGE('',*,*,#5943,.F.);
#6019 = ORIENTED_EDGE('',*,*,#6020,.T.);
#6020 = EDGE_CURVE('',#5944,#6021,#6023,.T.);
#6021 = VERTEX_POINT('',#6022);
#6022 = CARTESIAN_POINT('',(32.389235431587,23.859048360929,
    32.950265770915));
#6023 = SURFACE_CURVE('',#6024,(#6028,#6035),.PCURVE_S1.);
#6024 = LINE('',#6025,#6026);
#6025 = CARTESIAN_POINT('',(32.389235431587,20.506049726633,
    32.950265770915));
#6026 = VECTOR('',#6027,1.);
#6027 = DIRECTION('',(0.,1.,0.));
#6028 = PCURVE('',#3670,#6029);
#6029 = DEFINITIONAL_REPRESENTATION('',(#6030),#6034);
#6030 = LINE('',#6031,#6032);
#6031 = CARTESIAN_POINT('',(0.,0.));
#6032 = VECTOR('',#6033,1.);
#6033 = DIRECTION('',(0.,-1.));
#6034 = ( GEOMETRIC_REPRESENTATION_CONTEXT(2) 
PARAMETRIC_REPRESENTATION_CONTEXT() REPRESENTATION_CONTEXT('2D SPACE',''
  ) );
#6035 = PCURVE('',#5982,#6036);
#6036 = DEFINITIONAL_REPRESENTATION('',(#6037),#6041);
#6037 = LINE('',#6038,#6039);
#6038 = CARTESIAN_POINT('',(1.777839273709,0.));
#6039 = VECTOR('',#6040,1.);
#6040 = DIRECTION('',(0.,1.));
#6041 = ( GEOMETRIC_REPRESENTATION_CONTEXT(2) 
PARAMETRIC_REPRESENTATION_CONTEXT() REPRESENTATION_CONTEXT('2D SPACE',''
  ) );
#6042 = ORIENTED_EDGE('',*,*,#6043,.T.);
#6043 = EDGE_CURVE('',#6021,#3632,#6044,.T.);
#6044 = SURFACE_CURVE('',#6045,(#6049,#6056),.PCURVE_S1.);
#6045 = LINE('',#6046,#6047);
#6046 = CARTESIAN_POINT('',(32.389235431587,23.859048360929,
    32.950265770915));
#6047 = VECTOR('',#6048,1.);
#6048 = DIRECTION('',(0.,0.,1.));
#6049 = PCURVE('',#3670,#6050);
#6050 = DEFINITIONAL_REPRESENTATION('',(#6051),#6055);
#6051 = LINE('',#6052,#6053);
#6052 = CARTESIAN_POINT('',(0.,-3.352998634296));
#6053 = VECTOR('',#6054,1.);
#6054 = DIRECTION('',(1.,0.));
#6055 = ( GEOMETRIC_REPRESENTATION_CONTEXT(2) 
PARAMETRIC_REPRESENTATION_CONTEXT() REPRESENTATION_CONTEXT('2D SPACE',''
  ) );
#6056 = PCURVE('',#3646,#6057);
#6057 = DEFINITIONAL_REPRESENTATION('',(#6058),#6062);
#6058 = LINE('',#6059,#6060);
#6059 = CARTESIAN_POINT('',(0.,1.777839273709));
#6060 = VECTOR('',#6061,1.);
#6061 = DIRECTION('',(1.,0.));
#6062 = ( GEOMETRIC_REPRESENTATION_CONTEXT(2) 
PARAMETRIC_REPRESENTATION_CONTEXT() REPRESENTATION_CONTEXT('2D SPACE',''
  ) );
#6063 = ORIENTED_EDGE('',*,*,#3657,.F.);
#6064 = ADVANCED_FACE('',(#6065),#3646,.F.);
#6065 = FACE_BOUND('',#6066,.F.);
#6066 = EDGE_LOOP('',(#6067,#6068,#6091,#6112));
#6067 = ORIENTED_EDGE('',*,*,#6043,.F.);
#6068 = ORIENTED_EDGE('',*,*,#6069,.F.);
#6069 = EDGE_CURVE('',#6070,#6021,#6072,.T.);
#6070 = VERTEX_POINT('',#6071);
#6071 = CARTESIAN_POINT('',(30.611396157878,23.859048360929,
    32.950265770915));
#6072 = SURFACE_CURVE('',#6073,(#6077,#6084),.PCURVE_S1.);
#6073 = LINE('',#6074,#6075);
#6074 = CARTESIAN_POINT('',(30.611396157878,23.859048360929,
    32.950265770915));
#6075 = VECTOR('',#6076,1.);
#6076 = DIRECTION('',(1.,0.,0.));
#6077 = PCURVE('',#3646,#6078);
#6078 = DEFINITIONAL_REPRESENTATION('',(#6079),#6083);
#6079 = LINE('',#6080,#6081);
#6080 = CARTESIAN_POINT('',(0.,0.));
#6081 = VECTOR('',#6082,1.);
#6082 = DIRECTION('',(0.,1.));
#6083 = ( GEOMETRIC_REPRESENTATION_CONTEXT(2) 
PARAMETRIC_REPRESENTATION_CONTEXT() REPRESENTATION_CONTEXT('2D SPACE',''
  ) );
#6084 = PCURVE('',#5982,#6085);
#6085 = DEFINITIONAL_REPRESENTATION('',(#6086),#6090);
#6086 = LINE('',#6087,#6088);
#6087 = CARTESIAN_POINT('',(0.,3.352998634296));
#6088 = VECTOR('',#6089,1.);
#6089 = DIRECTION('',(1.,0.));
#6090 = ( GEOMETRIC_REPRESENTATION_CONTEXT(2) 
PARAMETRIC_REPRESENTATION_CONTEXT() REPRESENTATION_CONTEXT('2D SPACE',''
  ) );
#6091 = ORIENTED_EDGE('',*,*,#6092,.T.);
#6092 = EDGE_CURVE('',#6070,#3606,#6093,.T.);
#6093 = SURFACE_CURVE('',#6094,(#6098,#6105),.PCURVE_S1.);
#6094 = LINE('',#6095,#6096);
#6095 = CARTESIAN_POINT('',(30.611396157878,23.859048360929,
    32.950265770915));
#6096 = VECTOR('',#6097,1.);
#6097 = DIRECTION('',(0.,0.,1.));
#6098 = PCURVE('',#3646,#6099);
#6099 = DEFINITIONAL_REPRESENTATION('',(#6100),#6104);
#6100 = LINE('',#6101,#6102);
#6101 = CARTESIAN_POINT('',(0.,0.));
#6102 = VECTOR('',#6103,1.);
#6103 = DIRECTION('',(1.,0.));
#6104 = ( GEOMETRIC_REPRESENTATION_CONTEXT(2) 
PARAMETRIC_REPRESENTATION_CONTEXT() REPRESENTATION_CONTEXT('2D SPACE',''
  ) );
#6105 = PCURVE('',#3620,#6106);
#6106 = DEFINITIONAL_REPRESENTATION('',(#6107),#6111);
#6107 = LINE('',#6108,#6109);
#6108 = CARTESIAN_POINT('',(0.,-3.352998634296));
#6109 = VECTOR('',#6110,1.);
#6110 = DIRECTION('',(1.,0.));
#6111 = ( GEOMETRIC_REPRESENTATION_CONTEXT(2) 
PARAMETRIC_REPRESENTATION_CONTEXT() REPRESENTATION_CONTEXT('2D SPACE',''
  ) );
#6112 = ORIENTED_EDGE('',*,*,#3631,.F.);
#6113 = ADVANCED_FACE('',(#6114),#3620,.T.);
#6114 = FACE_BOUND('',#6115,.T.);
#6115 = EDGE_LOOP('',(#6116,#6117,#6138,#6139));
#6116 = ORIENTED_EDGE('',*,*,#5994,.F.);
#6117 = ORIENTED_EDGE('',*,*,#6118,.T.);
#6118 = EDGE_CURVE('',#5967,#6070,#6119,.T.);
#6119 = SURFACE_CURVE('',#6120,(#6124,#6131),.PCURVE_S1.);
#6120 = LINE('',#6121,#6122);
#6121 = CARTESIAN_POINT('',(30.611396157878,20.506049726633,
    32.950265770915));
#6122 = VECTOR('',#6123,1.);
#6123 = DIRECTION('',(0.,1.,0.));
#6124 = PCURVE('',#3620,#6125);
#6125 = DEFINITIONAL_REPRESENTATION('',(#6126),#6130);
#6126 = LINE('',#6127,#6128);
#6127 = CARTESIAN_POINT('',(0.,0.));
#6128 = VECTOR('',#6129,1.);
#6129 = DIRECTION('',(0.,-1.));
#6130 = ( GEOMETRIC_REPRESENTATION_CONTEXT(2) 
PARAMETRIC_REPRESENTATION_CONTEXT() REPRESENTATION_CONTEXT('2D SPACE',''
  ) );
#6131 = PCURVE('',#5982,#6132);
#6132 = DEFINITIONAL_REPRESENTATION('',(#6133),#6137);
#6133 = LINE('',#6134,#6135);
#6134 = CARTESIAN_POINT('',(0.,0.));
#6135 = VECTOR('',#6136,1.);
#6136 = DIRECTION('',(0.,1.));
#6137 = ( GEOMETRIC_REPRESENTATION_CONTEXT(2) 
PARAMETRIC_REPRESENTATION_CONTEXT() REPRESENTATION_CONTEXT('2D SPACE',''
  ) );
#6138 = ORIENTED_EDGE('',*,*,#6092,.T.);
#6139 = ORIENTED_EDGE('',*,*,#3605,.F.);
#6140 = ADVANCED_FACE('',(#6141),#3774,.T.);
#6141 = FACE_BOUND('',#6142,.T.);
#6142 = EDGE_LOOP('',(#6143,#6144,#6165,#6184));
#6143 = ORIENTED_EDGE('',*,*,#3759,.T.);
#6144 = ORIENTED_EDGE('',*,*,#6145,.T.);
#6145 = EDGE_CURVE('',#3734,#6146,#6148,.T.);
#6146 = VERTEX_POINT('',#6147);
#6147 = CARTESIAN_POINT('',(45.,35.,20.440354476053));
#6148 = SURFACE_CURVE('',#6149,(#6153,#6159),.PCURVE_S1.);
#6149 = LINE('',#6150,#6151);
#6150 = CARTESIAN_POINT('',(45.,25.590992924492,20.440354476053));
#6151 = VECTOR('',#6152,1.);
#6152 = DIRECTION('',(-0.,1.,0.));
#6153 = PCURVE('',#3774,#6154);
#6154 = DEFINITIONAL_REPRESENTATION('',(#6155),#6158);
#6155 = B_SPLINE_CURVE_WITH_KNOTS('',1,(#6156,#6157),.UNSPECIFIED.,.F.,
  .F.,(2,2),(1.409007075508,9.409007075508),.PIECEWISE_BEZIER_KNOTS.);
#6156 = CARTESIAN_POINT('',(20.788814755236,0.818014151016));
#6157 = CARTESIAN_POINT('',(20.788814755236,8.818014151016));
#6158 = ( GEOMETRIC_REPRESENTATION_CONTEXT(2) 
PARAMETRIC_REPRESENTATION_CONTEXT() REPRESENTATION_CONTEXT('2D SPACE',''
  ) );
#6159 = PCURVE('',#3748,#6160);
#6160 = DEFINITIONAL_REPRESENTATION('',(#6161),#6164);
#6161 = B_SPLINE_CURVE_WITH_KNOTS('',1,(#6162,#6163),.UNSPECIFIED.,.F.,
  .F.,(2,2),(1.409007075508,9.409007075508),.PIECEWISE_BEZIER_KNOTS.);
#6162 = CARTESIAN_POINT('',(10.440354476053,-2.));
#6163 = CARTESIAN_POINT('',(10.440354476053,-10.));
#6164 = ( GEOMETRIC_REPRESENTATION_CONTEXT(2) 
PARAMETRIC_REPRESENTATION_CONTEXT() REPRESENTATION_CONTEXT('2D SPACE',''
  ) );
#6165 = ORIENTED_EDGE('',*,*,#6166,.T.);
#6166 = EDGE_CURVE('',#6146,#4948,#6167,.T.);
#6167 = SURFACE_CURVE('',#6168,(#6172,#6178),.PCURVE_S1.);
#6168 = LINE('',#6169,#6170);
#6169 = CARTESIAN_POINT('',(17.105592622382,35.,20.440354476053));
#6170 = VECTOR('',#6171,1.);
#6171 = DIRECTION('',(-1.,-0.,0.));
#6172 = PCURVE('',#3774,#6173);
#6173 = DEFINITIONAL_REPRESENTATION('',(#6174),#6177);
#6174 = B_SPLINE_CURVE_WITH_KNOTS('',1,(#6175,#6176),.UNSPECIFIED.,.F.,
  .F.,(2,2),(-29.94679830891,-7.105592622382),.PIECEWISE_BEZIER_KNOTS.);
#6175 = CARTESIAN_POINT('',(22.841205686535,8.818014151016));
#6176 = CARTESIAN_POINT('',(0.,8.818014151016));
#6177 = ( GEOMETRIC_REPRESENTATION_CONTEXT(2) 
PARAMETRIC_REPRESENTATION_CONTEXT() REPRESENTATION_CONTEXT('2D SPACE',''
  ) );
#6178 = PCURVE('',#4962,#6179);
#6179 = DEFINITIONAL_REPRESENTATION('',(#6180),#6183);
#6180 = B_SPLINE_CURVE_WITH_KNOTS('',1,(#6181,#6182),.UNSPECIFIED.,.F.,
  .F.,(2,2),(-29.94679830891,-7.105592622382),.PIECEWISE_BEZIER_KNOTS.);
#6181 = CARTESIAN_POINT('',(20.440354476053,37.052390931299));
#6182 = CARTESIAN_POINT('',(20.440354476053,14.211185244764));
#6183 = ( GEOMETRIC_REPRESENTATION_CONTEXT(2) 
PARAMETRIC_REPRESENTATION_CONTEXT() REPRESENTATION_CONTEXT('2D SPACE',''
  ) );
#6184 = ORIENTED_EDGE('',*,*,#4973,.F.);
#6185 = ADVANCED_FACE('',(#6186),#3748,.T.);
#6186 = FACE_BOUND('',#6187,.T.);
#6187 = EDGE_LOOP('',(#6188,#6209,#6210,#6231,#6252,#6253));
#6188 = ORIENTED_EDGE('',*,*,#6189,.F.);
#6189 = EDGE_CURVE('',#4452,#3708,#6190,.T.);
#6190 = SURFACE_CURVE('',#6191,(#6195,#6202),.PCURVE_S1.);
#6191 = LINE('',#6192,#6193);
#6192 = CARTESIAN_POINT('',(45.,25.,45.));
#6193 = VECTOR('',#6194,1.);
#6194 = DIRECTION('',(-0.,1.,0.));
#6195 = PCURVE('',#3748,#6196);
#6196 = DEFINITIONAL_REPRESENTATION('',(#6197),#6201);
#6197 = LINE('',#6198,#6199);
#6198 = CARTESIAN_POINT('',(35.,0.));
#6199 = VECTOR('',#6200,1.);
#6200 = DIRECTION('',(0.,-1.));
#6201 = ( GEOMETRIC_REPRESENTATION_CONTEXT(2) 
PARAMETRIC_REPRESENTATION_CONTEXT() REPRESENTATION_CONTEXT('2D SPACE',''
  ) );
#6202 = PCURVE('',#3722,#6203);
#6203 = DEFINITIONAL_REPRESENTATION('',(#6204),#6208);
#6204 = LINE('',#6205,#6206);
#6205 = CARTESIAN_POINT('',(0.,0.));
#6206 = VECTOR('',#6207,1.);
#6207 = DIRECTION('',(0.,1.));
#6208 = ( GEOMETRIC_REPRESENTATION_CONTEXT(2) 
PARAMETRIC_REPRESENTATION_CONTEXT() REPRESENTATION_CONTEXT('2D SPACE',''
  ) );
#6209 = ORIENTED_EDGE('',*,*,#4574,.T.);
#6210 = ORIENTED_EDGE('',*,*,#6211,.T.);
#6211 = EDGE_CURVE('',#4546,#6212,#6214,.T.);
#6212 = VERTEX_POINT('',#6213);
#6213 = CARTESIAN_POINT('',(45.,35.,15.));
#6214 = SURFACE_CURVE('',#6215,(#6219,#6225),.PCURVE_S1.);
#6215 = LINE('',#6216,#6217);
#6216 = CARTESIAN_POINT('',(45.,25.,15.));
#6217 = VECTOR('',#6218,1.);
#6218 = DIRECTION('',(-0.,1.,0.));
#6219 = PCURVE('',#3748,#6220);
#6220 = DEFINITIONAL_REPRESENTATION('',(#6221),#6224);
#6221 = B_SPLINE_CURVE_WITH_KNOTS('',1,(#6222,#6223),.UNSPECIFIED.,.F.,
  .F.,(2,2),(0.,10.),.PIECEWISE_BEZIER_KNOTS.);
#6222 = CARTESIAN_POINT('',(5.,0.));
#6223 = CARTESIAN_POINT('',(5.,-10.));
#6224 = ( GEOMETRIC_REPRESENTATION_CONTEXT(2) 
PARAMETRIC_REPRESENTATION_CONTEXT() REPRESENTATION_CONTEXT('2D SPACE',''
  ) );
#6225 = PCURVE('',#4560,#6226);
#6226 = DEFINITIONAL_REPRESENTATION('',(#6227),#6230);
#6227 = B_SPLINE_CURVE_WITH_KNOTS('',1,(#6228,#6229),.UNSPECIFIED.,.F.,
  .F.,(2,2),(0.,10.),.PIECEWISE_BEZIER_KNOTS.);
#6228 = CARTESIAN_POINT('',(35.,0.));
#6229 = CARTESIAN_POINT('',(35.,10.));
#6230 = ( GEOMETRIC_REPRESENTATION_CONTEXT(2) 
PARAMETRIC_REPRESENTATION_CONTEXT() REPRESENTATION_CONTEXT('2D SPACE',''
  ) );
#6231 = ORIENTED_EDGE('',*,*,#6232,.T.);
#6232 = EDGE_CURVE('',#6212,#6146,#6233,.T.);
#6233 = SURFACE_CURVE('',#6234,(#6238,#6245),.PCURVE_S1.);
#6234 = LINE('',#6235,#6236);
#6235 = CARTESIAN_POINT('',(45.,35.,10.));
#6236 = VECTOR('',#6237,1.);
#6237 = DIRECTION('',(0.,0.,1.));
#6238 = PCURVE('',#3748,#6239);
#6239 = DEFINITIONAL_REPRESENTATION('',(#6240),#6244);
#6240 = LINE('',#6241,#6242);
#6241 = CARTESIAN_POINT('',(0.,-10.));
#6242 = VECTOR('',#6243,1.);
#6243 = DIRECTION('',(1.,0.));
#6244 = ( GEOMETRIC_REPRESENTATION_CONTEXT(2) 
PARAMETRIC_REPRESENTATION_CONTEXT() REPRESENTATION_CONTEXT('2D SPACE',''
  ) );
#6245 = PCURVE('',#4962,#6246);
#6246 = DEFINITIONAL_REPRESENTATION('',(#6247),#6251);
#6247 = LINE('',#6248,#6249);
#6248 = CARTESIAN_POINT('',(10.,35.));
#6249 = VECTOR('',#6250,1.);
#6250 = DIRECTION('',(1.,0.));
#6251 = ( GEOMETRIC_REPRESENTATION_CONTEXT(2) 
PARAMETRIC_REPRESENTATION_CONTEXT() REPRESENTATION_CONTEXT('2D SPACE',''
  ) );
#6252 = ORIENTED_EDGE('',*,*,#6145,.F.);
#6253 = ORIENTED_EDGE('',*,*,#3733,.F.);
#6254 = ADVANCED_FACE('',(#6255),#3722,.F.);
#6255 = FACE_BOUND('',#6256,.F.);
#6256 = EDGE_LOOP('',(#6257,#6258,#6279,#6280));
#6257 = ORIENTED_EDGE('',*,*,#6189,.F.);
#6258 = ORIENTED_EDGE('',*,*,#6259,.T.);
#6259 = EDGE_CURVE('',#4452,#4499,#6260,.T.);
#6260 = SURFACE_CURVE('',#6261,(#6265,#6272),.PCURVE_S1.);
#6261 = LINE('',#6262,#6263);
#6262 = CARTESIAN_POINT('',(35.,27.,45.));
#6263 = VECTOR('',#6264,1.);
#6264 = DIRECTION('',(1.,0.,-0.));
#6265 = PCURVE('',#3722,#6266);
#6266 = DEFINITIONAL_REPRESENTATION('',(#6267),#6271);
#6267 = LINE('',#6268,#6269);
#6268 = CARTESIAN_POINT('',(-10.,2.));
#6269 = VECTOR('',#6270,1.);
#6270 = DIRECTION('',(1.,0.));
#6271 = ( GEOMETRIC_REPRESENTATION_CONTEXT(2) 
PARAMETRIC_REPRESENTATION_CONTEXT() REPRESENTATION_CONTEXT('2D SPACE',''
  ) );
#6272 = PCURVE('',#4439,#6273);
#6273 = DEFINITIONAL_REPRESENTATION('',(#6274),#6278);
#6274 = LINE('',#6275,#6276);
#6275 = CARTESIAN_POINT('',(0.,27.));
#6276 = VECTOR('',#6277,1.);
#6277 = DIRECTION('',(1.,0.));
#6278 = ( GEOMETRIC_REPRESENTATION_CONTEXT(2) 
PARAMETRIC_REPRESENTATION_CONTEXT() REPRESENTATION_CONTEXT('2D SPACE',''
  ) );
#6279 = ORIENTED_EDGE('',*,*,#4498,.F.);
#6280 = ORIENTED_EDGE('',*,*,#3707,.F.);
#6281 = ADVANCED_FACE('',(#6282),#3868,.T.);
#6282 = FACE_BOUND('',#6283,.T.);
#6283 = EDGE_LOOP('',(#6284,#6303,#6304,#6305));
#6284 = ORIENTED_EDGE('',*,*,#6285,.F.);
#6285 = EDGE_CURVE('',#4779,#4881,#6286,.T.);
#6286 = SURFACE_CURVE('',#6287,(#6291,#6297),.PCURVE_S1.);
#6287 = LINE('',#6288,#6289);
#6288 = CARTESIAN_POINT('',(12.829873975013,52.056830649357,35.));
#6289 = VECTOR('',#6290,1.);
#6290 = DIRECTION('',(1.,0.,-0.));
#6291 = PCURVE('',#3868,#6292);
#6292 = DEFINITIONAL_REPRESENTATION('',(#6293),#6296);
#6293 = B_SPLINE_CURVE_WITH_KNOTS('',1,(#6294,#6295),.UNSPECIFIED.,.F.,
  .F.,(2,2),(2.829873975013,15.29957929189),.PIECEWISE_BEZIER_KNOTS.);
#6294 = CARTESIAN_POINT('',(40.126127856214,0.));
#6295 = CARTESIAN_POINT('',(40.126127856214,12.469705316877));
#6296 = ( GEOMETRIC_REPRESENTATION_CONTEXT(2) 
PARAMETRIC_REPRESENTATION_CONTEXT() REPRESENTATION_CONTEXT('2D SPACE',''
  ) );
#6297 = PCURVE('',#4793,#6298);
#6298 = DEFINITIONAL_REPRESENTATION('',(#6299),#6302);
#6299 = B_SPLINE_CURVE_WITH_KNOTS('',1,(#6300,#6301),.UNSPECIFIED.,.F.,
  .F.,(2,2),(2.829873975013,15.29957929189),.PIECEWISE_BEZIER_KNOTS.);
#6300 = CARTESIAN_POINT('',(5.659747950026,17.056830649357));
#6301 = CARTESIAN_POINT('',(18.129453266904,17.056830649357));
#6302 = ( GEOMETRIC_REPRESENTATION_CONTEXT(2) 
PARAMETRIC_REPRESENTATION_CONTEXT() REPRESENTATION_CONTEXT('2D SPACE',''
  ) );
#6303 = ORIENTED_EDGE('',*,*,#4804,.T.);
#6304 = ORIENTED_EDGE('',*,*,#3850,.T.);
#6305 = ORIENTED_EDGE('',*,*,#4901,.F.);
#6306 = ADVANCED_FACE('',(#6307),#3944,.T.);
#6307 = FACE_BOUND('',#6308,.T.);
#6308 = EDGE_LOOP('',(#6309,#6332,#6353,#6374));
#6309 = ORIENTED_EDGE('',*,*,#6310,.F.);
#6310 = EDGE_CURVE('',#6311,#3928,#6313,.T.);
#6311 = VERTEX_POINT('',#6312);
#6312 = CARTESIAN_POINT('',(22.228959715543,39.592316140422,35.));
#6313 = SURFACE_CURVE('',#6314,(#6318,#6325),.PCURVE_S1.);
#6314 = LINE('',#6315,#6316);
#6315 = CARTESIAN_POINT('',(22.228959715543,39.592316140422,
    23.358402472173));
#6316 = VECTOR('',#6317,1.);
#6317 = DIRECTION('',(0.,0.,1.));
#6318 = PCURVE('',#3944,#6319);
#6319 = DEFINITIONAL_REPRESENTATION('',(#6320),#6324);
#6320 = LINE('',#6321,#6322);
#6321 = CARTESIAN_POINT('',(0.,0.));
#6322 = VECTOR('',#6323,1.);
#6323 = DIRECTION('',(1.,0.));
#6324 = ( GEOMETRIC_REPRESENTATION_CONTEXT(2) 
PARAMETRIC_REPRESENTATION_CONTEXT() REPRESENTATION_CONTEXT('2D SPACE',''
  ) );
#6325 = PCURVE('',#4280,#6326);
#6326 = DEFINITIONAL_REPRESENTATION('',(#6327),#6331);
#6327 = LINE('',#6328,#6329);
#6328 = CARTESIAN_POINT('',(0.,0.));
#6329 = VECTOR('',#6330,1.);
#6330 = DIRECTION('',(1.,0.));
#6331 = ( GEOMETRIC_REPRESENTATION_CONTEXT(2) 
PARAMETRIC_REPRESENTATION_CONTEXT() REPRESENTATION_CONTEXT('2D SPACE',''
  ) );
#6332 = ORIENTED_EDGE('',*,*,#6333,.F.);
#6333 = EDGE_CURVE('',#6334,#6311,#6336,.T.);
#6334 = VERTEX_POINT('',#6335);
#6335 = CARTESIAN_POINT('',(22.228959715543,49.138735340932,35.));
#6336 = SURFACE_CURVE('',#6337,(#6341,#6347),.PCURVE_S1.);
#6337 = LINE('',#6338,#6339);
#6338 = CARTESIAN_POINT('',(22.228959715543,37.296158070211,35.));
#6339 = VECTOR('',#6340,1.);
#6340 = DIRECTION('',(0.,-1.,0.));
#6341 = PCURVE('',#3944,#6342);
#6342 = DEFINITIONAL_REPRESENTATION('',(#6343),#6346);
#6343 = B_SPLINE_CURVE_WITH_KNOTS('',1,(#6344,#6345),.UNSPECIFIED.,.F.,
  .F.,(2,2),(-11.89949271718,-2.296158070211),.PIECEWISE_BEZIER_KNOTS.);
#6344 = CARTESIAN_POINT('',(11.641597527827,-9.60333464697));
#6345 = CARTESIAN_POINT('',(11.641597527827,0.));
#6346 = ( GEOMETRIC_REPRESENTATION_CONTEXT(2) 
PARAMETRIC_REPRESENTATION_CONTEXT() REPRESENTATION_CONTEXT('2D SPACE',''
  ) );
#6347 = PCURVE('',#4793,#6348);
#6348 = DEFINITIONAL_REPRESENTATION('',(#6349),#6352);
#6349 = B_SPLINE_CURVE_WITH_KNOTS('',1,(#6350,#6351),.UNSPECIFIED.,.F.,
  .F.,(2,2),(-11.89949271718,-2.296158070211),.PIECEWISE_BEZIER_KNOTS.);
#6350 = CARTESIAN_POINT('',(12.228959715543,14.195650787391));
#6351 = CARTESIAN_POINT('',(12.228959715543,4.592316140422));
#6352 = ( GEOMETRIC_REPRESENTATION_CONTEXT(2) 
PARAMETRIC_REPRESENTATION_CONTEXT() REPRESENTATION_CONTEXT('2D SPACE',''
  ) );
#6353 = ORIENTED_EDGE('',*,*,#6354,.F.);
#6354 = EDGE_CURVE('',#3930,#6334,#6355,.T.);
#6355 = SURFACE_CURVE('',#6356,(#6360,#6367),.PCURVE_S1.);
#6356 = LINE('',#6357,#6358);
#6357 = CARTESIAN_POINT('',(22.228959715543,49.138735340932,
    24.54956994436));
#6358 = VECTOR('',#6359,1.);
#6359 = DIRECTION('',(0.,0.,-1.));
#6360 = PCURVE('',#3944,#6361);
#6361 = DEFINITIONAL_REPRESENTATION('',(#6362),#6366);
#6362 = LINE('',#6363,#6364);
#6363 = CARTESIAN_POINT('',(1.191167472187,-9.54641920051));
#6364 = VECTOR('',#6365,1.);
#6365 = DIRECTION('',(-1.,0.));
#6366 = ( GEOMETRIC_REPRESENTATION_CONTEXT(2) 
PARAMETRIC_REPRESENTATION_CONTEXT() REPRESENTATION_CONTEXT('2D SPACE',''
  ) );
#6367 = PCURVE('',#3970,#6368);
#6368 = DEFINITIONAL_REPRESENTATION('',(#6369),#6373);
#6369 = LINE('',#6370,#6371);
#6370 = CARTESIAN_POINT('',(-1.191167472187,2.731675372696));
#6371 = VECTOR('',#6372,1.);
#6372 = DIRECTION('',(-1.,0.));
#6373 = ( GEOMETRIC_REPRESENTATION_CONTEXT(2) 
PARAMETRIC_REPRESENTATION_CONTEXT() REPRESENTATION_CONTEXT('2D SPACE',''
  ) );
#6374 = ORIENTED_EDGE('',*,*,#3927,.F.);
#6375 = ADVANCED_FACE('',(#6376),#4280,.T.);
#6376 = FACE_BOUND('',#6377,.T.);
#6377 = EDGE_LOOP('',(#6378,#6401,#6420,#6421));
#6378 = ORIENTED_EDGE('',*,*,#6379,.F.);
#6379 = EDGE_CURVE('',#6380,#4242,#6382,.T.);
#6380 = VERTEX_POINT('',#6381);
#6381 = CARTESIAN_POINT('',(23.34659200854,39.592316140422,35.));
#6382 = SURFACE_CURVE('',#6383,(#6387,#6394),.PCURVE_S1.);
#6383 = LINE('',#6384,#6385);
#6384 = CARTESIAN_POINT('',(23.34659200854,39.592316140422,
    23.358402472173));
#6385 = VECTOR('',#6386,1.);
#6386 = DIRECTION('',(0.,0.,1.));
#6387 = PCURVE('',#4280,#6388);
#6388 = DEFINITIONAL_REPRESENTATION('',(#6389),#6393);
#6389 = LINE('',#6390,#6391);
#6390 = CARTESIAN_POINT('',(0.,1.117632292998));
#6391 = VECTOR('',#6392,1.);
#6392 = DIRECTION('',(1.,0.));
#6393 = ( GEOMETRIC_REPRESENTATION_CONTEXT(2) 
PARAMETRIC_REPRESENTATION_CONTEXT() REPRESENTATION_CONTEXT('2D SPACE',''
  ) );
#6394 = PCURVE('',#4256,#6395);
#6395 = DEFINITIONAL_REPRESENTATION('',(#6396),#6400);
#6396 = LINE('',#6397,#6398);
#6397 = CARTESIAN_POINT('',(0.,0.));
#6398 = VECTOR('',#6399,1.);
#6399 = DIRECTION('',(1.,0.));
#6400 = ( GEOMETRIC_REPRESENTATION_CONTEXT(2) 
PARAMETRIC_REPRESENTATION_CONTEXT() REPRESENTATION_CONTEXT('2D SPACE',''
  ) );
#6401 = ORIENTED_EDGE('',*,*,#6402,.F.);
#6402 = EDGE_CURVE('',#6311,#6380,#6403,.T.);
#6403 = SURFACE_CURVE('',#6404,(#6408,#6414),.PCURVE_S1.);
#6404 = LINE('',#6405,#6406);
#6405 = CARTESIAN_POINT('',(16.114479857771,39.592316140422,35.));
#6406 = VECTOR('',#6407,1.);
#6407 = DIRECTION('',(1.,0.,0.));
#6408 = PCURVE('',#4280,#6409);
#6409 = DEFINITIONAL_REPRESENTATION('',(#6410),#6413);
#6410 = B_SPLINE_CURVE_WITH_KNOTS('',1,(#6411,#6412),.UNSPECIFIED.,.F.,
  .F.,(2,2),(6.114479857771,7.232112150769),.PIECEWISE_BEZIER_KNOTS.);
#6411 = CARTESIAN_POINT('',(11.641597527827,0.));
#6412 = CARTESIAN_POINT('',(11.641597527827,1.117632292998));
#6413 = ( GEOMETRIC_REPRESENTATION_CONTEXT(2) 
PARAMETRIC_REPRESENTATION_CONTEXT() REPRESENTATION_CONTEXT('2D SPACE',''
  ) );
#6414 = PCURVE('',#4793,#6415);
#6415 = DEFINITIONAL_REPRESENTATION('',(#6416),#6419);
#6416 = B_SPLINE_CURVE_WITH_KNOTS('',1,(#6417,#6418),.UNSPECIFIED.,.F.,
  .F.,(2,2),(6.114479857771,7.232112150769),.PIECEWISE_BEZIER_KNOTS.);
#6417 = CARTESIAN_POINT('',(12.228959715543,4.592316140422));
#6418 = CARTESIAN_POINT('',(13.34659200854,4.592316140422));
#6419 = ( GEOMETRIC_REPRESENTATION_CONTEXT(2) 
PARAMETRIC_REPRESENTATION_CONTEXT() REPRESENTATION_CONTEXT('2D SPACE',''
  ) );
#6420 = ORIENTED_EDGE('',*,*,#6310,.T.);
#6421 = ORIENTED_EDGE('',*,*,#4267,.F.);
#6422 = ADVANCED_FACE('',(#6423),#4256,.F.);
#6423 = FACE_BOUND('',#6424,.F.);
#6424 = EDGE_LOOP('',(#6425,#6426,#6447,#6468));
#6425 = ORIENTED_EDGE('',*,*,#6379,.F.);
#6426 = ORIENTED_EDGE('',*,*,#6427,.F.);
#6427 = EDGE_CURVE('',#6428,#6380,#6430,.T.);
#6428 = VERTEX_POINT('',#6429);
#6429 = CARTESIAN_POINT('',(23.34659200854,49.138735340932,35.));
#6430 = SURFACE_CURVE('',#6431,(#6435,#6441),.PCURVE_S1.);
#6431 = LINE('',#6432,#6433);
#6432 = CARTESIAN_POINT('',(23.34659200854,37.296158070211,35.));
#6433 = VECTOR('',#6434,1.);
#6434 = DIRECTION('',(0.,-1.,0.));
#6435 = PCURVE('',#4256,#6436);
#6436 = DEFINITIONAL_REPRESENTATION('',(#6437),#6440);
#6437 = B_SPLINE_CURVE_WITH_KNOTS('',1,(#6438,#6439),.UNSPECIFIED.,.F.,
  .F.,(2,2),(-11.89949271718,-2.296158070211),.PIECEWISE_BEZIER_KNOTS.);
#6438 = CARTESIAN_POINT('',(11.641597527827,-9.60333464697));
#6439 = CARTESIAN_POINT('',(11.641597527827,0.));
#6440 = ( GEOMETRIC_REPRESENTATION_CONTEXT(2) 
PARAMETRIC_REPRESENTATION_CONTEXT() REPRESENTATION_CONTEXT('2D SPACE',''
  ) );
#6441 = PCURVE('',#4793,#6442);
#6442 = DEFINITIONAL_REPRESENTATION('',(#6443),#6446);
#6443 = B_SPLINE_CURVE_WITH_KNOTS('',1,(#6444,#6445),.UNSPECIFIED.,.F.,
  .F.,(2,2),(-11.89949271718,-2.296158070211),.PIECEWISE_BEZIER_KNOTS.);
#6444 = CARTESIAN_POINT('',(13.34659200854,14.195650787391));
#6445 = CARTESIAN_POINT('',(13.34659200854,4.592316140422));
#6446 = ( GEOMETRIC_REPRESENTATION_CONTEXT(2) 
PARAMETRIC_REPRESENTATION_CONTEXT() REPRESENTATION_CONTEXT('2D SPACE',''
  ) );
#6447 = ORIENTED_EDGE('',*,*,#6448,.F.);
#6448 = EDGE_CURVE('',#4216,#6428,#6449,.T.);
#6449 = SURFACE_CURVE('',#6450,(#6454,#6461),.PCURVE_S1.);
#6450 = LINE('',#6451,#6452);
#6451 = CARTESIAN_POINT('',(23.34659200854,49.138735340932,
    24.54956994436));
#6452 = VECTOR('',#6453,1.);
#6453 = DIRECTION('',(0.,0.,-1.));
#6454 = PCURVE('',#4256,#6455);
#6455 = DEFINITIONAL_REPRESENTATION('',(#6456),#6460);
#6456 = LINE('',#6457,#6458);
#6457 = CARTESIAN_POINT('',(1.191167472187,-9.54641920051));
#6458 = VECTOR('',#6459,1.);
#6459 = DIRECTION('',(-1.,0.));
#6460 = ( GEOMETRIC_REPRESENTATION_CONTEXT(2) 
PARAMETRIC_REPRESENTATION_CONTEXT() REPRESENTATION_CONTEXT('2D SPACE',''
  ) );
#6461 = PCURVE('',#4230,#6462);
#6462 = DEFINITIONAL_REPRESENTATION('',(#6463),#6467);
#6463 = LINE('',#6464,#6465);
#6464 = CARTESIAN_POINT('',(-1.191167472187,3.849307665694));
#6465 = VECTOR('',#6466,1.);
#6466 = DIRECTION('',(-1.,0.));
#6467 = ( GEOMETRIC_REPRESENTATION_CONTEXT(2) 
PARAMETRIC_REPRESENTATION_CONTEXT() REPRESENTATION_CONTEXT('2D SPACE',''
  ) );
#6468 = ORIENTED_EDGE('',*,*,#4241,.F.);
#6469 = ADVANCED_FACE('',(#6470),#4230,.T.);
#6470 = FACE_BOUND('',#6471,.T.);
#6471 = EDGE_LOOP('',(#6472,#6473,#6496,#6515));
#6472 = ORIENTED_EDGE('',*,*,#4215,.F.);
#6473 = ORIENTED_EDGE('',*,*,#6474,.T.);
#6474 = EDGE_CURVE('',#4190,#6475,#6477,.T.);
#6475 = VERTEX_POINT('',#6476);
#6476 = CARTESIAN_POINT('',(23.59654874786,49.138735340932,35.));
#6477 = SURFACE_CURVE('',#6478,(#6482,#6489),.PCURVE_S1.);
#6478 = LINE('',#6479,#6480);
#6479 = CARTESIAN_POINT('',(23.59654874786,49.138735340932,
    23.715121283555));
#6480 = VECTOR('',#6481,1.);
#6481 = DIRECTION('',(0.,0.,-1.));
#6482 = PCURVE('',#4230,#6483);
#6483 = DEFINITIONAL_REPRESENTATION('',(#6484),#6488);
#6484 = LINE('',#6485,#6486);
#6485 = CARTESIAN_POINT('',(-2.025616132992,4.099264405014));
#6486 = VECTOR('',#6487,1.);
#6487 = DIRECTION('',(-1.,0.));
#6488 = ( GEOMETRIC_REPRESENTATION_CONTEXT(2) 
PARAMETRIC_REPRESENTATION_CONTEXT() REPRESENTATION_CONTEXT('2D SPACE',''
  ) );
#6489 = PCURVE('',#4204,#6490);
#6490 = DEFINITIONAL_REPRESENTATION('',(#6491),#6495);
#6491 = LINE('',#6492,#6493);
#6492 = CARTESIAN_POINT('',(2.025616132992,-4.411164325613));
#6493 = VECTOR('',#6494,1.);
#6494 = DIRECTION('',(-1.,0.));
#6495 = ( GEOMETRIC_REPRESENTATION_CONTEXT(2) 
PARAMETRIC_REPRESENTATION_CONTEXT() REPRESENTATION_CONTEXT('2D SPACE',''
  ) );
#6496 = ORIENTED_EDGE('',*,*,#6497,.F.);
#6497 = EDGE_CURVE('',#6428,#6475,#6498,.T.);
#6498 = SURFACE_CURVE('',#6499,(#6503,#6509),.PCURVE_S1.);
#6499 = LINE('',#6500,#6501);
#6500 = CARTESIAN_POINT('',(14.748642171423,49.138735340932,35.));
#6501 = VECTOR('',#6502,1.);
#6502 = DIRECTION('',(1.,0.,0.));
#6503 = PCURVE('',#4230,#6504);
#6504 = DEFINITIONAL_REPRESENTATION('',(#6505),#6508);
#6505 = B_SPLINE_CURVE_WITH_KNOTS('',1,(#6506,#6507),.UNSPECIFIED.,.F.,
  .F.,(2,2),(8.597949837117,8.847906576437),.PIECEWISE_BEZIER_KNOTS.);
#6506 = CARTESIAN_POINT('',(9.259262583454,3.849307665694));
#6507 = CARTESIAN_POINT('',(9.259262583454,4.099264405014));
#6508 = ( GEOMETRIC_REPRESENTATION_CONTEXT(2) 
PARAMETRIC_REPRESENTATION_CONTEXT() REPRESENTATION_CONTEXT('2D SPACE',''
  ) );
#6509 = PCURVE('',#4793,#6510);
#6510 = DEFINITIONAL_REPRESENTATION('',(#6511),#6514);
#6511 = B_SPLINE_CURVE_WITH_KNOTS('',1,(#6512,#6513),.UNSPECIFIED.,.F.,
  .F.,(2,2),(8.597949837117,8.847906576437),.PIECEWISE_BEZIER_KNOTS.);
#6512 = CARTESIAN_POINT('',(13.34659200854,14.138735340932));
#6513 = CARTESIAN_POINT('',(13.59654874786,14.138735340932));
#6514 = ( GEOMETRIC_REPRESENTATION_CONTEXT(2) 
PARAMETRIC_REPRESENTATION_CONTEXT() REPRESENTATION_CONTEXT('2D SPACE',''
  ) );
#6515 = ORIENTED_EDGE('',*,*,#6448,.F.);
#6516 = ADVANCED_FACE('',(#6517),#4204,.T.);
#6517 = FACE_BOUND('',#6518,.T.);
#6518 = EDGE_LOOP('',(#6519,#6542,#6561,#6562));
#6519 = ORIENTED_EDGE('',*,*,#6520,.F.);
#6520 = EDGE_CURVE('',#6521,#4164,#6523,.T.);
#6521 = VERTEX_POINT('',#6522);
#6522 = CARTESIAN_POINT('',(23.59654874786,44.727571015319,35.));
#6523 = SURFACE_CURVE('',#6524,(#6528,#6535),.PCURVE_S1.);
#6524 = LINE('',#6525,#6526);
#6525 = CARTESIAN_POINT('',(23.59654874786,44.727571015319,
    21.689505150563));
#6526 = VECTOR('',#6527,1.);
#6527 = DIRECTION('',(0.,0.,1.));
#6528 = PCURVE('',#4204,#6529);
#6529 = DEFINITIONAL_REPRESENTATION('',(#6530),#6534);
#6530 = LINE('',#6531,#6532);
#6531 = CARTESIAN_POINT('',(0.,0.));
#6532 = VECTOR('',#6533,1.);
#6533 = DIRECTION('',(1.,0.));
#6534 = ( GEOMETRIC_REPRESENTATION_CONTEXT(2) 
PARAMETRIC_REPRESENTATION_CONTEXT() REPRESENTATION_CONTEXT('2D SPACE',''
  ) );
#6535 = PCURVE('',#4178,#6536);
#6536 = DEFINITIONAL_REPRESENTATION('',(#6537),#6541);
#6537 = LINE('',#6538,#6539);
#6538 = CARTESIAN_POINT('',(0.,0.));
#6539 = VECTOR('',#6540,1.);
#6540 = DIRECTION('',(1.,0.));
#6541 = ( GEOMETRIC_REPRESENTATION_CONTEXT(2) 
PARAMETRIC_REPRESENTATION_CONTEXT() REPRESENTATION_CONTEXT('2D SPACE',''
  ) );
#6542 = ORIENTED_EDGE('',*,*,#6543,.F.);
#6543 = EDGE_CURVE('',#6475,#6521,#6544,.T.);
#6544 = SURFACE_CURVE('',#6545,(#6549,#6555),.PCURVE_S1.);
#6545 = LINE('',#6546,#6547);
#6546 = CARTESIAN_POINT('',(23.59654874786,39.86378550766,35.));
#6547 = VECTOR('',#6548,1.);
#6548 = DIRECTION('',(0.,-1.,0.));
#6549 = PCURVE('',#4204,#6550);
#6550 = DEFINITIONAL_REPRESENTATION('',(#6551),#6554);
#6551 = B_SPLINE_CURVE_WITH_KNOTS('',1,(#6552,#6553),.UNSPECIFIED.,.F.,
  .F.,(2,2),(-9.860194780783,-4.86378550766),.PIECEWISE_BEZIER_KNOTS.);
#6552 = CARTESIAN_POINT('',(13.310494849437,-4.996409273124));
#6553 = CARTESIAN_POINT('',(13.310494849437,5.329070518201E-15));
#6554 = ( GEOMETRIC_REPRESENTATION_CONTEXT(2) 
PARAMETRIC_REPRESENTATION_CONTEXT() REPRESENTATION_CONTEXT('2D SPACE',''
  ) );
#6555 = PCURVE('',#4793,#6556);
#6556 = DEFINITIONAL_REPRESENTATION('',(#6557),#6560);
#6557 = B_SPLINE_CURVE_WITH_KNOTS('',1,(#6558,#6559),.UNSPECIFIED.,.F.,
  .F.,(2,2),(-9.860194780783,-4.86378550766),.PIECEWISE_BEZIER_KNOTS.);
#6558 = CARTESIAN_POINT('',(13.59654874786,14.723980288443));
#6559 = CARTESIAN_POINT('',(13.59654874786,9.727571015319));
#6560 = ( GEOMETRIC_REPRESENTATION_CONTEXT(2) 
PARAMETRIC_REPRESENTATION_CONTEXT() REPRESENTATION_CONTEXT('2D SPACE',''
  ) );
#6561 = ORIENTED_EDGE('',*,*,#6474,.F.);
#6562 = ORIENTED_EDGE('',*,*,#4189,.F.);
#6563 = ADVANCED_FACE('',(#6564),#4178,.T.);
#6564 = FACE_BOUND('',#6565,.T.);
#6565 = EDGE_LOOP('',(#6566,#6589,#6608,#6609));
#6566 = ORIENTED_EDGE('',*,*,#6567,.F.);
#6567 = EDGE_CURVE('',#6568,#4138,#6570,.T.);
#6568 = VERTEX_POINT('',#6569);
#6569 = CARTESIAN_POINT('',(24.611396191579,44.727571015319,35.));
#6570 = SURFACE_CURVE('',#6571,(#6575,#6582),.PCURVE_S1.);
#6571 = LINE('',#6572,#6573);
#6572 = CARTESIAN_POINT('',(24.611396191579,44.727571015319,
    21.689505150563));
#6573 = VECTOR('',#6574,1.);
#6574 = DIRECTION('',(0.,0.,1.));
#6575 = PCURVE('',#4178,#6576);
#6576 = DEFINITIONAL_REPRESENTATION('',(#6577),#6581);
#6577 = LINE('',#6578,#6579);
#6578 = CARTESIAN_POINT('',(0.,1.014847443719));
#6579 = VECTOR('',#6580,1.);
#6580 = DIRECTION('',(1.,0.));
#6581 = ( GEOMETRIC_REPRESENTATION_CONTEXT(2) 
PARAMETRIC_REPRESENTATION_CONTEXT() REPRESENTATION_CONTEXT('2D SPACE',''
  ) );
#6582 = PCURVE('',#4152,#6583);
#6583 = DEFINITIONAL_REPRESENTATION('',(#6584),#6588);
#6584 = LINE('',#6585,#6586);
#6585 = CARTESIAN_POINT('',(0.,0.));
#6586 = VECTOR('',#6587,1.);
#6587 = DIRECTION('',(1.,0.));
#6588 = ( GEOMETRIC_REPRESENTATION_CONTEXT(2) 
PARAMETRIC_REPRESENTATION_CONTEXT() REPRESENTATION_CONTEXT('2D SPACE',''
  ) );
#6589 = ORIENTED_EDGE('',*,*,#6590,.F.);
#6590 = EDGE_CURVE('',#6521,#6568,#6591,.T.);
#6591 = SURFACE_CURVE('',#6592,(#6596,#6602),.PCURVE_S1.);
#6592 = LINE('',#6593,#6594);
#6593 = CARTESIAN_POINT('',(16.79827437393,44.727571015319,35.));
#6594 = VECTOR('',#6595,1.);
#6595 = DIRECTION('',(1.,0.,0.));
#6596 = PCURVE('',#4178,#6597);
#6597 = DEFINITIONAL_REPRESENTATION('',(#6598),#6601);
#6598 = B_SPLINE_CURVE_WITH_KNOTS('',1,(#6599,#6600),.UNSPECIFIED.,.F.,
  .F.,(2,2),(6.79827437393,7.813121817649),.PIECEWISE_BEZIER_KNOTS.);
#6599 = CARTESIAN_POINT('',(13.310494849437,0.));
#6600 = CARTESIAN_POINT('',(13.310494849437,1.014847443719));
#6601 = ( GEOMETRIC_REPRESENTATION_CONTEXT(2) 
PARAMETRIC_REPRESENTATION_CONTEXT() REPRESENTATION_CONTEXT('2D SPACE',''
  ) );
#6602 = PCURVE('',#4793,#6603);
#6603 = DEFINITIONAL_REPRESENTATION('',(#6604),#6607);
#6604 = B_SPLINE_CURVE_WITH_KNOTS('',1,(#6605,#6606),.UNSPECIFIED.,.F.,
  .F.,(2,2),(6.79827437393,7.813121817649),.PIECEWISE_BEZIER_KNOTS.);
#6605 = CARTESIAN_POINT('',(13.59654874786,9.727571015319));
#6606 = CARTESIAN_POINT('',(14.611396191579,9.727571015319));
#6607 = ( GEOMETRIC_REPRESENTATION_CONTEXT(2) 
PARAMETRIC_REPRESENTATION_CONTEXT() REPRESENTATION_CONTEXT('2D SPACE',''
  ) );
#6608 = ORIENTED_EDGE('',*,*,#6520,.T.);
#6609 = ORIENTED_EDGE('',*,*,#4163,.F.);
#6610 = ADVANCED_FACE('',(#6611),#4152,.F.);
#6611 = FACE_BOUND('',#6612,.F.);
#6612 = EDGE_LOOP('',(#6613,#6614,#6635,#6656));
#6613 = ORIENTED_EDGE('',*,*,#6567,.F.);
#6614 = ORIENTED_EDGE('',*,*,#6615,.F.);
#6615 = EDGE_CURVE('',#6616,#6568,#6618,.T.);
#6616 = VERTEX_POINT('',#6617);
#6617 = CARTESIAN_POINT('',(24.611396191579,49.159111171454,35.));
#6618 = SURFACE_CURVE('',#6619,(#6623,#6629),.PCURVE_S1.);
#6619 = LINE('',#6620,#6621);
#6620 = CARTESIAN_POINT('',(24.611396191579,39.86378550766,35.));
#6621 = VECTOR('',#6622,1.);
#6622 = DIRECTION('',(0.,-1.,0.));
#6623 = PCURVE('',#4152,#6624);
#6624 = DEFINITIONAL_REPRESENTATION('',(#6625),#6628);
#6625 = B_SPLINE_CURVE_WITH_KNOTS('',1,(#6626,#6627),.UNSPECIFIED.,.F.,
  .F.,(2,2),(-9.860194780783,-4.86378550766),.PIECEWISE_BEZIER_KNOTS.);
#6626 = CARTESIAN_POINT('',(13.310494849437,-4.996409273124));
#6627 = CARTESIAN_POINT('',(13.310494849437,5.329070518201E-15));
#6628 = ( GEOMETRIC_REPRESENTATION_CONTEXT(2) 
PARAMETRIC_REPRESENTATION_CONTEXT() REPRESENTATION_CONTEXT('2D SPACE',''
  ) );
#6629 = PCURVE('',#4793,#6630);
#6630 = DEFINITIONAL_REPRESENTATION('',(#6631),#6634);
#6631 = B_SPLINE_CURVE_WITH_KNOTS('',1,(#6632,#6633),.UNSPECIFIED.,.F.,
  .F.,(2,2),(-9.860194780783,-4.86378550766),.PIECEWISE_BEZIER_KNOTS.);
#6632 = CARTESIAN_POINT('',(14.611396191579,14.723980288443));
#6633 = CARTESIAN_POINT('',(14.611396191579,9.727571015319));
#6634 = ( GEOMETRIC_REPRESENTATION_CONTEXT(2) 
PARAMETRIC_REPRESENTATION_CONTEXT() REPRESENTATION_CONTEXT('2D SPACE',''
  ) );
#6635 = ORIENTED_EDGE('',*,*,#6636,.F.);
#6636 = EDGE_CURVE('',#4112,#6616,#6637,.T.);
#6637 = SURFACE_CURVE('',#6638,(#6642,#6649),.PCURVE_S1.);
#6638 = LINE('',#6639,#6640);
#6639 = CARTESIAN_POINT('',(24.611396191579,49.159111171454,
    23.802396612745));
#6640 = VECTOR('',#6641,1.);
#6641 = DIRECTION('',(0.,0.,-1.));
#6642 = PCURVE('',#4152,#6643);
#6643 = DEFINITIONAL_REPRESENTATION('',(#6644),#6648);
#6644 = LINE('',#6645,#6646);
#6645 = CARTESIAN_POINT('',(2.112891462182,-4.431540156135));
#6646 = VECTOR('',#6647,1.);
#6647 = DIRECTION('',(-1.,0.));
#6648 = ( GEOMETRIC_REPRESENTATION_CONTEXT(2) 
PARAMETRIC_REPRESENTATION_CONTEXT() REPRESENTATION_CONTEXT('2D SPACE',''
  ) );
#6649 = PCURVE('',#4126,#6650);
#6650 = DEFINITIONAL_REPRESENTATION('',(#6651),#6655);
#6651 = LINE('',#6652,#6653);
#6652 = CARTESIAN_POINT('',(-2.112891462182,1.262653825005));
#6653 = VECTOR('',#6654,1.);
#6654 = DIRECTION('',(-1.,0.));
#6655 = ( GEOMETRIC_REPRESENTATION_CONTEXT(2) 
PARAMETRIC_REPRESENTATION_CONTEXT() REPRESENTATION_CONTEXT('2D SPACE',''
  ) );
#6656 = ORIENTED_EDGE('',*,*,#4137,.F.);
#6657 = ADVANCED_FACE('',(#6658),#4126,.T.);
#6658 = FACE_BOUND('',#6659,.T.);
#6659 = EDGE_LOOP('',(#6660,#6681,#6682,#6683));
#6660 = ORIENTED_EDGE('',*,*,#6661,.F.);
#6661 = EDGE_CURVE('',#6616,#6662,#6664,.T.);
#6662 = VERTEX_POINT('',#6663);
#6663 = CARTESIAN_POINT('',(24.859202572866,49.159111171454,35.));
#6664 = SURFACE_CURVE('',#6665,(#6669,#6675),.PCURVE_S1.);
#6665 = LINE('',#6666,#6667);
#6666 = CARTESIAN_POINT('',(16.674371183287,49.159111171454,35.));
#6667 = VECTOR('',#6668,1.);
#6668 = DIRECTION('',(1.,0.,0.));
#6669 = PCURVE('',#4126,#6670);
#6670 = DEFINITIONAL_REPRESENTATION('',(#6671),#6674);
#6671 = B_SPLINE_CURVE_WITH_KNOTS('',1,(#6672,#6673),.UNSPECIFIED.,.F.,
  .F.,(2,2),(7.937025008292,8.184831389579),.PIECEWISE_BEZIER_KNOTS.);
#6672 = CARTESIAN_POINT('',(9.084711925073,1.262653825005));
#6673 = CARTESIAN_POINT('',(9.084711925073,1.510460206292));
#6674 = ( GEOMETRIC_REPRESENTATION_CONTEXT(2) 
PARAMETRIC_REPRESENTATION_CONTEXT() REPRESENTATION_CONTEXT('2D SPACE',''
  ) );
#6675 = PCURVE('',#4793,#6676);
#6676 = DEFINITIONAL_REPRESENTATION('',(#6677),#6680);
#6677 = B_SPLINE_CURVE_WITH_KNOTS('',1,(#6678,#6679),.UNSPECIFIED.,.F.,
  .F.,(2,2),(7.937025008292,8.184831389579),.PIECEWISE_BEZIER_KNOTS.);
#6678 = CARTESIAN_POINT('',(14.611396191579,14.159111171454));
#6679 = CARTESIAN_POINT('',(14.859202572866,14.159111171454));
#6680 = ( GEOMETRIC_REPRESENTATION_CONTEXT(2) 
PARAMETRIC_REPRESENTATION_CONTEXT() REPRESENTATION_CONTEXT('2D SPACE',''
  ) );
#6681 = ORIENTED_EDGE('',*,*,#6636,.F.);
#6682 = ORIENTED_EDGE('',*,*,#4111,.F.);
#6683 = ORIENTED_EDGE('',*,*,#6684,.F.);
#6684 = EDGE_CURVE('',#6662,#4086,#6685,.T.);
#6685 = SURFACE_CURVE('',#6686,(#6690,#6697),.PCURVE_S1.);
#6686 = LINE('',#6687,#6688);
#6687 = CARTESIAN_POINT('',(24.859202572866,49.159111171454,
    25.915288074927));
#6688 = VECTOR('',#6689,1.);
#6689 = DIRECTION('',(0.,0.,1.));
#6690 = PCURVE('',#4126,#6691);
#6691 = DEFINITIONAL_REPRESENTATION('',(#6692),#6696);
#6692 = LINE('',#6693,#6694);
#6693 = CARTESIAN_POINT('',(0.,1.510460206292));
#6694 = VECTOR('',#6695,1.);
#6695 = DIRECTION('',(1.,0.));
#6696 = ( GEOMETRIC_REPRESENTATION_CONTEXT(2) 
PARAMETRIC_REPRESENTATION_CONTEXT() REPRESENTATION_CONTEXT('2D SPACE',''
  ) );
#6697 = PCURVE('',#4100,#6698);
#6698 = DEFINITIONAL_REPRESENTATION('',(#6699),#6703);
#6699 = LINE('',#6700,#6701);
#6700 = CARTESIAN_POINT('',(0.,0.));
#6701 = VECTOR('',#6702,1.);
#6702 = DIRECTION('',(1.,0.));
#6703 = ( GEOMETRIC_REPRESENTATION_CONTEXT(2) 
PARAMETRIC_REPRESENTATION_CONTEXT() REPRESENTATION_CONTEXT('2D SPACE',''
  ) );
#6704 = ADVANCED_FACE('',(#6705),#4100,.F.);
#6705 = FACE_BOUND('',#6706,.F.);
#6706 = EDGE_LOOP('',(#6707,#6708,#6729,#6750));
#6707 = ORIENTED_EDGE('',*,*,#6684,.F.);
#6708 = ORIENTED_EDGE('',*,*,#6709,.F.);
#6709 = EDGE_CURVE('',#6710,#6662,#6712,.T.);
#6710 = VERTEX_POINT('',#6711);
#6711 = CARTESIAN_POINT('',(24.859202572866,50.956024508256,35.));
#6712 = SURFACE_CURVE('',#6713,(#6717,#6723),.PCURVE_S1.);
#6713 = LINE('',#6714,#6715);
#6714 = CARTESIAN_POINT('',(24.859202572866,42.079555585727,35.));
#6715 = VECTOR('',#6716,1.);
#6716 = DIRECTION('',(0.,-1.,0.));
#6717 = PCURVE('',#4100,#6718);
#6718 = DEFINITIONAL_REPRESENTATION('',(#6719),#6722);
#6719 = B_SPLINE_CURVE_WITH_KNOTS('',1,(#6720,#6721),.UNSPECIFIED.,.F.,
  .F.,(2,2),(-8.876468922529,-7.079555585727),.PIECEWISE_BEZIER_KNOTS.);
#6720 = CARTESIAN_POINT('',(9.084711925073,-1.796913336802));
#6721 = CARTESIAN_POINT('',(9.084711925073,0.));
#6722 = ( GEOMETRIC_REPRESENTATION_CONTEXT(2) 
PARAMETRIC_REPRESENTATION_CONTEXT() REPRESENTATION_CONTEXT('2D SPACE',''
  ) );
#6723 = PCURVE('',#4793,#6724);
#6724 = DEFINITIONAL_REPRESENTATION('',(#6725),#6728);
#6725 = B_SPLINE_CURVE_WITH_KNOTS('',1,(#6726,#6727),.UNSPECIFIED.,.F.,
  .F.,(2,2),(-8.876468922529,-7.079555585727),.PIECEWISE_BEZIER_KNOTS.);
#6726 = CARTESIAN_POINT('',(14.859202572866,15.956024508256));
#6727 = CARTESIAN_POINT('',(14.859202572866,14.159111171454));
#6728 = ( GEOMETRIC_REPRESENTATION_CONTEXT(2) 
PARAMETRIC_REPRESENTATION_CONTEXT() REPRESENTATION_CONTEXT('2D SPACE',''
  ) );
#6729 = ORIENTED_EDGE('',*,*,#6730,.T.);
#6730 = EDGE_CURVE('',#6710,#4060,#6731,.T.);
#6731 = SURFACE_CURVE('',#6732,(#6736,#6743),.PCURVE_S1.);
#6732 = LINE('',#6733,#6734);
#6733 = CARTESIAN_POINT('',(24.859202572866,50.956024508256,
    25.915288074927));
#6734 = VECTOR('',#6735,1.);
#6735 = DIRECTION('',(0.,0.,1.));
#6736 = PCURVE('',#4100,#6737);
#6737 = DEFINITIONAL_REPRESENTATION('',(#6738),#6742);
#6738 = LINE('',#6739,#6740);
#6739 = CARTESIAN_POINT('',(0.,-1.796913336802));
#6740 = VECTOR('',#6741,1.);
#6741 = DIRECTION('',(1.,0.));
#6742 = ( GEOMETRIC_REPRESENTATION_CONTEXT(2) 
PARAMETRIC_REPRESENTATION_CONTEXT() REPRESENTATION_CONTEXT('2D SPACE',''
  ) );
#6743 = PCURVE('',#4074,#6744);
#6744 = DEFINITIONAL_REPRESENTATION('',(#6745),#6749);
#6745 = LINE('',#6746,#6747);
#6746 = CARTESIAN_POINT('',(0.,1.510460206292));
#6747 = VECTOR('',#6748,1.);
#6748 = DIRECTION('',(1.,0.));
#6749 = ( GEOMETRIC_REPRESENTATION_CONTEXT(2) 
PARAMETRIC_REPRESENTATION_CONTEXT() REPRESENTATION_CONTEXT('2D SPACE',''
  ) );
#6750 = ORIENTED_EDGE('',*,*,#4085,.F.);
#6751 = ADVANCED_FACE('',(#6752),#4074,.F.);
#6752 = FACE_BOUND('',#6753,.F.);
#6753 = EDGE_LOOP('',(#6754,#6775,#6796,#6797));
#6754 = ORIENTED_EDGE('',*,*,#6755,.F.);
#6755 = EDGE_CURVE('',#6756,#6710,#6758,.T.);
#6756 = VERTEX_POINT('',#6757);
#6757 = CARTESIAN_POINT('',(24.562828549685,50.956024508256,35.));
#6758 = SURFACE_CURVE('',#6759,(#6763,#6769),.PCURVE_S1.);
#6759 = LINE('',#6760,#6761);
#6760 = CARTESIAN_POINT('',(16.674371183287,50.956024508256,35.));
#6761 = VECTOR('',#6762,1.);
#6762 = DIRECTION('',(1.,0.,0.));
#6763 = PCURVE('',#4074,#6764);
#6764 = DEFINITIONAL_REPRESENTATION('',(#6765),#6768);
#6765 = B_SPLINE_CURVE_WITH_KNOTS('',1,(#6766,#6767),.UNSPECIFIED.,.F.,
  .F.,(2,2),(7.888457366398,8.184831389579),.PIECEWISE_BEZIER_KNOTS.);
#6766 = CARTESIAN_POINT('',(9.084711925073,1.214086183111));
#6767 = CARTESIAN_POINT('',(9.084711925073,1.510460206292));
#6768 = ( GEOMETRIC_REPRESENTATION_CONTEXT(2) 
PARAMETRIC_REPRESENTATION_CONTEXT() REPRESENTATION_CONTEXT('2D SPACE',''
  ) );
#6769 = PCURVE('',#4793,#6770);
#6770 = DEFINITIONAL_REPRESENTATION('',(#6771),#6774);
#6771 = B_SPLINE_CURVE_WITH_KNOTS('',1,(#6772,#6773),.UNSPECIFIED.,.F.,
  .F.,(2,2),(7.888457366398,8.184831389579),.PIECEWISE_BEZIER_KNOTS.);
#6772 = CARTESIAN_POINT('',(14.562828549685,15.956024508256));
#6773 = CARTESIAN_POINT('',(14.859202572866,15.956024508256));
#6774 = ( GEOMETRIC_REPRESENTATION_CONTEXT(2) 
PARAMETRIC_REPRESENTATION_CONTEXT() REPRESENTATION_CONTEXT('2D SPACE',''
  ) );
#6775 = ORIENTED_EDGE('',*,*,#6776,.T.);
#6776 = EDGE_CURVE('',#6756,#4034,#6777,.T.);
#6777 = SURFACE_CURVE('',#6778,(#6782,#6789),.PCURVE_S1.);
#6778 = LINE('',#6779,#6780);
#6779 = CARTESIAN_POINT('',(24.562828549685,50.956024508256,
    25.828012745737));
#6780 = VECTOR('',#6781,1.);
#6781 = DIRECTION('',(0.,0.,1.));
#6782 = PCURVE('',#4074,#6783);
#6783 = DEFINITIONAL_REPRESENTATION('',(#6784),#6788);
#6784 = LINE('',#6785,#6786);
#6785 = CARTESIAN_POINT('',(-8.727532919042E-02,1.214086183111));
#6786 = VECTOR('',#6787,1.);
#6787 = DIRECTION('',(1.,0.));
#6788 = ( GEOMETRIC_REPRESENTATION_CONTEXT(2) 
PARAMETRIC_REPRESENTATION_CONTEXT() REPRESENTATION_CONTEXT('2D SPACE',''
  ) );
#6789 = PCURVE('',#4048,#6790);
#6790 = DEFINITIONAL_REPRESENTATION('',(#6791),#6795);
#6791 = LINE('',#6792,#6793);
#6792 = CARTESIAN_POINT('',(8.727532919042E-02,-1.817289167324));
#6793 = VECTOR('',#6794,1.);
#6794 = DIRECTION('',(1.,0.));
#6795 = ( GEOMETRIC_REPRESENTATION_CONTEXT(2) 
PARAMETRIC_REPRESENTATION_CONTEXT() REPRESENTATION_CONTEXT('2D SPACE',''
  ) );
#6796 = ORIENTED_EDGE('',*,*,#4059,.F.);
#6797 = ORIENTED_EDGE('',*,*,#6730,.F.);
#6798 = ADVANCED_FACE('',(#6799),#4048,.F.);
#6799 = FACE_BOUND('',#6800,.F.);
#6800 = EDGE_LOOP('',(#6801,#6822,#6843,#6844));
#6801 = ORIENTED_EDGE('',*,*,#6802,.F.);
#6802 = EDGE_CURVE('',#6803,#6756,#6805,.T.);
#6803 = VERTEX_POINT('',#6804);
#6804 = CARTESIAN_POINT('',(24.562828549685,50.976400338779,35.));
#6805 = SURFACE_CURVE('',#6806,(#6810,#6816),.PCURVE_S1.);
#6806 = LINE('',#6807,#6808);
#6807 = CARTESIAN_POINT('',(24.562828549685,42.069367670466,35.));
#6808 = VECTOR('',#6809,1.);
#6809 = DIRECTION('',(0.,-1.,0.));
#6810 = PCURVE('',#4048,#6811);
#6811 = DEFINITIONAL_REPRESENTATION('',(#6812),#6815);
#6812 = B_SPLINE_CURVE_WITH_KNOTS('',1,(#6813,#6814),.UNSPECIFIED.,.F.,
  .F.,(2,2),(-8.907032668313,-7.654612617977),.PIECEWISE_BEZIER_KNOTS.);
#6813 = CARTESIAN_POINT('',(9.259262583454,-1.837664997847));
#6814 = CARTESIAN_POINT('',(9.259262583454,-0.585244947511));
#6815 = ( GEOMETRIC_REPRESENTATION_CONTEXT(2) 
PARAMETRIC_REPRESENTATION_CONTEXT() REPRESENTATION_CONTEXT('2D SPACE',''
  ) );
#6816 = PCURVE('',#4793,#6817);
#6817 = DEFINITIONAL_REPRESENTATION('',(#6818),#6821);
#6818 = B_SPLINE_CURVE_WITH_KNOTS('',1,(#6819,#6820),.UNSPECIFIED.,.F.,
  .F.,(2,2),(-8.907032668313,-7.654612617977),.PIECEWISE_BEZIER_KNOTS.);
#6819 = CARTESIAN_POINT('',(14.562828549685,15.976400338779));
#6820 = CARTESIAN_POINT('',(14.562828549685,14.723980288443));
#6821 = ( GEOMETRIC_REPRESENTATION_CONTEXT(2) 
PARAMETRIC_REPRESENTATION_CONTEXT() REPRESENTATION_CONTEXT('2D SPACE',''
  ) );
#6822 = ORIENTED_EDGE('',*,*,#6823,.T.);
#6823 = EDGE_CURVE('',#6803,#4008,#6824,.T.);
#6824 = SURFACE_CURVE('',#6825,(#6829,#6836),.PCURVE_S1.);
#6825 = LINE('',#6826,#6827);
#6826 = CARTESIAN_POINT('',(24.562828549685,50.976400338779,
    25.740737416546));
#6827 = VECTOR('',#6828,1.);
#6828 = DIRECTION('',(0.,0.,1.));
#6829 = PCURVE('',#4048,#6830);
#6830 = DEFINITIONAL_REPRESENTATION('',(#6831),#6835);
#6831 = LINE('',#6832,#6833);
#6832 = CARTESIAN_POINT('',(0.,-1.837664997847));
#6833 = VECTOR('',#6834,1.);
#6834 = DIRECTION('',(1.,0.));
#6835 = ( GEOMETRIC_REPRESENTATION_CONTEXT(2) 
PARAMETRIC_REPRESENTATION_CONTEXT() REPRESENTATION_CONTEXT('2D SPACE',''
  ) );
#6836 = PCURVE('',#4022,#6837);
#6837 = DEFINITIONAL_REPRESENTATION('',(#6838),#6842);
#6838 = LINE('',#6839,#6840);
#6839 = CARTESIAN_POINT('',(0.,5.065544206838));
#6840 = VECTOR('',#6841,1.);
#6841 = DIRECTION('',(1.,0.));
#6842 = ( GEOMETRIC_REPRESENTATION_CONTEXT(2) 
PARAMETRIC_REPRESENTATION_CONTEXT() REPRESENTATION_CONTEXT('2D SPACE',''
  ) );
#6843 = ORIENTED_EDGE('',*,*,#4033,.F.);
#6844 = ORIENTED_EDGE('',*,*,#6776,.F.);
#6845 = ADVANCED_FACE('',(#6846),#4022,.F.);
#6846 = FACE_BOUND('',#6847,.F.);
#6847 = EDGE_LOOP('',(#6848,#6849,#6870,#6891));
#6848 = ORIENTED_EDGE('',*,*,#6823,.F.);
#6849 = ORIENTED_EDGE('',*,*,#6850,.F.);
#6850 = EDGE_CURVE('',#6851,#6803,#6853,.T.);
#6851 = VERTEX_POINT('',#6852);
#6852 = CARTESIAN_POINT('',(19.497284342846,50.976400338779,35.));
#6853 = SURFACE_CURVE('',#6854,(#6858,#6864),.PCURVE_S1.);
#6854 = LINE('',#6855,#6856);
#6855 = CARTESIAN_POINT('',(14.748642171423,50.976400338779,35.));
#6856 = VECTOR('',#6857,1.);
#6857 = DIRECTION('',(1.,0.,0.));
#6858 = PCURVE('',#4022,#6859);
#6859 = DEFINITIONAL_REPRESENTATION('',(#6860),#6863);
#6860 = B_SPLINE_CURVE_WITH_KNOTS('',1,(#6861,#6862),.UNSPECIFIED.,.F.,
  .F.,(2,2),(4.748642171423,9.814186378261),.PIECEWISE_BEZIER_KNOTS.);
#6861 = CARTESIAN_POINT('',(9.259262583454,0.));
#6862 = CARTESIAN_POINT('',(9.259262583454,5.065544206838));
#6863 = ( GEOMETRIC_REPRESENTATION_CONTEXT(2) 
PARAMETRIC_REPRESENTATION_CONTEXT() REPRESENTATION_CONTEXT('2D SPACE',''
  ) );
#6864 = PCURVE('',#4793,#6865);
#6865 = DEFINITIONAL_REPRESENTATION('',(#6866),#6869);
#6866 = B_SPLINE_CURVE_WITH_KNOTS('',1,(#6867,#6868),.UNSPECIFIED.,.F.,
  .F.,(2,2),(4.748642171423,9.814186378261),.PIECEWISE_BEZIER_KNOTS.);
#6867 = CARTESIAN_POINT('',(9.497284342846,15.976400338779));
#6868 = CARTESIAN_POINT('',(14.562828549685,15.976400338779));
#6869 = ( GEOMETRIC_REPRESENTATION_CONTEXT(2) 
PARAMETRIC_REPRESENTATION_CONTEXT() REPRESENTATION_CONTEXT('2D SPACE',''
  ) );
#6870 = ORIENTED_EDGE('',*,*,#6871,.T.);
#6871 = EDGE_CURVE('',#6851,#3982,#6872,.T.);
#6872 = SURFACE_CURVE('',#6873,(#6877,#6884),.PCURVE_S1.);
#6873 = LINE('',#6874,#6875);
#6874 = CARTESIAN_POINT('',(19.497284342846,50.976400338779,
    25.740737416546));
#6875 = VECTOR('',#6876,1.);
#6876 = DIRECTION('',(0.,0.,1.));
#6877 = PCURVE('',#4022,#6878);
#6878 = DEFINITIONAL_REPRESENTATION('',(#6879),#6883);
#6879 = LINE('',#6880,#6881);
#6880 = CARTESIAN_POINT('',(0.,0.));
#6881 = VECTOR('',#6882,1.);
#6882 = DIRECTION('',(1.,0.));
#6883 = ( GEOMETRIC_REPRESENTATION_CONTEXT(2) 
PARAMETRIC_REPRESENTATION_CONTEXT() REPRESENTATION_CONTEXT('2D SPACE',''
  ) );
#6884 = PCURVE('',#3996,#6885);
#6885 = DEFINITIONAL_REPRESENTATION('',(#6886),#6890);
#6886 = LINE('',#6887,#6888);
#6887 = CARTESIAN_POINT('',(0.,-1.837664997847));
#6888 = VECTOR('',#6889,1.);
#6889 = DIRECTION('',(1.,0.));
#6890 = ( GEOMETRIC_REPRESENTATION_CONTEXT(2) 
PARAMETRIC_REPRESENTATION_CONTEXT() REPRESENTATION_CONTEXT('2D SPACE',''
  ) );
#6891 = ORIENTED_EDGE('',*,*,#4007,.F.);
#6892 = ADVANCED_FACE('',(#6893),#3996,.T.);
#6893 = FACE_BOUND('',#6894,.T.);
#6894 = EDGE_LOOP('',(#6895,#6918,#6937,#6938));
#6895 = ORIENTED_EDGE('',*,*,#6896,.F.);
#6896 = EDGE_CURVE('',#6897,#3956,#6899,.T.);
#6897 = VERTEX_POINT('',#6898);
#6898 = CARTESIAN_POINT('',(19.497284342846,49.138735340932,35.));
#6899 = SURFACE_CURVE('',#6900,(#6904,#6911),.PCURVE_S1.);
#6900 = LINE('',#6901,#6902);
#6901 = CARTESIAN_POINT('',(19.497284342846,49.138735340932,
    25.740737416546));
#6902 = VECTOR('',#6903,1.);
#6903 = DIRECTION('',(0.,0.,1.));
#6904 = PCURVE('',#3996,#6905);
#6905 = DEFINITIONAL_REPRESENTATION('',(#6906),#6910);
#6906 = LINE('',#6907,#6908);
#6907 = CARTESIAN_POINT('',(0.,0.));
#6908 = VECTOR('',#6909,1.);
#6909 = DIRECTION('',(1.,0.));
#6910 = ( GEOMETRIC_REPRESENTATION_CONTEXT(2) 
PARAMETRIC_REPRESENTATION_CONTEXT() REPRESENTATION_CONTEXT('2D SPACE',''
  ) );
#6911 = PCURVE('',#3970,#6912);
#6912 = DEFINITIONAL_REPRESENTATION('',(#6913),#6917);
#6913 = LINE('',#6914,#6915);
#6914 = CARTESIAN_POINT('',(0.,0.));
#6915 = VECTOR('',#6916,1.);
#6916 = DIRECTION('',(1.,0.));
#6917 = ( GEOMETRIC_REPRESENTATION_CONTEXT(2) 
PARAMETRIC_REPRESENTATION_CONTEXT() REPRESENTATION_CONTEXT('2D SPACE',''
  ) );
#6918 = ORIENTED_EDGE('',*,*,#6919,.F.);
#6919 = EDGE_CURVE('',#6851,#6897,#6920,.T.);
#6920 = SURFACE_CURVE('',#6921,(#6925,#6931),.PCURVE_S1.);
#6921 = LINE('',#6922,#6923);
#6922 = CARTESIAN_POINT('',(19.497284342846,42.069367670466,35.));
#6923 = VECTOR('',#6924,1.);
#6924 = DIRECTION('',(0.,-1.,0.));
#6925 = PCURVE('',#3996,#6926);
#6926 = DEFINITIONAL_REPRESENTATION('',(#6927),#6930);
#6927 = B_SPLINE_CURVE_WITH_KNOTS('',1,(#6928,#6929),.UNSPECIFIED.,.F.,
  .F.,(2,2),(-8.907032668313,-7.069367670466),.PIECEWISE_BEZIER_KNOTS.);
#6928 = CARTESIAN_POINT('',(9.259262583454,-1.837664997847));
#6929 = CARTESIAN_POINT('',(9.259262583454,3.552713678801E-15));
#6930 = ( GEOMETRIC_REPRESENTATION_CONTEXT(2) 
PARAMETRIC_REPRESENTATION_CONTEXT() REPRESENTATION_CONTEXT('2D SPACE',''
  ) );
#6931 = PCURVE('',#4793,#6932);
#6932 = DEFINITIONAL_REPRESENTATION('',(#6933),#6936);
#6933 = B_SPLINE_CURVE_WITH_KNOTS('',1,(#6934,#6935),.UNSPECIFIED.,.F.,
  .F.,(2,2),(-8.907032668313,-7.069367670466),.PIECEWISE_BEZIER_KNOTS.);
#6934 = CARTESIAN_POINT('',(9.497284342846,15.976400338779));
#6935 = CARTESIAN_POINT('',(9.497284342846,14.138735340932));
#6936 = ( GEOMETRIC_REPRESENTATION_CONTEXT(2) 
PARAMETRIC_REPRESENTATION_CONTEXT() REPRESENTATION_CONTEXT('2D SPACE',''
  ) );
#6937 = ORIENTED_EDGE('',*,*,#6871,.T.);
#6938 = ORIENTED_EDGE('',*,*,#3981,.F.);
#6939 = ADVANCED_FACE('',(#6940),#3970,.T.);
#6940 = FACE_BOUND('',#6941,.T.);
#6941 = EDGE_LOOP('',(#6942,#6943,#6944,#6963));
#6942 = ORIENTED_EDGE('',*,*,#3955,.F.);
#6943 = ORIENTED_EDGE('',*,*,#6354,.T.);
#6944 = ORIENTED_EDGE('',*,*,#6945,.F.);
#6945 = EDGE_CURVE('',#6897,#6334,#6946,.T.);
#6946 = SURFACE_CURVE('',#6947,(#6951,#6957),.PCURVE_S1.);
#6947 = LINE('',#6948,#6949);
#6948 = CARTESIAN_POINT('',(14.748642171423,49.138735340932,35.));
#6949 = VECTOR('',#6950,1.);
#6950 = DIRECTION('',(1.,0.,0.));
#6951 = PCURVE('',#3970,#6952);
#6952 = DEFINITIONAL_REPRESENTATION('',(#6953),#6956);
#6953 = B_SPLINE_CURVE_WITH_KNOTS('',1,(#6954,#6955),.UNSPECIFIED.,.F.,
  .F.,(2,2),(4.748642171423,7.48031754412),.PIECEWISE_BEZIER_KNOTS.);
#6954 = CARTESIAN_POINT('',(9.259262583454,0.));
#6955 = CARTESIAN_POINT('',(9.259262583454,2.731675372696));
#6956 = ( GEOMETRIC_REPRESENTATION_CONTEXT(2) 
PARAMETRIC_REPRESENTATION_CONTEXT() REPRESENTATION_CONTEXT('2D SPACE',''
  ) );
#6957 = PCURVE('',#4793,#6958);
#6958 = DEFINITIONAL_REPRESENTATION('',(#6959),#6962);
#6959 = B_SPLINE_CURVE_WITH_KNOTS('',1,(#6960,#6961),.UNSPECIFIED.,.F.,
  .F.,(2,2),(4.748642171423,7.48031754412),.PIECEWISE_BEZIER_KNOTS.);
#6960 = CARTESIAN_POINT('',(9.497284342846,14.138735340932));
#6961 = CARTESIAN_POINT('',(12.228959715543,14.138735340932));
#6962 = ( GEOMETRIC_REPRESENTATION_CONTEXT(2) 
PARAMETRIC_REPRESENTATION_CONTEXT() REPRESENTATION_CONTEXT('2D SPACE',''
  ) );
#6963 = ORIENTED_EDGE('',*,*,#6896,.T.);
#6964 = ADVANCED_FACE('',(#6965),#4310,.T.);
#6965 = FACE_BOUND('',#6966,.T.);
#6966 = EDGE_LOOP('',(#6967,#6990,#7011,#7032));
#6967 = ORIENTED_EDGE('',*,*,#6968,.F.);
#6968 = EDGE_CURVE('',#6969,#4294,#6971,.T.);
#6969 = VERTEX_POINT('',#6970);
#6970 = CARTESIAN_POINT('',(25.969004030695,44.235891216191,35.));
#6971 = SURFACE_CURVE('',#6972,(#6976,#6983),.PCURVE_S1.);
#6972 = LINE('',#6973,#6974);
#6973 = CARTESIAN_POINT('',(25.969004030695,44.235891216191,
    24.264094067015));
#6974 = VECTOR('',#6975,1.);
#6975 = DIRECTION('',(0.,0.,1.));
#6976 = PCURVE('',#4310,#6977);
#6977 = DEFINITIONAL_REPRESENTATION('',(#6978),#6982);
#6978 = LINE('',#6979,#6980);
#6979 = CARTESIAN_POINT('',(0.,1.097669906595));
#6980 = VECTOR('',#6981,1.);
#6981 = DIRECTION('',(1.,0.));
#6982 = ( GEOMETRIC_REPRESENTATION_CONTEXT(2) 
PARAMETRIC_REPRESENTATION_CONTEXT() REPRESENTATION_CONTEXT('2D SPACE',''
  ) );
#6983 = PCURVE('',#4386,#6984);
#6984 = DEFINITIONAL_REPRESENTATION('',(#6985),#6989);
#6985 = LINE('',#6986,#6987);
#6986 = CARTESIAN_POINT('',(0.,0.));
#6987 = VECTOR('',#6988,1.);
#6988 = DIRECTION('',(1.,0.));
#6989 = ( GEOMETRIC_REPRESENTATION_CONTEXT(2) 
PARAMETRIC_REPRESENTATION_CONTEXT() REPRESENTATION_CONTEXT('2D SPACE',''
  ) );
#6990 = ORIENTED_EDGE('',*,*,#6991,.F.);
#6991 = EDGE_CURVE('',#6992,#6969,#6994,.T.);
#6992 = VERTEX_POINT('',#6993);
#6993 = CARTESIAN_POINT('',(24.8713341241,44.235891216191,35.));
#6994 = SURFACE_CURVE('',#6995,(#6999,#7005),.PCURVE_S1.);
#6995 = LINE('',#6996,#6997);
#6996 = CARTESIAN_POINT('',(17.43566706205,44.235891216191,35.));
#6997 = VECTOR('',#6998,1.);
#6998 = DIRECTION('',(1.,0.,0.));
#6999 = PCURVE('',#4310,#7000);
#7000 = DEFINITIONAL_REPRESENTATION('',(#7001),#7004);
#7001 = B_SPLINE_CURVE_WITH_KNOTS('',1,(#7002,#7003),.UNSPECIFIED.,.F.,
  .F.,(2,2),(7.43566706205,8.533336968645),.PIECEWISE_BEZIER_KNOTS.);
#7002 = CARTESIAN_POINT('',(10.735905932985,0.));
#7003 = CARTESIAN_POINT('',(10.735905932985,1.097669906595));
#7004 = ( GEOMETRIC_REPRESENTATION_CONTEXT(2) 
PARAMETRIC_REPRESENTATION_CONTEXT() REPRESENTATION_CONTEXT('2D SPACE',''
  ) );
#7005 = PCURVE('',#4793,#7006);
#7006 = DEFINITIONAL_REPRESENTATION('',(#7007),#7010);
#7007 = B_SPLINE_CURVE_WITH_KNOTS('',1,(#7008,#7009),.UNSPECIFIED.,.F.,
  .F.,(2,2),(7.43566706205,8.533336968645),.PIECEWISE_BEZIER_KNOTS.);
#7008 = CARTESIAN_POINT('',(14.8713341241,9.235891216191));
#7009 = CARTESIAN_POINT('',(15.969004030695,9.235891216191));
#7010 = ( GEOMETRIC_REPRESENTATION_CONTEXT(2) 
PARAMETRIC_REPRESENTATION_CONTEXT() REPRESENTATION_CONTEXT('2D SPACE',''
  ) );
#7011 = ORIENTED_EDGE('',*,*,#7012,.T.);
#7012 = EDGE_CURVE('',#6992,#4296,#7013,.T.);
#7013 = SURFACE_CURVE('',#7014,(#7018,#7025),.PCURVE_S1.);
#7014 = LINE('',#7015,#7016);
#7015 = CARTESIAN_POINT('',(24.8713341241,44.235891216191,
    24.264094067015));
#7016 = VECTOR('',#7017,1.);
#7017 = DIRECTION('',(0.,0.,1.));
#7018 = PCURVE('',#4310,#7019);
#7019 = DEFINITIONAL_REPRESENTATION('',(#7020),#7024);
#7020 = LINE('',#7021,#7022);
#7021 = CARTESIAN_POINT('',(0.,0.));
#7022 = VECTOR('',#7023,1.);
#7023 = DIRECTION('',(1.,0.));
#7024 = ( GEOMETRIC_REPRESENTATION_CONTEXT(2) 
PARAMETRIC_REPRESENTATION_CONTEXT() REPRESENTATION_CONTEXT('2D SPACE',''
  ) );
#7025 = PCURVE('',#4336,#7026);
#7026 = DEFINITIONAL_REPRESENTATION('',(#7027),#7031);
#7027 = LINE('',#7028,#7029);
#7028 = CARTESIAN_POINT('',(0.,0.));
#7029 = VECTOR('',#7030,1.);
#7030 = DIRECTION('',(1.,0.));
#7031 = ( GEOMETRIC_REPRESENTATION_CONTEXT(2) 
PARAMETRIC_REPRESENTATION_CONTEXT() REPRESENTATION_CONTEXT('2D SPACE',''
  ) );
#7032 = ORIENTED_EDGE('',*,*,#4293,.F.);
#7033 = ADVANCED_FACE('',(#7034),#4386,.F.);
#7034 = FACE_BOUND('',#7035,.F.);
#7035 = EDGE_LOOP('',(#7036,#7037,#7058,#7079));
#7036 = ORIENTED_EDGE('',*,*,#6968,.F.);
#7037 = ORIENTED_EDGE('',*,*,#7038,.F.);
#7038 = EDGE_CURVE('',#7039,#6969,#7041,.T.);
#7039 = VERTEX_POINT('',#7040);
#7040 = CARTESIAN_POINT('',(25.969004030695,50.215660087571,35.));
#7041 = SURFACE_CURVE('',#7042,(#7046,#7052),.PCURVE_S1.);
#7042 = LINE('',#7043,#7044);
#7043 = CARTESIAN_POINT('',(25.969004030695,39.617945608095,35.));
#7044 = VECTOR('',#7045,1.);
#7045 = DIRECTION('',(0.,-1.,0.));
#7046 = PCURVE('',#4386,#7047);
#7047 = DEFINITIONAL_REPRESENTATION('',(#7048),#7051);
#7048 = B_SPLINE_CURVE_WITH_KNOTS('',1,(#7049,#7050),.UNSPECIFIED.,.F.,
  .F.,(2,2),(-10.59771447947,-4.617945608095),.PIECEWISE_BEZIER_KNOTS.);
#7049 = CARTESIAN_POINT('',(10.735905932985,-5.979768871381));
#7050 = CARTESIAN_POINT('',(10.735905932985,0.));
#7051 = ( GEOMETRIC_REPRESENTATION_CONTEXT(2) 
PARAMETRIC_REPRESENTATION_CONTEXT() REPRESENTATION_CONTEXT('2D SPACE',''
  ) );
#7052 = PCURVE('',#4793,#7053);
#7053 = DEFINITIONAL_REPRESENTATION('',(#7054),#7057);
#7054 = B_SPLINE_CURVE_WITH_KNOTS('',1,(#7055,#7056),.UNSPECIFIED.,.F.,
  .F.,(2,2),(-10.59771447947,-4.617945608095),.PIECEWISE_BEZIER_KNOTS.);
#7055 = CARTESIAN_POINT('',(15.969004030695,15.215660087571));
#7056 = CARTESIAN_POINT('',(15.969004030695,9.235891216191));
#7057 = ( GEOMETRIC_REPRESENTATION_CONTEXT(2) 
PARAMETRIC_REPRESENTATION_CONTEXT() REPRESENTATION_CONTEXT('2D SPACE',''
  ) );
#7058 = ORIENTED_EDGE('',*,*,#7059,.T.);
#7059 = EDGE_CURVE('',#7039,#4348,#7060,.T.);
#7060 = SURFACE_CURVE('',#7061,(#7065,#7072),.PCURVE_S1.);
#7061 = LINE('',#7062,#7063);
#7062 = CARTESIAN_POINT('',(25.969004030695,50.215660087571,
    24.264094067015));
#7063 = VECTOR('',#7064,1.);
#7064 = DIRECTION('',(0.,0.,1.));
#7065 = PCURVE('',#4386,#7066);
#7066 = DEFINITIONAL_REPRESENTATION('',(#7067),#7071);
#7067 = LINE('',#7068,#7069);
#7068 = CARTESIAN_POINT('',(0.,-5.979768871381));
#7069 = VECTOR('',#7070,1.);
#7070 = DIRECTION('',(1.,0.));
#7071 = ( GEOMETRIC_REPRESENTATION_CONTEXT(2) 
PARAMETRIC_REPRESENTATION_CONTEXT() REPRESENTATION_CONTEXT('2D SPACE',''
  ) );
#7072 = PCURVE('',#4362,#7073);
#7073 = DEFINITIONAL_REPRESENTATION('',(#7074),#7078);
#7074 = LINE('',#7075,#7076);
#7075 = CARTESIAN_POINT('',(0.,1.097669906595));
#7076 = VECTOR('',#7077,1.);
#7077 = DIRECTION('',(1.,0.));
#7078 = ( GEOMETRIC_REPRESENTATION_CONTEXT(2) 
PARAMETRIC_REPRESENTATION_CONTEXT() REPRESENTATION_CONTEXT('2D SPACE',''
  ) );
#7079 = ORIENTED_EDGE('',*,*,#4373,.F.);
#7080 = ADVANCED_FACE('',(#7081),#4362,.F.);
#7081 = FACE_BOUND('',#7082,.F.);
#7082 = EDGE_LOOP('',(#7083,#7084,#7105,#7126));
#7083 = ORIENTED_EDGE('',*,*,#7059,.F.);
#7084 = ORIENTED_EDGE('',*,*,#7085,.F.);
#7085 = EDGE_CURVE('',#7086,#7039,#7088,.T.);
#7086 = VERTEX_POINT('',#7087);
#7087 = CARTESIAN_POINT('',(24.8713341241,50.215660087571,35.));
#7088 = SURFACE_CURVE('',#7089,(#7093,#7099),.PCURVE_S1.);
#7089 = LINE('',#7090,#7091);
#7090 = CARTESIAN_POINT('',(17.43566706205,50.215660087571,35.));
#7091 = VECTOR('',#7092,1.);
#7092 = DIRECTION('',(1.,0.,0.));
#7093 = PCURVE('',#4362,#7094);
#7094 = DEFINITIONAL_REPRESENTATION('',(#7095),#7098);
#7095 = B_SPLINE_CURVE_WITH_KNOTS('',1,(#7096,#7097),.UNSPECIFIED.,.F.,
  .F.,(2,2),(7.43566706205,8.533336968645),.PIECEWISE_BEZIER_KNOTS.);
#7096 = CARTESIAN_POINT('',(10.735905932985,0.));
#7097 = CARTESIAN_POINT('',(10.735905932985,1.097669906595));
#7098 = ( GEOMETRIC_REPRESENTATION_CONTEXT(2) 
PARAMETRIC_REPRESENTATION_CONTEXT() REPRESENTATION_CONTEXT('2D SPACE',''
  ) );
#7099 = PCURVE('',#4793,#7100);
#7100 = DEFINITIONAL_REPRESENTATION('',(#7101),#7104);
#7101 = B_SPLINE_CURVE_WITH_KNOTS('',1,(#7102,#7103),.UNSPECIFIED.,.F.,
  .F.,(2,2),(7.43566706205,8.533336968645),.PIECEWISE_BEZIER_KNOTS.);
#7102 = CARTESIAN_POINT('',(14.8713341241,15.215660087571));
#7103 = CARTESIAN_POINT('',(15.969004030695,15.215660087571));
#7104 = ( GEOMETRIC_REPRESENTATION_CONTEXT(2) 
PARAMETRIC_REPRESENTATION_CONTEXT() REPRESENTATION_CONTEXT('2D SPACE',''
  ) );
#7105 = ORIENTED_EDGE('',*,*,#7106,.T.);
#7106 = EDGE_CURVE('',#7086,#4322,#7107,.T.);
#7107 = SURFACE_CURVE('',#7108,(#7112,#7119),.PCURVE_S1.);
#7108 = LINE('',#7109,#7110);
#7109 = CARTESIAN_POINT('',(24.8713341241,50.215660087571,
    24.264094067015));
#7110 = VECTOR('',#7111,1.);
#7111 = DIRECTION('',(0.,0.,1.));
#7112 = PCURVE('',#4362,#7113);
#7113 = DEFINITIONAL_REPRESENTATION('',(#7114),#7118);
#7114 = LINE('',#7115,#7116);
#7115 = CARTESIAN_POINT('',(0.,0.));
#7116 = VECTOR('',#7117,1.);
#7117 = DIRECTION('',(1.,0.));
#7118 = ( GEOMETRIC_REPRESENTATION_CONTEXT(2) 
PARAMETRIC_REPRESENTATION_CONTEXT() REPRESENTATION_CONTEXT('2D SPACE',''
  ) );
#7119 = PCURVE('',#4336,#7120);
#7120 = DEFINITIONAL_REPRESENTATION('',(#7121),#7125);
#7121 = LINE('',#7122,#7123);
#7122 = CARTESIAN_POINT('',(0.,-5.979768871381));
#7123 = VECTOR('',#7124,1.);
#7124 = DIRECTION('',(1.,0.));
#7125 = ( GEOMETRIC_REPRESENTATION_CONTEXT(2) 
PARAMETRIC_REPRESENTATION_CONTEXT() REPRESENTATION_CONTEXT('2D SPACE',''
  ) );
#7126 = ORIENTED_EDGE('',*,*,#4347,.F.);
#7127 = ADVANCED_FACE('',(#7128),#4336,.T.);
#7128 = FACE_BOUND('',#7129,.T.);
#7129 = EDGE_LOOP('',(#7130,#7131,#7150,#7151));
#7130 = ORIENTED_EDGE('',*,*,#7012,.F.);
#7131 = ORIENTED_EDGE('',*,*,#7132,.F.);
#7132 = EDGE_CURVE('',#7086,#6992,#7133,.T.);
#7133 = SURFACE_CURVE('',#7134,(#7138,#7144),.PCURVE_S1.);
#7134 = LINE('',#7135,#7136);
#7135 = CARTESIAN_POINT('',(24.8713341241,39.617945608095,35.));
#7136 = VECTOR('',#7137,1.);
#7137 = DIRECTION('',(0.,-1.,0.));
#7138 = PCURVE('',#4336,#7139);
#7139 = DEFINITIONAL_REPRESENTATION('',(#7140),#7143);
#7140 = B_SPLINE_CURVE_WITH_KNOTS('',1,(#7141,#7142),.UNSPECIFIED.,.F.,
  .F.,(2,2),(-10.59771447947,-4.617945608095),.PIECEWISE_BEZIER_KNOTS.);
#7141 = CARTESIAN_POINT('',(10.735905932985,-5.979768871381));
#7142 = CARTESIAN_POINT('',(10.735905932985,0.));
#7143 = ( GEOMETRIC_REPRESENTATION_CONTEXT(2) 
PARAMETRIC_REPRESENTATION_CONTEXT() REPRESENTATION_CONTEXT('2D SPACE',''
  ) );
#7144 = PCURVE('',#4793,#7145);
#7145 = DEFINITIONAL_REPRESENTATION('',(#7146),#7149);
#7146 = B_SPLINE_CURVE_WITH_KNOTS('',1,(#7147,#7148),.UNSPECIFIED.,.F.,
  .F.,(2,2),(-10.59771447947,-4.617945608095),.PIECEWISE_BEZIER_KNOTS.);
#7147 = CARTESIAN_POINT('',(14.8713341241,15.215660087571));
#7148 = CARTESIAN_POINT('',(14.8713341241,9.235891216191));
#7149 = ( GEOMETRIC_REPRESENTATION_CONTEXT(2) 
PARAMETRIC_REPRESENTATION_CONTEXT() REPRESENTATION_CONTEXT('2D SPACE',''
  ) );
#7150 = ORIENTED_EDGE('',*,*,#7106,.T.);
#7151 = ORIENTED_EDGE('',*,*,#4321,.F.);
#7152 = ADVANCED_FACE('',(#7153),#4439,.F.);
#7153 = FACE_BOUND('',#7154,.F.);
#7154 = EDGE_LOOP('',(#7155,#7156,#7157,#7158));
#7155 = ORIENTED_EDGE('',*,*,#6259,.F.);
#7156 = ORIENTED_EDGE('',*,*,#4451,.F.);
#7157 = ORIENTED_EDGE('',*,*,#4423,.T.);
#7158 = ORIENTED_EDGE('',*,*,#4523,.F.);
#7159 = ADVANCED_FACE('',(#7160),#4560,.F.);
#7160 = FACE_BOUND('',#7161,.F.);
#7161 = EDGE_LOOP('',(#7162,#7183,#7184,#7185));
#7162 = ORIENTED_EDGE('',*,*,#7163,.F.);
#7163 = EDGE_CURVE('',#4927,#6212,#7164,.T.);
#7164 = SURFACE_CURVE('',#7165,(#7169,#7176),.PCURVE_S1.);
#7165 = LINE('',#7166,#7167);
#7166 = CARTESIAN_POINT('',(10.,35.,15.));
#7167 = VECTOR('',#7168,1.);
#7168 = DIRECTION('',(1.,0.,-0.));
#7169 = PCURVE('',#4560,#7170);
#7170 = DEFINITIONAL_REPRESENTATION('',(#7171),#7175);
#7171 = LINE('',#7172,#7173);
#7172 = CARTESIAN_POINT('',(0.,10.));
#7173 = VECTOR('',#7174,1.);
#7174 = DIRECTION('',(1.,0.));
#7175 = ( GEOMETRIC_REPRESENTATION_CONTEXT(2) 
PARAMETRIC_REPRESENTATION_CONTEXT() REPRESENTATION_CONTEXT('2D SPACE',''
  ) );
#7176 = PCURVE('',#4962,#7177);
#7177 = DEFINITIONAL_REPRESENTATION('',(#7178),#7182);
#7178 = LINE('',#7179,#7180);
#7179 = CARTESIAN_POINT('',(15.,0.));
#7180 = VECTOR('',#7181,1.);
#7181 = DIRECTION('',(0.,1.));
#7182 = ( GEOMETRIC_REPRESENTATION_CONTEXT(2) 
PARAMETRIC_REPRESENTATION_CONTEXT() REPRESENTATION_CONTEXT('2D SPACE',''
  ) );
#7183 = ORIENTED_EDGE('',*,*,#4926,.F.);
#7184 = ORIENTED_EDGE('',*,*,#4545,.T.);
#7185 = ORIENTED_EDGE('',*,*,#6211,.T.);
#7186 = ADVANCED_FACE('',(#7187,#7193,#7209),#4793,.F.);
#7187 = FACE_BOUND('',#7188,.F.);
#7188 = EDGE_LOOP('',(#7189,#7190,#7191,#7192));
#7189 = ORIENTED_EDGE('',*,*,#6285,.F.);
#7190 = ORIENTED_EDGE('',*,*,#4778,.T.);
#7191 = ORIENTED_EDGE('',*,*,#4829,.T.);
#7192 = ORIENTED_EDGE('',*,*,#4880,.F.);
#7193 = FACE_BOUND('',#7194,.F.);
#7194 = EDGE_LOOP('',(#7195,#7196,#7197,#7198,#7199,#7200,#7201,#7202,
    #7203,#7204,#7205,#7206,#7207,#7208));
#7195 = ORIENTED_EDGE('',*,*,#6333,.F.);
#7196 = ORIENTED_EDGE('',*,*,#6945,.F.);
#7197 = ORIENTED_EDGE('',*,*,#6919,.F.);
#7198 = ORIENTED_EDGE('',*,*,#6850,.T.);
#7199 = ORIENTED_EDGE('',*,*,#6802,.T.);
#7200 = ORIENTED_EDGE('',*,*,#6755,.T.);
#7201 = ORIENTED_EDGE('',*,*,#6709,.T.);
#7202 = ORIENTED_EDGE('',*,*,#6661,.F.);
#7203 = ORIENTED_EDGE('',*,*,#6615,.T.);
#7204 = ORIENTED_EDGE('',*,*,#6590,.F.);
#7205 = ORIENTED_EDGE('',*,*,#6543,.F.);
#7206 = ORIENTED_EDGE('',*,*,#6497,.F.);
#7207 = ORIENTED_EDGE('',*,*,#6427,.T.);
#7208 = ORIENTED_EDGE('',*,*,#6402,.F.);
#7209 = FACE_BOUND('',#7210,.F.);
#7210 = EDGE_LOOP('',(#7211,#7212,#7213,#7214));
#7211 = ORIENTED_EDGE('',*,*,#6991,.F.);
#7212 = ORIENTED_EDGE('',*,*,#7132,.F.);
#7213 = ORIENTED_EDGE('',*,*,#7085,.T.);
#7214 = ORIENTED_EDGE('',*,*,#7038,.T.);
#7215 = ADVANCED_FACE('',(#7216),#4962,.T.);
#7216 = FACE_BOUND('',#7217,.T.);
#7217 = EDGE_LOOP('',(#7218,#7219,#7220,#7221));
#7218 = ORIENTED_EDGE('',*,*,#7163,.F.);
#7219 = ORIENTED_EDGE('',*,*,#4947,.F.);
#7220 = ORIENTED_EDGE('',*,*,#6166,.F.);
#7221 = ORIENTED_EDGE('',*,*,#6232,.F.);
#7222 = ADVANCED_FACE('',(#7223),#5092,.T.);
#7223 = FACE_BOUND('',#7224,.T.);
#7224 = EDGE_LOOP('',(#7225,#7226,#7227,#7228,#7229,#7230,#7251,#7252,
    #7253,#7254));
#7225 = ORIENTED_EDGE('',*,*,#5748,.T.);
#7226 = ORIENTED_EDGE('',*,*,#5819,.F.);
#7227 = ORIENTED_EDGE('',*,*,#5890,.F.);
#7228 = ORIENTED_EDGE('',*,*,#5918,.T.);
#7229 = ORIENTED_EDGE('',*,*,#5076,.T.);
#7230 = ORIENTED_EDGE('',*,*,#7231,.F.);
#7231 = EDGE_CURVE('',#5203,#5049,#7232,.T.);
#7232 = SURFACE_CURVE('',#7233,(#7237,#7244),.PCURVE_S1.);
#7233 = LINE('',#7234,#7235);
#7234 = CARTESIAN_POINT('',(24.119501976518,23.287104885514,
    34.426909120446));
#7235 = VECTOR('',#7236,1.);
#7236 = DIRECTION('',(-1.,0.,0.));
#7237 = PCURVE('',#5092,#7238);
#7238 = DEFINITIONAL_REPRESENTATION('',(#7239),#7243);
#7239 = LINE('',#7240,#7241);
#7240 = CARTESIAN_POINT('',(2.212176780754,3.191384455705E-02));
#7241 = VECTOR('',#7242,1.);
#7242 = DIRECTION('',(-1.,0.));
#7243 = ( GEOMETRIC_REPRESENTATION_CONTEXT(2) 
PARAMETRIC_REPRESENTATION_CONTEXT() REPRESENTATION_CONTEXT('2D SPACE',''
  ) );
#7244 = PCURVE('',#5064,#7245);
#7245 = DEFINITIONAL_REPRESENTATION('',(#7246),#7250);
#7246 = LINE('',#7247,#7248);
#7247 = CARTESIAN_POINT('',(2.382334944373,-2.212176780754));
#7248 = VECTOR('',#7249,1.);
#7249 = DIRECTION('',(0.,-1.));
#7250 = ( GEOMETRIC_REPRESENTATION_CONTEXT(2) 
PARAMETRIC_REPRESENTATION_CONTEXT() REPRESENTATION_CONTEXT('2D SPACE',''
  ) );
#7251 = ORIENTED_EDGE('',*,*,#5225,.F.);
#7252 = ORIENTED_EDGE('',*,*,#5297,.T.);
#7253 = ORIENTED_EDGE('',*,*,#5401,.T.);
#7254 = ORIENTED_EDGE('',*,*,#7255,.F.);
#7255 = EDGE_CURVE('',#5724,#5374,#7256,.T.);
#7256 = SURFACE_CURVE('',#7257,(#7261,#7268),.PCURVE_S1.);
#7257 = LINE('',#7258,#7259);
#7258 = CARTESIAN_POINT('',(25.227008649216,23.58335180301,
    34.426909120446));
#7259 = VECTOR('',#7260,1.);
#7260 = DIRECTION('',(-1.,0.,0.));
#7261 = PCURVE('',#5092,#7262);
#7262 = DEFINITIONAL_REPRESENTATION('',(#7263),#7267);
#7263 = LINE('',#7264,#7265);
#7264 = CARTESIAN_POINT('',(3.319683453452,0.328160762053));
#7265 = VECTOR('',#7266,1.);
#7266 = DIRECTION('',(-1.,0.));
#7267 = ( GEOMETRIC_REPRESENTATION_CONTEXT(2) 
PARAMETRIC_REPRESENTATION_CONTEXT() REPRESENTATION_CONTEXT('2D SPACE',''
  ) );
#7268 = PCURVE('',#5389,#7269);
#7269 = DEFINITIONAL_REPRESENTATION('',(#7270),#7274);
#7270 = LINE('',#7271,#7272);
#7271 = CARTESIAN_POINT('',(4.051232265983,-3.319683453452));
#7272 = VECTOR('',#7273,1.);
#7273 = DIRECTION('',(0.,-1.));
#7274 = ( GEOMETRIC_REPRESENTATION_CONTEXT(2) 
PARAMETRIC_REPRESENTATION_CONTEXT() REPRESENTATION_CONTEXT('2D SPACE',''
  ) );
#7275 = ADVANCED_FACE('',(#7276),#5064,.F.);
#7276 = FACE_BOUND('',#7277,.F.);
#7277 = EDGE_LOOP('',(#7278,#7279,#7300,#7301));
#7278 = ORIENTED_EDGE('',*,*,#5202,.F.);
#7279 = ORIENTED_EDGE('',*,*,#7280,.F.);
#7280 = EDGE_CURVE('',#5021,#5180,#7281,.T.);
#7281 = SURFACE_CURVE('',#7282,(#7286,#7293),.PCURVE_S1.);
#7282 = LINE('',#7283,#7284);
#7283 = CARTESIAN_POINT('',(26.331678757271,23.287104885514,
    32.044574176073));
#7284 = VECTOR('',#7285,1.);
#7285 = DIRECTION('',(1.,0.,0.));
#7286 = PCURVE('',#5064,#7287);
#7287 = DEFINITIONAL_REPRESENTATION('',(#7288),#7292);
#7288 = LINE('',#7289,#7290);
#7289 = CARTESIAN_POINT('',(0.,0.));
#7290 = VECTOR('',#7291,1.);
#7291 = DIRECTION('',(0.,1.));
#7292 = ( GEOMETRIC_REPRESENTATION_CONTEXT(2) 
PARAMETRIC_REPRESENTATION_CONTEXT() REPRESENTATION_CONTEXT('2D SPACE',''
  ) );
#7293 = PCURVE('',#5036,#7294);
#7294 = DEFINITIONAL_REPRESENTATION('',(#7295),#7299);
#7295 = LINE('',#7296,#7297);
#7296 = CARTESIAN_POINT('',(0.,5.384818150762));
#7297 = VECTOR('',#7298,1.);
#7298 = DIRECTION('',(1.,0.));
#7299 = ( GEOMETRIC_REPRESENTATION_CONTEXT(2) 
PARAMETRIC_REPRESENTATION_CONTEXT() REPRESENTATION_CONTEXT('2D SPACE',''
  ) );
#7300 = ORIENTED_EDGE('',*,*,#5048,.T.);
#7301 = ORIENTED_EDGE('',*,*,#7231,.F.);
#7302 = ADVANCED_FACE('',(#7303),#5036,.T.);
#7303 = FACE_BOUND('',#7304,.T.);
#7304 = EDGE_LOOP('',(#7305,#7306,#7307,#7308));
#7305 = ORIENTED_EDGE('',*,*,#5020,.F.);
#7306 = ORIENTED_EDGE('',*,*,#5152,.T.);
#7307 = ORIENTED_EDGE('',*,*,#5179,.T.);
#7308 = ORIENTED_EDGE('',*,*,#7280,.F.);
#7309 = ADVANCED_FACE('',(#7310),#5389,.F.);
#7310 = FACE_BOUND('',#7311,.F.);
#7311 = EDGE_LOOP('',(#7312,#7313,#7334,#7335,#7336,#7337));
#7312 = ORIENTED_EDGE('',*,*,#5500,.F.);
#7313 = ORIENTED_EDGE('',*,*,#7314,.F.);
#7314 = EDGE_CURVE('',#5346,#5478,#7315,.T.);
#7315 = SURFACE_CURVE('',#7316,(#7320,#7327),.PCURVE_S1.);
#7316 = LINE('',#7317,#7318);
#7317 = CARTESIAN_POINT('',(28.546692102668,23.58335180301,
    30.375676854463));
#7318 = VECTOR('',#7319,1.);
#7319 = DIRECTION('',(1.,0.,0.));
#7320 = PCURVE('',#5389,#7321);
#7321 = DEFINITIONAL_REPRESENTATION('',(#7322),#7326);
#7322 = LINE('',#7323,#7324);
#7323 = CARTESIAN_POINT('',(0.,0.));
#7324 = VECTOR('',#7325,1.);
#7325 = DIRECTION('',(0.,1.));
#7326 = ( GEOMETRIC_REPRESENTATION_CONTEXT(2) 
PARAMETRIC_REPRESENTATION_CONTEXT() REPRESENTATION_CONTEXT('2D SPACE',''
  ) );
#7327 = PCURVE('',#5361,#7328);
#7328 = DEFINITIONAL_REPRESENTATION('',(#7329),#7333);
#7329 = LINE('',#7330,#7331);
#7330 = CARTESIAN_POINT('',(0.,2.801605518458));
#7331 = VECTOR('',#7332,1.);
#7332 = DIRECTION('',(1.,0.));
#7333 = ( GEOMETRIC_REPRESENTATION_CONTEXT(2) 
PARAMETRIC_REPRESENTATION_CONTEXT() REPRESENTATION_CONTEXT('2D SPACE',''
  ) );
#7334 = ORIENTED_EDGE('',*,*,#5373,.T.);
#7335 = ORIENTED_EDGE('',*,*,#7255,.F.);
#7336 = ORIENTED_EDGE('',*,*,#5723,.T.);
#7337 = ORIENTED_EDGE('',*,*,#7338,.F.);
#7338 = EDGE_CURVE('',#5501,#5726,#7339,.T.);
#7339 = SURFACE_CURVE('',#7340,(#7344,#7351),.PCURVE_S1.);
#7340 = LINE('',#7341,#7342);
#7341 = CARTESIAN_POINT('',(28.346012502052,23.58335180301,
    34.601459778827));
#7342 = VECTOR('',#7343,1.);
#7343 = DIRECTION('',(-1.,0.,0.));
#7344 = PCURVE('',#5389,#7345);
#7345 = DEFINITIONAL_REPRESENTATION('',(#7346),#7350);
#7346 = LINE('',#7347,#7348);
#7347 = CARTESIAN_POINT('',(4.225782924364,-0.200679600616));
#7348 = VECTOR('',#7349,1.);
#7349 = DIRECTION('',(0.,-1.));
#7350 = ( GEOMETRIC_REPRESENTATION_CONTEXT(2) 
PARAMETRIC_REPRESENTATION_CONTEXT() REPRESENTATION_CONTEXT('2D SPACE',''
  ) );
#7351 = PCURVE('',#5539,#7352);
#7352 = DEFINITIONAL_REPRESENTATION('',(#7353),#7357);
#7353 = LINE('',#7354,#7355);
#7354 = CARTESIAN_POINT('',(0.200679600616,0.316735549242));
#7355 = VECTOR('',#7356,1.);
#7356 = DIRECTION('',(-1.,0.));
#7357 = ( GEOMETRIC_REPRESENTATION_CONTEXT(2) 
PARAMETRIC_REPRESENTATION_CONTEXT() REPRESENTATION_CONTEXT('2D SPACE',''
  ) );
#7358 = ADVANCED_FACE('',(#7359),#5361,.T.);
#7359 = FACE_BOUND('',#7360,.T.);
#7360 = EDGE_LOOP('',(#7361,#7362,#7363,#7364));
#7361 = ORIENTED_EDGE('',*,*,#5345,.F.);
#7362 = ORIENTED_EDGE('',*,*,#5450,.T.);
#7363 = ORIENTED_EDGE('',*,*,#5477,.T.);
#7364 = ORIENTED_EDGE('',*,*,#7314,.F.);
#7365 = ADVANCED_FACE('',(#7366),#5539,.T.);
#7366 = FACE_BOUND('',#7367,.T.);
#7367 = EDGE_LOOP('',(#7368,#7369,#7370,#7371,#7372,#7373));
#7368 = ORIENTED_EDGE('',*,*,#5674,.F.);
#7369 = ORIENTED_EDGE('',*,*,#5794,.T.);
#7370 = ORIENTED_EDGE('',*,*,#7338,.F.);
#7371 = ORIENTED_EDGE('',*,*,#5523,.F.);
#7372 = ORIENTED_EDGE('',*,*,#5576,.T.);
#7373 = ORIENTED_EDGE('',*,*,#5626,.T.);
#7374 = ADVANCED_FACE('',(#7375),#5982,.T.);
#7375 = FACE_BOUND('',#7376,.T.);
#7376 = EDGE_LOOP('',(#7377,#7378,#7379,#7380));
#7377 = ORIENTED_EDGE('',*,*,#6118,.F.);
#7378 = ORIENTED_EDGE('',*,*,#5966,.T.);
#7379 = ORIENTED_EDGE('',*,*,#6020,.T.);
#7380 = ORIENTED_EDGE('',*,*,#6069,.F.);
#7381 = ( GEOMETRIC_REPRESENTATION_CONTEXT(3) 
GLOBAL_UNCERTAINTY_ASSIGNED_CONTEXT((#7385)) 
GLOBAL_UNIT_ASSIGNED_CONTEXT((#7382,#7383,#7384)) REPRESENTATION_CONTEXT
('Context #1','3D Context with UNIT and UNCERTAINTY') );
#7382 = ( LENGTH_UNIT() NAMED_UNIT(*) SI_UNIT(.MILLI.,.METRE.) );
#7383 = ( NAMED_UNIT(*) PLANE_ANGLE_UNIT() SI_UNIT($,.RADIAN.) );
#7384 = ( NAMED_UNIT(*) SI_UNIT($,.STERADIAN.) SOLID_ANGLE_UNIT() );
#7385 = UNCERTAINTY_MEASURE_WITH_UNIT(LENGTH_MEASURE(1.E-07),#7382,
  'distance_accuracy_value','confusion accuracy');
#7386 = PRODUCT_RELATED_PRODUCT_CATEGORY('part',$,(#7));
ENDSEC;
END-ISO-10303-21;
